experiment,feature_set,model,accuracy,balanced_accuracy,roc_auc,pr_auc,f1,precision,recall_sensitivity,specificity,tp,fp,tn,fn,fold
majority_class,t0_only,majority_class,0.639344262295082,0.5,0.5,0.36065573770491804,0.0,0.0,0.0,1.0,0,0,39,22,1
majority_class,t0_only,majority_class,0.6333333333333333,0.5,0.5,0.36666666666666664,0.0,0.0,0.0,1.0,0,0,38,22,2
majority_class,t0_only,majority_class,0.6333333333333333,0.5,0.5,0.36666666666666664,0.0,0.0,0.0,1.0,0,0,38,22,3
majority_class,t0_only,majority_class,0.6333333333333333,0.5,0.5,0.36666666666666664,0.0,0.0,0.0,1.0,0,0,38,22,4
majority_class,t0_only,majority_class,0.6333333333333333,0.5,0.5,0.36666666666666664,0.0,0.0,0.0,1.0,0,0,38,22,5
majority_class,t0_only,majority_class,0.639344262295082,0.5,0.5,0.36065573770491804,0.0,0.0,0.0,1.0,0,0,39,22,6
majority_class,t0_only,majority_class,0.6333333333333333,0.5,0.5,0.36666666666666664,0.0,0.0,0.0,1.0,0,0,38,22,7
majority_class,t0_only,majority_class,0.6333333333333333,0.5,0.5,0.36666666666666664,0.0,0.0,0.0,1.0,0,0,38,22,8
majority_class,t0_only,majority_class,0.6333333333333333,0.5,0.5,0.36666666666666664,0.0,0.0,0.0,1.0,0,0,38,22,9
majority_class,t0_only,majority_class,0.6333333333333333,0.5,0.5,0.36666666666666664,0.0,0.0,0.0,1.0,0,0,38,22,10
majority_class,t0_only,majority_class,0.639344262295082,0.5,0.5,0.36065573770491804,0.0,0.0,0.0,1.0,0,0,39,22,11
majority_class,t0_only,majority_class,0.6333333333333333,0.5,0.5,0.36666666666666664,0.0,0.0,0.0,1.0,0,0,38,22,12
majority_class,t0_only,majority_class,0.6333333333333333,0.5,0.5,0.36666666666666664,0.0,0.0,0.0,1.0,0,0,38,22,13
majority_class,t0_only,majority_class,0.6333333333333333,0.5,0.5,0.36666666666666664,0.0,0.0,0.0,1.0,0,0,38,22,14
majority_class,t0_only,majority_class,0.6333333333333333,0.5,0.5,0.36666666666666664,0.0,0.0,0.0,1.0,0,0,38,22,15
logreg_l2_t0_only,t0_only,logreg_l2,0.8360655737704918,0.842074592074592,0.8904428904428905,0.8914790252480826,0.7916666666666666,0.7307692307692307,0.8636363636363636,0.8205128205128205,19,7,32,3,1
logreg_l2_t0_only,t0_only,logreg_l2,0.8333333333333334,0.8301435406698565,0.895933014354067,0.9029706762069583,0.782608695652174,0.75,0.8181818181818182,0.8421052631578947,18,6,32,4,2
logreg_l2_t0_only,t0_only,logreg_l2,0.8166666666666667,0.8169856459330144,0.8899521531100477,0.8631832292168455,0.7659574468085106,0.72,0.8181818181818182,0.8157894736842105,18,7,31,4,3
logreg_l2_t0_only,t0_only,logreg_l2,0.7666666666666667,0.7583732057416268,0.8504784688995216,0.8115663668302016,0.6956521739130435,0.6666666666666666,0.7272727272727273,0.7894736842105263,16,8,30,6,4
logreg_l2_t0_only,t0_only,logreg_l2,0.8833333333333333,0.8791866028708134,0.9090909090909091,0.8820641145304013,0.8444444444444444,0.8260869565217391,0.8636363636363636,0.8947368421052632,19,4,34,3,5
logreg_l2_t0_only,t0_only,logreg_l2,0.7377049180327869,0.7354312354312355,0.8461538461538463,0.8131397454079954,0.6666666666666666,0.6153846153846154,0.7272727272727273,0.7435897435897436,16,10,29,6,6
logreg_l2_t0_only,t0_only,logreg_l2,0.85,0.8433014354066986,0.9282296650717703,0.9129791669458851,0.8,0.782608695652174,0.8181818181818182,0.868421052631579,18,5,33,4,7
logreg_l2_t0_only,t0_only,logreg_l2,0.7666666666666667,0.7392344497607655,0.8648325358851675,0.8314582367200942,0.6666666666666666,0.7,0.6363636363636364,0.8421052631578947,14,6,32,8,8
logreg_l2_t0_only,t0_only,logreg_l2,0.85,0.8241626794258373,0.8732057416267942,0.8750426795663366,0.7804878048780488,0.8421052631578947,0.7272727272727273,0.9210526315789473,16,3,35,6,9
logreg_l2_t0_only,t0_only,logreg_l2,0.8166666666666667,0.8265550239234449,0.9090909090909092,0.8631048287064329,0.7755102040816326,0.7037037037037037,0.8636363636363636,0.7894736842105263,19,8,30,3,10
logreg_l2_t0_only,t0_only,logreg_l2,0.7049180327868853,0.6404428904428905,0.7797202797202798,0.7047249466169272,0.5,0.6428571428571429,0.4090909090909091,0.8717948717948718,9,5,34,13,11
logreg_l2_t0_only,t0_only,logreg_l2,0.8166666666666667,0.8074162679425837,0.9078947368421053,0.8607252622147754,0.7555555555555555,0.7391304347826086,0.7727272727272727,0.8421052631578947,17,6,32,5,12
logreg_l2_t0_only,t0_only,logreg_l2,0.8,0.8133971291866029,0.8983253588516746,0.8759053222808293,0.76,0.6785714285714286,0.8636363636363636,0.7631578947368421,19,9,29,3,13
logreg_l2_t0_only,t0_only,logreg_l2,0.7166666666666667,0.7188995215311005,0.8588516746411483,0.819645117160791,0.6530612244897959,0.5925925925925926,0.7272727272727273,0.7105263157894737,16,11,27,6,14
logreg_l2_t0_only,t0_only,logreg_l2,0.9,0.9019138755980861,0.9449760765550239,0.9412903047152517,0.8695652173913043,0.8333333333333334,0.9090909090909091,0.8947368421052632,20,4,34,2,15
logreg_l2_t1_only,t1_only,logreg_l2,0.819672131147541,0.8391608391608392,0.8764568764568765,0.8114920299162185,0.7843137254901961,0.6896551724137931,0.9090909090909091,0.7692307692307693,20,9,30,2,1
logreg_l2_t1_only,t1_only,logreg_l2,0.6666666666666666,0.6794258373205742,0.7787081339712919,0.761479073681729,0.6153846153846154,0.5333333333333333,0.7272727272727273,0.631578947368421,16,14,24,6,2
logreg_l2_t1_only,t1_only,logreg_l2,0.8333333333333334,0.8301435406698565,0.9246411483253588,0.9085397774798676,0.782608695652174,0.75,0.8181818181818182,0.8421052631578947,18,6,32,4,3
logreg_l2_t1_only,t1_only,logreg_l2,0.8,0.7942583732057416,0.8744019138755981,0.8552466375916032,0.7391304347826086,0.7083333333333334,0.7727272727272727,0.8157894736842105,17,7,31,5,4
logreg_l2_t1_only,t1_only,logreg_l2,0.75,0.7260765550239234,0.8133971291866029,0.7494402585059592,0.6511627906976745,0.6666666666666666,0.6363636363636364,0.8157894736842105,14,7,31,8,5
logreg_l2_t1_only,t1_only,logreg_l2,0.7540983606557377,0.7482517482517483,0.837995337995338,0.8267974248705472,0.6808510638297872,0.64,0.7272727272727273,0.7692307692307693,16,9,30,6,6
logreg_l2_t1_only,t1_only,logreg_l2,0.7,0.6770334928229665,0.8050239234449762,0.7859031448084259,0.5909090909090909,0.5909090909090909,0.5909090909090909,0.7631578947368421,13,9,29,9,7
logreg_l2_t1_only,t1_only,logreg_l2,0.7833333333333333,0.7715311004784688,0.8767942583732058,0.8534351099784685,0.7111111111111111,0.6956521739130435,0.7272727272727273,0.8157894736842105,16,7,31,6,8
logreg_l2_t1_only,t1_only,logreg_l2,0.8166666666666667,0.8169856459330144,0.8480861244019139,0.821919917028276,0.7659574468085106,0.72,0.8181818181818182,0.8157894736842105,18,7,31,4,9
logreg_l2_t1_only,t1_only,logreg_l2,0.75,0.7643540669856459,0.8433014354066986,0.7830852721990786,0.7058823529411765,0.6206896551724138,0.8181818181818182,0.7105263157894737,18,11,27,4,10
logreg_l2_t1_only,t1_only,logreg_l2,0.7868852459016393,0.7738927738927739,0.8543123543123543,0.8205252040714421,0.7111111111111111,0.6956521739130435,0.7272727272727273,0.8205128205128205,16,7,32,6,11
logreg_l2_t1_only,t1_only,logreg_l2,0.7666666666666667,0.777511961722488,0.8492822966507176,0.7774797723660594,0.72,0.6428571428571429,0.8181818181818182,0.7368421052631579,18,10,28,4,12
logreg_l2_t1_only,t1_only,logreg_l2,0.8,0.8229665071770335,0.930622009569378,0.9196250579471328,0.7692307692307693,0.6666666666666666,0.9090909090909091,0.7368421052631579,20,10,28,2,13
logreg_l2_t1_only,t1_only,logreg_l2,0.7166666666666667,0.6997607655502392,0.7882775119617225,0.7526947082963349,0.6222222222222222,0.6086956521739131,0.6363636363636364,0.7631578947368421,14,9,29,8,14
logreg_l2_t1_only,t1_only,logreg_l2,0.8,0.784688995215311,0.8911483253588517,0.8760024325623437,0.7272727272727273,0.7272727272727273,0.7272727272727273,0.8421052631578947,16,6,32,6,15
logreg_l2_t0_t1,t0_t1,logreg_l2,0.8852459016393442,0.8904428904428905,0.9032634032634035,0.8338958990517126,0.851063829787234,0.8,0.9090909090909091,0.8717948717948718,20,5,34,2,1
logreg_l2_t0_t1,t0_t1,logreg_l2,0.8,0.8038277511961722,0.8576555023923446,0.8510444743471759,0.75,0.6923076923076923,0.8181818181818182,0.7894736842105263,18,8,30,4,2
logreg_l2_t0_t1,t0_t1,logreg_l2,0.8333333333333334,0.8492822966507176,0.9485645933014355,0.9188335980325144,0.8,0.7142857142857143,0.9090909090909091,0.7894736842105263,20,8,30,2,3
logreg_l2_t0_t1,t0_t1,logreg_l2,0.8,0.7751196172248804,0.8899521531100479,0.8698768423062484,0.7142857142857143,0.75,0.6818181818181818,0.868421052631579,15,5,33,7,4
logreg_l2_t0_t1,t0_t1,logreg_l2,0.8166666666666667,0.8169856459330144,0.910287081339713,0.899368425693283,0.7659574468085106,0.72,0.8181818181818182,0.8157894736842105,18,7,31,4,5
logreg_l2_t0_t1,t0_t1,logreg_l2,0.7868852459016393,0.7937062937062938,0.8892773892773893,0.8750063843015807,0.7346938775510204,0.6666666666666666,0.8181818181818182,0.7692307692307693,18,9,30,4,6
logreg_l2_t0_t1,t0_t1,logreg_l2,0.8666666666666667,0.8564593301435407,0.9138755980861244,0.895138175437364,0.8181818181818182,0.8181818181818182,0.8181818181818182,0.8947368421052632,18,4,34,4,7
logreg_l2_t0_t1,t0_t1,logreg_l2,0.85,0.8337320574162679,0.9126794258373205,0.8955234397102179,0.7906976744186046,0.8095238095238095,0.7727272727272727,0.8947368421052632,17,4,34,5,8
logreg_l2_t0_t1,t0_t1,logreg_l2,0.8333333333333334,0.8397129186602871,0.8923444976076556,0.8865404890946686,0.7916666666666666,0.7307692307692307,0.8636363636363636,0.8157894736842105,19,7,31,3,9
logreg_l2_t0_t1,t0_t1,logreg_l2,0.8666666666666667,0.8755980861244019,0.916267942583732,0.8802162166474625,0.8333333333333334,0.7692307692307693,0.9090909090909091,0.8421052631578947,20,6,32,2,10
logreg_l2_t0_t1,t0_t1,logreg_l2,0.819672131147541,0.7995337995337995,0.8484848484848484,0.8184267770158788,0.7441860465116279,0.7619047619047619,0.7272727272727273,0.8717948717948718,16,5,34,6,11
logreg_l2_t0_t1,t0_t1,logreg_l2,0.8166666666666667,0.8265550239234449,0.9019138755980861,0.8453166064778366,0.7755102040816326,0.7037037037037037,0.8636363636363636,0.7894736842105263,19,8,30,3,12
logreg_l2_t0_t1,t0_t1,logreg_l2,0.8333333333333334,0.8588516746411483,0.9449760765550239,0.9539640217311549,0.8076923076923077,0.7,0.9545454545454546,0.7631578947368421,21,9,29,1,13
logreg_l2_t0_t1,t0_t1,logreg_l2,0.7,0.7248803827751196,0.8708133971291866,0.8290976907499226,0.6666666666666666,0.5625,0.8181818181818182,0.631578947368421,18,14,24,4,14
logreg_l2_t0_t1,t0_t1,logreg_l2,0.8333333333333334,0.8397129186602871,0.9389952153110047,0.9173220981735524,0.7916666666666666,0.7307692307692307,0.8636363636363636,0.8157894736842105,19,7,31,3,15
linear_svc_t0_only,t0_only,linear_svc_l2,0.7868852459016393,0.7045454545454546,0.881118881118881,0.8686904014718537,0.5806451612903226,1.0,0.4090909090909091,1.0,9,0,39,13,1
linear_svc_t0_only,t0_only,linear_svc_l2,0.8,0.7272727272727273,0.8923444976076556,0.8927205777215657,0.625,1.0,0.45454545454545453,1.0,10,0,38,12,2
linear_svc_t0_only,t0_only,linear_svc_l2,0.7833333333333333,0.7141148325358851,0.881578947368421,0.8604611297793114,0.6060606060606061,0.9090909090909091,0.45454545454545453,0.9736842105263158,10,1,37,12,3
linear_svc_t0_only,t0_only,linear_svc_l2,0.7666666666666667,0.6913875598086124,0.8576555023923444,0.8194457643866593,0.5625,0.9,0.4090909090909091,0.9736842105263158,9,1,37,13,4
linear_svc_t0_only,t0_only,linear_svc_l2,0.7666666666666667,0.6818181818181819,0.8971291866028708,0.8796027705794711,0.5333333333333333,1.0,0.36363636363636365,1.0,8,0,38,14,5
linear_svc_t0_only,t0_only,linear_svc_l2,0.7704918032786885,0.6818181818181819,0.8496503496503496,0.8224739989817202,0.5333333333333333,1.0,0.36363636363636365,1.0,8,0,39,14,6
linear_svc_t0_only,t0_only,linear_svc_l2,0.75,0.6590909090909091,0.9162679425837321,0.9029461259296436,0.4827586206896552,1.0,0.3181818181818182,1.0,7,0,38,15,7
linear_svc_t0_only,t0_only,linear_svc_l2,0.8,0.736842105263158,0.868421052631579,0.8319669348709104,0.6470588235294118,0.9166666666666666,0.5,0.9736842105263158,11,1,37,11,8
linear_svc_t0_only,t0_only,linear_svc_l2,0.75,0.6590909090909091,0.8875598086124402,0.8906496413969169,0.4827586206896552,1.0,0.3181818181818182,1.0,7,0,38,15,9
linear_svc_t0_only,t0_only,linear_svc_l2,0.8,0.736842105263158,0.9102870813397128,0.8683078785380576,0.6470588235294118,0.9166666666666666,0.5,0.9736842105263158,11,1,37,11,10
linear_svc_t0_only,t0_only,linear_svc_l2,0.7377049180327869,0.6363636363636364,0.7727272727272726,0.699012642687747,0.42857142857142855,1.0,0.2727272727272727,1.0,6,0,39,16,11
linear_svc_t0_only,t0_only,linear_svc_l2,0.7666666666666667,0.6818181818181819,0.9186602870813398,0.8778520493433388,0.5333333333333333,1.0,0.36363636363636365,1.0,8,0,38,14,12
linear_svc_t0_only,t0_only,linear_svc_l2,0.8166666666666667,0.7595693779904307,0.8947368421052632,0.8704532364065112,0.6857142857142857,0.9230769230769231,0.5454545454545454,0.9736842105263158,12,1,37,10,13
linear_svc_t0_only,t0_only,linear_svc_l2,0.7666666666666667,0.6818181818181819,0.8504784688995215,0.8140397517330207,0.5333333333333333,1.0,0.36363636363636365,1.0,8,0,38,14,14
linear_svc_t0_only,t0_only,linear_svc_l2,0.8166666666666667,0.75,0.9389952153110047,0.9368033484908265,0.6666666666666666,1.0,0.5,1.0,11,0,38,11,15
linear_svc_t1_only,t1_only,linear_svc_l2,0.7540983606557377,0.6789044289044289,0.8671328671328672,0.7864554113712129,0.5454545454545454,0.8181818181818182,0.4090909090909091,0.9487179487179487,9,2,37,13,1
linear_svc_t1_only,t1_only,linear_svc_l2,0.75,0.6782296650717703,0.764354066985646,0.7576110298925876,0.5454545454545454,0.8181818181818182,0.4090909090909091,0.9473684210526315,9,2,36,13,2
linear_svc_t1_only,t1_only,linear_svc_l2,0.85,0.7954545454545454,0.9246411483253589,0.9074112949602009,0.7428571428571429,1.0,0.5909090909090909,1.0,13,0,38,9,3
linear_svc_t1_only,t1_only,linear_svc_l2,0.8,0.7272727272727273,0.8720095693779905,0.8509234574779092,0.625,1.0,0.45454545454545453,1.0,10,0,38,12,4
linear_svc_t1_only,t1_only,linear_svc_l2,0.7,0.6004784688995215,0.8026315789473684,0.7299222523139433,0.35714285714285715,0.8333333333333334,0.22727272727272727,0.9736842105263158,5,1,37,17,5
linear_svc_t1_only,t1_only,linear_svc_l2,0.7868852459016393,0.7045454545454546,0.824009324009324,0.8060317972613829,0.5806451612903226,1.0,0.4090909090909091,1.0,9,0,39,13,6
linear_svc_t1_only,t1_only,linear_svc_l2,0.8,0.7272727272727273,0.8181818181818182,0.7971299196827559,0.625,1.0,0.45454545454545453,1.0,10,0,38,12,7
linear_svc_t1_only,t1_only,linear_svc_l2,0.7833333333333333,0.7045454545454546,0.8660287081339713,0.8431249594803016,0.5806451612903226,1.0,0.4090909090909091,1.0,9,0,38,13,8
linear_svc_t1_only,t1_only,linear_svc_l2,0.7666666666666667,0.700956937799043,0.8444976076555024,0.8175843944400873,0.5882352941176471,0.8333333333333334,0.45454545454545453,0.9473684210526315,10,2,36,12,9
linear_svc_t1_only,t1_only,linear_svc_l2,0.7333333333333333,0.6555023923444976,0.8253588516746412,0.7660949462037716,0.5,0.8,0.36363636363636365,0.9473684210526315,8,2,36,14,10
linear_svc_t1_only,t1_only,linear_svc_l2,0.7213114754098361,0.6136363636363636,0.8543123543123544,0.8230388181577659,0.37037037037037035,1.0,0.22727272727272727,1.0,5,0,39,17,11
linear_svc_t1_only,t1_only,linear_svc_l2,0.75,0.687799043062201,0.8516746411483254,0.7785635802262594,0.5714285714285714,0.7692307692307693,0.45454545454545453,0.9210526315789473,10,3,35,12,12
linear_svc_t1_only,t1_only,linear_svc_l2,0.85,0.7954545454545454,0.9222488038277512,0.9091972056490909,0.7428571428571429,1.0,0.5909090909090909,1.0,13,0,38,9,13
linear_svc_t1_only,t1_only,linear_svc_l2,0.7666666666666667,0.6818181818181819,0.777511961722488,0.751839962573658,0.5333333333333333,1.0,0.36363636363636365,1.0,8,0,38,14,14
linear_svc_t1_only,t1_only,linear_svc_l2,0.7833333333333333,0.7045454545454546,0.8827751196172249,0.8673444628687594,0.5806451612903226,1.0,0.4090909090909091,1.0,9,0,38,13,15
linear_svc_t0_t1,t0_t1,linear_svc_l2,0.8032786885245902,0.7371794871794872,0.8986013986013985,0.8412665136584809,0.6470588235294118,0.9166666666666666,0.5,0.9743589743589743,11,1,38,11,1
linear_svc_t0_t1,t0_t1,linear_svc_l2,0.7833333333333333,0.7141148325358851,0.8528708133971292,0.8462780551426794,0.6060606060606061,0.9090909090909091,0.45454545454545453,0.9736842105263158,10,1,37,12,2
linear_svc_t0_t1,t0_t1,linear_svc_l2,0.8166666666666667,0.7691387559808612,0.952153110047847,0.9228706352146792,0.7027027027027027,0.8666666666666667,0.5909090909090909,0.9473684210526315,13,2,36,9,3
linear_svc_t0_t1,t0_t1,linear_svc_l2,0.8166666666666667,0.75,0.8911483253588516,0.868992911438099,0.6666666666666666,1.0,0.5,1.0,11,0,38,11,4
linear_svc_t0_t1,t0_t1,linear_svc_l2,0.7666666666666667,0.6818181818181819,0.9055023923444977,0.8995992259937493,0.5333333333333333,1.0,0.36363636363636365,1.0,8,0,38,14,5
linear_svc_t0_t1,t0_t1,linear_svc_l2,0.7868852459016393,0.7045454545454546,0.8857808857808858,0.8710562998589424,0.5806451612903226,1.0,0.4090909090909091,1.0,9,0,39,13,6
linear_svc_t0_t1,t0_t1,linear_svc_l2,0.8333333333333334,0.7727272727272727,0.916267942583732,0.8966942769934656,0.7058823529411765,1.0,0.5454545454545454,1.0,12,0,38,10,7
linear_svc_t0_t1,t0_t1,linear_svc_l2,0.7833333333333333,0.7045454545454546,0.9246411483253589,0.902126153272744,0.5806451612903226,1.0,0.4090909090909091,1.0,9,0,38,13,8
linear_svc_t0_t1,t0_t1,linear_svc_l2,0.8,0.7272727272727273,0.8899521531100478,0.880643923683333,0.625,1.0,0.45454545454545453,1.0,10,0,38,12,9
linear_svc_t0_t1,t0_t1,linear_svc_l2,0.8333333333333334,0.7822966507177034,0.9102870813397129,0.8770550796993537,0.7222222222222222,0.9285714285714286,0.5909090909090909,0.9736842105263158,13,1,37,9,10
linear_svc_t0_t1,t0_t1,linear_svc_l2,0.7377049180327869,0.6363636363636364,0.8671328671328671,0.8383543349727547,0.42857142857142855,1.0,0.2727272727272727,1.0,6,0,39,16,11
linear_svc_t0_t1,t0_t1,linear_svc_l2,0.7333333333333333,0.645933014354067,0.9150717703349283,0.8646613917835575,0.4666666666666667,0.875,0.3181818181818182,0.9736842105263158,7,1,37,15,12
linear_svc_t0_t1,t0_t1,linear_svc_l2,0.8166666666666667,0.75,0.9473684210526316,0.9566406164368546,0.6666666666666666,1.0,0.5,1.0,11,0,38,11,13
linear_svc_t0_t1,t0_t1,linear_svc_l2,0.7833333333333333,0.7141148325358851,0.8588516746411484,0.8147156444807542,0.6060606060606061,0.9090909090909091,0.45454545454545453,0.9736842105263158,10,1,37,12,14
linear_svc_t0_t1,t0_t1,linear_svc_l2,0.85,0.7954545454545454,0.930622009569378,0.9087930798473254,0.7428571428571429,1.0,0.5909090909090909,1.0,13,0,38,9,15
linear_svc_t0_delta,t0_delta,linear_svc_l2,0.7213114754098361,0.6235431235431235,0.8531468531468532,0.7738510970272019,0.41379310344827586,0.8571428571428571,0.2727272727272727,0.9743589743589743,6,1,38,16,1
linear_svc_t0_delta,t0_delta,linear_svc_l2,0.7666666666666667,0.6818181818181819,0.784688995215311,0.7624910812282122,0.5333333333333333,1.0,0.36363636363636365,1.0,8,0,38,14,2
linear_svc_t0_delta,t0_delta,linear_svc_l2,0.7833333333333333,0.7236842105263157,0.8516746411483254,0.8084692865550345,0.6285714285714286,0.8461538461538461,0.5,0.9473684210526315,11,2,36,11,3
linear_svc_t0_delta,t0_delta,linear_svc_l2,0.7166666666666667,0.6232057416267942,0.8026315789473685,0.7697334672715475,0.41379310344827586,0.8571428571428571,0.2727272727272727,0.9736842105263158,6,1,37,16,4
linear_svc_t0_delta,t0_delta,linear_svc_l2,0.7166666666666667,0.6136363636363636,0.8576555023923446,0.8126276770374685,0.37037037037037035,1.0,0.22727272727272727,1.0,5,0,38,17,5
linear_svc_t0_delta,t0_delta,linear_svc_l2,0.7540983606557377,0.668997668997669,0.7995337995337995,0.7453785038601681,0.5161290322580645,0.8888888888888888,0.36363636363636365,0.9743589743589743,8,1,38,14,6
linear_svc_t0_delta,t0_delta,linear_svc_l2,0.7666666666666667,0.6818181818181819,0.8480861244019139,0.8346363604686393,0.5333333333333333,1.0,0.36363636363636365,1.0,8,0,38,14,7
linear_svc_t0_delta,t0_delta,linear_svc_l2,0.7166666666666667,0.6232057416267942,0.8002392344497608,0.7304750963005666,0.41379310344827586,0.8571428571428571,0.2727272727272727,0.9736842105263158,6,1,37,16,8
linear_svc_t0_delta,t0_delta,linear_svc_l2,0.6666666666666666,0.5454545454545454,0.7799043062200958,0.7122285429227855,0.16666666666666666,1.0,0.09090909090909091,1.0,2,0,38,20,9
linear_svc_t0_delta,t0_delta,linear_svc_l2,0.75,0.6782296650717703,0.8755980861244019,0.8020610118988589,0.5454545454545454,0.8181818181818182,0.4090909090909091,0.9473684210526315,9,2,36,13,10
linear_svc_t0_delta,t0_delta,linear_svc_l2,0.7049180327868853,0.5909090909090909,0.7482517482517482,0.6897348720989136,0.3076923076923077,1.0,0.18181818181818182,1.0,4,0,39,18,11
linear_svc_t0_delta,t0_delta,linear_svc_l2,0.7666666666666667,0.6913875598086124,0.8588516746411483,0.7763797417808589,0.5625,0.9,0.4090909090909091,0.9736842105263158,9,1,37,13,12
linear_svc_t0_delta,t0_delta,linear_svc_l2,0.7166666666666667,0.6327751196172249,0.8074162679425838,0.7446766443867943,0.45161290322580644,0.7777777777777778,0.3181818181818182,0.9473684210526315,7,2,36,15,13
linear_svc_t0_delta,t0_delta,linear_svc_l2,0.7166666666666667,0.6327751196172249,0.7583732057416268,0.6980342277482032,0.45161290322580644,0.7777777777777778,0.3181818181818182,0.9473684210526315,7,2,36,15,14
linear_svc_t0_delta,t0_delta,linear_svc_l2,0.75,0.6686602870813397,0.9090909090909092,0.8632696455913815,0.5161290322580645,0.8888888888888888,0.36363636363636365,0.9736842105263158,8,1,37,14,15
linear_svc_C0.1_t0_only,t0_only,linear_svc_l2_C0.1,0.7868852459016393,0.7045454545454546,0.881118881118881,0.8686904014718537,0.5806451612903226,1.0,0.4090909090909091,1.0,9,0,39,13,1
linear_svc_C0.1_t0_only,t0_only,linear_svc_l2_C0.1,0.8,0.7272727272727273,0.8923444976076556,0.8927205777215657,0.625,1.0,0.45454545454545453,1.0,10,0,38,12,2
linear_svc_C0.1_t0_only,t0_only,linear_svc_l2_C0.1,0.7833333333333333,0.7141148325358851,0.8827751196172249,0.8617898011079828,0.6060606060606061,0.9090909090909091,0.45454545454545453,0.9736842105263158,10,1,37,12,3
linear_svc_C0.1_t0_only,t0_only,linear_svc_l2_C0.1,0.7666666666666667,0.6913875598086124,0.8576555023923444,0.8194457643866593,0.5625,0.9,0.4090909090909091,0.9736842105263158,9,1,37,13,4
linear_svc_C0.1_t0_only,t0_only,linear_svc_l2_C0.1,0.7666666666666667,0.6818181818181819,0.8983253588516746,0.8803667125198835,0.5333333333333333,1.0,0.36363636363636365,1.0,8,0,38,14,5
linear_svc_C0.1_t0_only,t0_only,linear_svc_l2_C0.1,0.7704918032786885,0.6818181818181819,0.8484848484848484,0.8186861201938416,0.5333333333333333,1.0,0.36363636363636365,1.0,8,0,39,14,6
linear_svc_C0.1_t0_only,t0_only,linear_svc_l2_C0.1,0.75,0.6590909090909091,0.9162679425837321,0.9029461259296436,0.4827586206896552,1.0,0.3181818181818182,1.0,7,0,38,15,7
linear_svc_C0.1_t0_only,t0_only,linear_svc_l2_C0.1,0.8,0.736842105263158,0.868421052631579,0.8319669348709104,0.6470588235294118,0.9166666666666666,0.5,0.9736842105263158,11,1,37,11,8
linear_svc_C0.1_t0_only,t0_only,linear_svc_l2_C0.1,0.75,0.6590909090909091,0.8863636363636364,0.8895072652545408,0.4827586206896552,1.0,0.3181818181818182,1.0,7,0,38,15,9
linear_svc_C0.1_t0_only,t0_only,linear_svc_l2_C0.1,0.8,0.736842105263158,0.9102870813397128,0.8683078785380576,0.6470588235294118,0.9166666666666666,0.5,0.9736842105263158,11,1,37,11,10
linear_svc_C0.1_t0_only,t0_only,linear_svc_l2_C0.1,0.7377049180327869,0.6363636363636364,0.7727272727272726,0.699012642687747,0.42857142857142855,1.0,0.2727272727272727,1.0,6,0,39,16,11
linear_svc_C0.1_t0_only,t0_only,linear_svc_l2_C0.1,0.7666666666666667,0.6818181818181819,0.9186602870813398,0.8778520493433388,0.5333333333333333,1.0,0.36363636363636365,1.0,8,0,38,14,12
linear_svc_C0.1_t0_only,t0_only,linear_svc_l2_C0.1,0.8166666666666667,0.7595693779904307,0.8947368421052632,0.8704532364065112,0.6857142857142857,0.9230769230769231,0.5454545454545454,0.9736842105263158,12,1,37,10,13
linear_svc_C0.1_t0_only,t0_only,linear_svc_l2_C0.1,0.7666666666666667,0.6818181818181819,0.8516746411483254,0.817536255229524,0.5333333333333333,1.0,0.36363636363636365,1.0,8,0,38,14,14
linear_svc_C0.1_t0_only,t0_only,linear_svc_l2_C0.1,0.8,0.7272727272727273,0.9389952153110047,0.9368033484908265,0.625,1.0,0.45454545454545453,1.0,10,0,38,12,15
linear_svc_C0.1_t1_only,t1_only,linear_svc_l2_C0.1,0.7540983606557377,0.6789044289044289,0.8659673659673659,0.7861529310324349,0.5454545454545454,0.8181818181818182,0.4090909090909091,0.9487179487179487,9,2,37,13,1
linear_svc_C0.1_t1_only,t1_only,linear_svc_l2_C0.1,0.75,0.6782296650717703,0.7655502392344498,0.7581911554727132,0.5454545454545454,0.8181818181818182,0.4090909090909091,0.9473684210526315,9,2,36,13,2
linear_svc_C0.1_t1_only,t1_only,linear_svc_l2_C0.1,0.8333333333333334,0.7727272727272727,0.9246411483253589,0.9074112949602009,0.7058823529411765,1.0,0.5454545454545454,1.0,12,0,38,10,3
linear_svc_C0.1_t1_only,t1_only,linear_svc_l2_C0.1,0.8,0.7272727272727273,0.8720095693779905,0.8509234574779092,0.625,1.0,0.45454545454545453,1.0,10,0,38,12,4
linear_svc_C0.1_t1_only,t1_only,linear_svc_l2_C0.1,0.7,0.6004784688995215,0.8014354066985646,0.7294188797175474,0.35714285714285715,0.8333333333333334,0.22727272727272727,0.9736842105263158,5,1,37,17,5
linear_svc_C0.1_t1_only,t1_only,linear_svc_l2_C0.1,0.7868852459016393,0.7045454545454546,0.8251748251748252,0.8068065906498125,0.5806451612903226,1.0,0.4090909090909091,1.0,9,0,39,13,6
linear_svc_C0.1_t1_only,t1_only,linear_svc_l2_C0.1,0.8,0.7272727272727273,0.8169856459330144,0.7956147681676045,0.625,1.0,0.45454545454545453,1.0,10,0,38,12,7
linear_svc_C0.1_t1_only,t1_only,linear_svc_l2_C0.1,0.7833333333333333,0.7045454545454546,0.8660287081339713,0.8431249594803016,0.5806451612903226,1.0,0.4090909090909091,1.0,9,0,38,13,8
linear_svc_C0.1_t1_only,t1_only,linear_svc_l2_C0.1,0.7666666666666667,0.700956937799043,0.8444976076555024,0.8175843944400873,0.5882352941176471,0.8333333333333334,0.45454545454545453,0.9473684210526315,10,2,36,12,9
linear_svc_C0.1_t1_only,t1_only,linear_svc_l2_C0.1,0.7333333333333333,0.6555023923444976,0.8253588516746412,0.7660949462037716,0.5,0.8,0.36363636363636365,0.9473684210526315,8,2,36,14,10
linear_svc_C0.1_t1_only,t1_only,linear_svc_l2_C0.1,0.7213114754098361,0.6136363636363636,0.8554778554778555,0.8244761160377514,0.37037037037037035,1.0,0.22727272727272727,1.0,5,0,39,17,11
linear_svc_C0.1_t1_only,t1_only,linear_svc_l2_C0.1,0.75,0.687799043062201,0.8504784688995215,0.7774999886454266,0.5714285714285714,0.7692307692307693,0.45454545454545453,0.9210526315789473,10,3,35,12,12
linear_svc_C0.1_t1_only,t1_only,linear_svc_l2_C0.1,0.85,0.7954545454545454,0.9222488038277512,0.9091972056490909,0.7428571428571429,1.0,0.5909090909090909,1.0,13,0,38,9,13
linear_svc_C0.1_t1_only,t1_only,linear_svc_l2_C0.1,0.7666666666666667,0.6818181818181819,0.777511961722488,0.751839962573658,0.5333333333333333,1.0,0.36363636363636365,1.0,8,0,38,14,14
linear_svc_C0.1_t1_only,t1_only,linear_svc_l2_C0.1,0.7833333333333333,0.7045454545454546,0.881578947368421,0.8659445946210651,0.5806451612903226,1.0,0.4090909090909091,1.0,9,0,38,13,15
linear_svc_C0.1_t0_t1,t0_t1,linear_svc_l2_C0.1,0.8032786885245902,0.7371794871794872,0.8986013986013985,0.8412665136584809,0.6470588235294118,0.9166666666666666,0.5,0.9743589743589743,11,1,38,11,1
linear_svc_C0.1_t0_t1,t0_t1,linear_svc_l2_C0.1,0.7833333333333333,0.7141148325358851,0.8528708133971292,0.8462780551426794,0.6060606060606061,0.9090909090909091,0.45454545454545453,0.9736842105263158,10,1,37,12,2
linear_svc_C0.1_t0_t1,t0_t1,linear_svc_l2_C0.1,0.8166666666666667,0.7691387559808612,0.952153110047847,0.9228706352146792,0.7027027027027027,0.8666666666666667,0.5909090909090909,0.9473684210526315,13,2,36,9,3
linear_svc_C0.1_t0_t1,t0_t1,linear_svc_l2_C0.1,0.8166666666666667,0.75,0.8911483253588516,0.868992911438099,0.6666666666666666,1.0,0.5,1.0,11,0,38,11,4
linear_svc_C0.1_t0_t1,t0_t1,linear_svc_l2_C0.1,0.7666666666666667,0.6818181818181819,0.9055023923444977,0.8995992259937493,0.5333333333333333,1.0,0.36363636363636365,1.0,8,0,38,14,5
linear_svc_C0.1_t0_t1,t0_t1,linear_svc_l2_C0.1,0.7868852459016393,0.7045454545454546,0.8857808857808858,0.8710562998589424,0.5806451612903226,1.0,0.4090909090909091,1.0,9,0,39,13,6
linear_svc_C0.1_t0_t1,t0_t1,linear_svc_l2_C0.1,0.8333333333333334,0.7727272727272727,0.916267942583732,0.8966942769934656,0.7058823529411765,1.0,0.5454545454545454,1.0,12,0,38,10,7
linear_svc_C0.1_t0_t1,t0_t1,linear_svc_l2_C0.1,0.7833333333333333,0.7045454545454546,0.9246411483253589,0.902126153272744,0.5806451612903226,1.0,0.4090909090909091,1.0,9,0,38,13,8
linear_svc_C0.1_t0_t1,t0_t1,linear_svc_l2_C0.1,0.8,0.7272727272727273,0.8899521531100478,0.880643923683333,0.625,1.0,0.45454545454545453,1.0,10,0,38,12,9
linear_svc_C0.1_t0_t1,t0_t1,linear_svc_l2_C0.1,0.8333333333333334,0.7822966507177034,0.9114832535885168,0.8776669678112419,0.7222222222222222,0.9285714285714286,0.5909090909090909,0.9736842105263158,13,1,37,9,10
linear_svc_C0.1_t0_t1,t0_t1,linear_svc_l2_C0.1,0.7377049180327869,0.6363636363636364,0.8671328671328671,0.8383543349727547,0.42857142857142855,1.0,0.2727272727272727,1.0,6,0,39,16,11
linear_svc_C0.1_t0_t1,t0_t1,linear_svc_l2_C0.1,0.7333333333333333,0.645933014354067,0.9138755980861244,0.8635418216984703,0.4666666666666667,0.875,0.3181818181818182,0.9736842105263158,7,1,37,15,12
linear_svc_C0.1_t0_t1,t0_t1,linear_svc_l2_C0.1,0.8166666666666667,0.75,0.9473684210526316,0.9566406164368546,0.6666666666666666,1.0,0.5,1.0,11,0,38,11,13
linear_svc_C0.1_t0_t1,t0_t1,linear_svc_l2_C0.1,0.7833333333333333,0.7141148325358851,0.8588516746411484,0.8147156444807542,0.6060606060606061,0.9090909090909091,0.45454545454545453,0.9736842105263158,10,1,37,12,14
linear_svc_C0.1_t0_t1,t0_t1,linear_svc_l2_C0.1,0.85,0.7954545454545454,0.930622009569378,0.9087930798473254,0.7428571428571429,1.0,0.5909090909090909,1.0,13,0,38,9,15
ridge_t0_only,t0_only,ridge_classifier,0.6885245901639344,0.5681818181818181,0.8822843822843822,0.8729720473827594,0.24,1.0,0.13636363636363635,1.0,3,0,39,19,1
ridge_t0_only,t0_only,ridge_classifier,0.7166666666666667,0.6136363636363636,0.8947368421052633,0.8949241118285083,0.37037037037037035,1.0,0.22727272727272727,1.0,5,0,38,17,2
ridge_t0_only,t0_only,ridge_classifier,0.75,0.6686602870813397,0.8911483253588517,0.8631395919978837,0.5161290322580645,0.8888888888888888,0.36363636363636365,0.9736842105263158,8,1,37,14,3
ridge_t0_only,t0_only,ridge_classifier,0.75,0.6590909090909091,0.8516746411483254,0.8025676743710071,0.4827586206896552,1.0,0.3181818181818182,1.0,7,0,38,15,4
ridge_t0_only,t0_only,ridge_classifier,0.7,0.5909090909090909,0.9114832535885168,0.8766566830530502,0.3076923076923077,1.0,0.18181818181818182,1.0,4,0,38,18,5
ridge_t0_only,t0_only,ridge_classifier,0.7377049180327869,0.6363636363636364,0.8496503496503497,0.8115091149827445,0.42857142857142855,1.0,0.2727272727272727,1.0,6,0,39,16,6
ridge_t0_only,t0_only,ridge_classifier,0.7166666666666667,0.6136363636363636,0.9282296650717703,0.9082351186330218,0.37037037037037035,1.0,0.22727272727272727,1.0,5,0,38,17,7
ridge_t0_only,t0_only,ridge_classifier,0.7,0.5909090909090909,0.8564593301435407,0.8156495789005442,0.3076923076923077,1.0,0.18181818181818182,1.0,4,0,38,18,8
ridge_t0_only,t0_only,ridge_classifier,0.6833333333333333,0.5681818181818181,0.8767942583732057,0.861561026880495,0.24,1.0,0.13636363636363635,1.0,3,0,38,19,9
ridge_t0_only,t0_only,ridge_classifier,0.75,0.6590909090909091,0.9222488038277512,0.8843438342312533,0.4827586206896552,1.0,0.3181818181818182,1.0,7,0,38,15,10
ridge_t0_only,t0_only,ridge_classifier,0.7213114754098361,0.6136363636363636,0.7808857808857809,0.7010432649756091,0.37037037037037035,1.0,0.22727272727272727,1.0,5,0,39,17,11
ridge_t0_only,t0_only,ridge_classifier,0.7333333333333333,0.6363636363636364,0.8971291866028708,0.8505457668172274,0.42857142857142855,1.0,0.2727272727272727,1.0,6,0,38,16,12
ridge_t0_only,t0_only,ridge_classifier,0.7333333333333333,0.6363636363636364,0.9007177033492824,0.8781234017275596,0.42857142857142855,1.0,0.2727272727272727,1.0,6,0,38,16,13
ridge_t0_only,t0_only,ridge_classifier,0.7166666666666667,0.6136363636363636,0.8923444976076554,0.8508488666071357,0.37037037037037035,1.0,0.22727272727272727,1.0,5,0,38,17,14
ridge_t0_only,t0_only,ridge_classifier,0.75,0.6590909090909091,0.9330143540669855,0.9220361371966261,0.4827586206896552,1.0,0.3181818181818182,1.0,7,0,38,15,15
ridge_t1_only,t1_only,ridge_classifier,0.6885245901639344,0.578088578088578,0.858974358974359,0.7961593151761135,0.2962962962962963,0.8,0.18181818181818182,0.9743589743589743,4,1,38,18,1
ridge_t1_only,t1_only,ridge_classifier,0.75,0.6590909090909091,0.7523923444976077,0.7224158558805243,0.4827586206896552,1.0,0.3181818181818182,1.0,7,0,38,15,2
ridge_t1_only,t1_only,ridge_classifier,0.7833333333333333,0.7045454545454546,0.9150717703349283,0.8968771547867591,0.5806451612903226,1.0,0.4090909090909091,1.0,9,0,38,13,3
ridge_t1_only,t1_only,ridge_classifier,0.7333333333333333,0.6363636363636364,0.8385167464114832,0.8203442342093781,0.42857142857142855,1.0,0.2727272727272727,1.0,6,0,38,16,4
ridge_t1_only,t1_only,ridge_classifier,0.7,0.5909090909090909,0.777511961722488,0.72583777178629,0.3076923076923077,1.0,0.18181818181818182,1.0,4,0,38,18,5
ridge_t1_only,t1_only,ridge_classifier,0.7377049180327869,0.6363636363636364,0.8216783216783218,0.8034639543266588,0.42857142857142855,1.0,0.2727272727272727,1.0,6,0,39,16,6
ridge_t1_only,t1_only,ridge_classifier,0.75,0.6590909090909091,0.7906698564593302,0.7691769606384586,0.4827586206896552,1.0,0.3181818181818182,1.0,7,0,38,15,7
ridge_t1_only,t1_only,ridge_classifier,0.6833333333333333,0.5681818181818181,0.8588516746411483,0.832739310639435,0.24,1.0,0.13636363636363635,1.0,3,0,38,19,8
ridge_t1_only,t1_only,ridge_classifier,0.7333333333333333,0.6363636363636364,0.8468899521531101,0.8275534051914084,0.42857142857142855,1.0,0.2727272727272727,1.0,6,0,38,16,9
ridge_t1_only,t1_only,ridge_classifier,0.7166666666666667,0.6136363636363636,0.8133971291866029,0.7380689462275278,0.37037037037037035,1.0,0.22727272727272727,1.0,5,0,38,17,10
ridge_t1_only,t1_only,ridge_classifier,0.6721311475409836,0.5454545454545454,0.844988344988345,0.8139328104805532,0.16666666666666666,1.0,0.09090909090909091,1.0,2,0,39,20,11
ridge_t1_only,t1_only,ridge_classifier,0.75,0.687799043062201,0.8301435406698564,0.7624382198312678,0.5714285714285714,0.7692307692307693,0.45454545454545453,0.9210526315789473,10,3,35,12,12
ridge_t1_only,t1_only,ridge_classifier,0.7333333333333333,0.6363636363636364,0.9210526315789473,0.9080893403960717,0.42857142857142855,1.0,0.2727272727272727,1.0,6,0,38,16,13
ridge_t1_only,t1_only,ridge_classifier,0.75,0.6590909090909091,0.7643540669856459,0.7263698600524533,0.4827586206896552,1.0,0.3181818181818182,1.0,7,0,38,15,14
ridge_t1_only,t1_only,ridge_classifier,0.7333333333333333,0.6363636363636364,0.8564593301435407,0.8395806685250806,0.42857142857142855,1.0,0.2727272727272727,1.0,6,0,38,16,15
ridge_t0_t1,t0_t1,ridge_classifier,0.6557377049180327,0.5326340326340326,0.9114219114219114,0.8365866810276922,0.16,0.6666666666666666,0.09090909090909091,0.9743589743589743,2,1,38,20,1
ridge_t0_t1,t0_t1,ridge_classifier,0.7333333333333333,0.6363636363636364,0.8576555023923446,0.849375222183764,0.42857142857142855,1.0,0.2727272727272727,1.0,6,0,38,16,2
ridge_t0_t1,t0_t1,ridge_classifier,0.7666666666666667,0.6818181818181819,0.9485645933014355,0.9240606253908512,0.5333333333333333,1.0,0.36363636363636365,1.0,8,0,38,14,3
ridge_t0_t1,t0_t1,ridge_classifier,0.7166666666666667,0.6136363636363636,0.8863636363636364,0.8672427028655674,0.37037037037037035,1.0,0.22727272727272727,1.0,5,0,38,17,4
ridge_t0_t1,t0_t1,ridge_classifier,0.6666666666666666,0.5454545454545454,0.9150717703349283,0.8979648651390046,0.16666666666666666,1.0,0.09090909090909091,1.0,2,0,38,20,5
ridge_t0_t1,t0_t1,ridge_classifier,0.7049180327868853,0.5909090909090909,0.8834498834498834,0.8677385635549935,0.3076923076923077,1.0,0.18181818181818182,1.0,4,0,39,18,6
ridge_t0_t1,t0_t1,ridge_classifier,0.7166666666666667,0.6136363636363636,0.8947368421052632,0.869297046826691,0.37037037037037035,1.0,0.22727272727272727,1.0,5,0,38,17,7
ridge_t0_t1,t0_t1,ridge_classifier,0.6833333333333333,0.5681818181818181,0.9007177033492824,0.8819360769284585,0.24,1.0,0.13636363636363635,1.0,3,0,38,19,8
ridge_t0_t1,t0_t1,ridge_classifier,0.6833333333333333,0.5681818181818181,0.8995215311004785,0.9072209993262623,0.24,1.0,0.13636363636363635,1.0,3,0,38,19,9
ridge_t0_t1,t0_t1,ridge_classifier,0.7166666666666667,0.6232057416267942,0.9210526315789475,0.8827836014939074,0.41379310344827586,0.8571428571428571,0.2727272727272727,0.9736842105263158,6,1,37,16,10
ridge_t0_t1,t0_t1,ridge_classifier,0.6885245901639344,0.5681818181818181,0.8531468531468531,0.8179137241132384,0.24,1.0,0.13636363636363635,1.0,3,0,39,19,11
ridge_t0_t1,t0_t1,ridge_classifier,0.7166666666666667,0.6232057416267942,0.8863636363636364,0.8236460707691793,0.41379310344827586,0.8571428571428571,0.2727272727272727,0.9736842105263158,6,1,37,16,12
ridge_t0_t1,t0_t1,ridge_classifier,0.7166666666666667,0.6136363636363636,0.9342105263157895,0.9389926593873961,0.37037037037037035,1.0,0.22727272727272727,1.0,5,0,38,17,13
ridge_t0_t1,t0_t1,ridge_classifier,0.75,0.6590909090909091,0.8696172248803828,0.8335753456434234,0.4827586206896552,1.0,0.3181818181818182,1.0,7,0,38,15,14
ridge_t0_t1,t0_t1,ridge_classifier,0.7333333333333333,0.6363636363636364,0.9366028708133971,0.9170890371759355,0.42857142857142855,1.0,0.2727272727272727,1.0,6,0,38,16,15
ridge_alpha10_t0_only,t0_only,ridge_classifier_alpha10,0.6885245901639344,0.5681818181818181,0.8834498834498836,0.8739495644893087,0.24,1.0,0.13636363636363635,1.0,3,0,39,19,1
ridge_alpha10_t0_only,t0_only,ridge_classifier_alpha10,0.7166666666666667,0.6136363636363636,0.8947368421052633,0.8949241118285083,0.37037037037037035,1.0,0.22727272727272727,1.0,5,0,38,17,2
ridge_alpha10_t0_only,t0_only,ridge_classifier_alpha10,0.75,0.6686602870813397,0.8911483253588517,0.8631395919978837,0.5161290322580645,0.8888888888888888,0.36363636363636365,0.9736842105263158,8,1,37,14,3
ridge_alpha10_t0_only,t0_only,ridge_classifier_alpha10,0.75,0.6590909090909091,0.8516746411483254,0.8025676743710071,0.4827586206896552,1.0,0.3181818181818182,1.0,7,0,38,15,4
ridge_alpha10_t0_only,t0_only,ridge_classifier_alpha10,0.7,0.5909090909090909,0.9114832535885168,0.8766566830530502,0.3076923076923077,1.0,0.18181818181818182,1.0,4,0,38,18,5
ridge_alpha10_t0_only,t0_only,ridge_classifier_alpha10,0.7377049180327869,0.6363636363636364,0.8496503496503497,0.8129239991182167,0.42857142857142855,1.0,0.2727272727272727,1.0,6,0,39,16,6
ridge_alpha10_t0_only,t0_only,ridge_classifier_alpha10,0.7166666666666667,0.6136363636363636,0.9282296650717703,0.9082351186330218,0.37037037037037035,1.0,0.22727272727272727,1.0,5,0,38,17,7
ridge_alpha10_t0_only,t0_only,ridge_classifier_alpha10,0.7,0.5909090909090909,0.8564593301435407,0.8156495789005442,0.3076923076923077,1.0,0.18181818181818182,1.0,4,0,38,18,8
ridge_alpha10_t0_only,t0_only,ridge_classifier_alpha10,0.6833333333333333,0.5681818181818181,0.8767942583732057,0.861561026880495,0.24,1.0,0.13636363636363635,1.0,3,0,38,19,9
ridge_alpha10_t0_only,t0_only,ridge_classifier_alpha10,0.75,0.6590909090909091,0.9222488038277512,0.8843438342312533,0.4827586206896552,1.0,0.3181818181818182,1.0,7,0,38,15,10
ridge_alpha10_t0_only,t0_only,ridge_classifier_alpha10,0.7213114754098361,0.6136363636363636,0.7808857808857809,0.7010432649756091,0.37037037037037035,1.0,0.22727272727272727,1.0,5,0,39,17,11
ridge_alpha10_t0_only,t0_only,ridge_classifier_alpha10,0.7333333333333333,0.6363636363636364,0.8971291866028708,0.8505457668172274,0.42857142857142855,1.0,0.2727272727272727,1.0,6,0,38,16,12
ridge_alpha10_t0_only,t0_only,ridge_classifier_alpha10,0.7333333333333333,0.6363636363636364,0.9007177033492824,0.8781234017275596,0.42857142857142855,1.0,0.2727272727272727,1.0,6,0,38,16,13
ridge_alpha10_t0_only,t0_only,ridge_classifier_alpha10,0.7166666666666667,0.6136363636363636,0.8923444976076554,0.8511591623719768,0.37037037037037035,1.0,0.22727272727272727,1.0,5,0,38,17,14
ridge_alpha10_t0_only,t0_only,ridge_classifier_alpha10,0.7333333333333333,0.6363636363636364,0.9330143540669855,0.9220361371966261,0.42857142857142855,1.0,0.2727272727272727,1.0,6,0,38,16,15
ridge_alpha10_t1_only,t1_only,ridge_classifier_alpha10,0.6885245901639344,0.578088578088578,0.858974358974359,0.7961593151761135,0.2962962962962963,0.8,0.18181818181818182,0.9743589743589743,4,1,38,18,1
ridge_alpha10_t1_only,t1_only,ridge_classifier_alpha10,0.75,0.6590909090909091,0.7523923444976077,0.7224158558805243,0.4827586206896552,1.0,0.3181818181818182,1.0,7,0,38,15,2
ridge_alpha10_t1_only,t1_only,ridge_classifier_alpha10,0.7833333333333333,0.7045454545454546,0.9150717703349283,0.8968771547867591,0.5806451612903226,1.0,0.4090909090909091,1.0,9,0,38,13,3
ridge_alpha10_t1_only,t1_only,ridge_classifier_alpha10,0.7333333333333333,0.6363636363636364,0.8385167464114832,0.8203442342093781,0.42857142857142855,1.0,0.2727272727272727,1.0,6,0,38,16,4
ridge_alpha10_t1_only,t1_only,ridge_classifier_alpha10,0.7,0.5909090909090909,0.7799043062200957,0.7277340547985431,0.3076923076923077,1.0,0.18181818181818182,1.0,4,0,38,18,5
ridge_alpha10_t1_only,t1_only,ridge_classifier_alpha10,0.7377049180327869,0.6363636363636364,0.8228438228438228,0.8047518331145376,0.42857142857142855,1.0,0.2727272727272727,1.0,6,0,39,16,6
ridge_alpha10_t1_only,t1_only,ridge_classifier_alpha10,0.75,0.6590909090909091,0.7870813397129187,0.7627506092121072,0.4827586206896552,1.0,0.3181818181818182,1.0,7,0,38,15,7
ridge_alpha10_t1_only,t1_only,ridge_classifier_alpha10,0.6833333333333333,0.5681818181818181,0.8588516746411483,0.832739310639435,0.24,1.0,0.13636363636363635,1.0,3,0,38,19,8
ridge_alpha10_t1_only,t1_only,ridge_classifier_alpha10,0.7333333333333333,0.6363636363636364,0.8480861244019139,0.8298261324641358,0.42857142857142855,1.0,0.2727272727272727,1.0,6,0,38,16,9
ridge_alpha10_t1_only,t1_only,ridge_classifier_alpha10,0.7166666666666667,0.6136363636363636,0.8133971291866029,0.7380689462275278,0.37037037037037035,1.0,0.22727272727272727,1.0,5,0,38,17,10
ridge_alpha10_t1_only,t1_only,ridge_classifier_alpha10,0.6721311475409836,0.5454545454545454,0.8473193473193473,0.8173102380065875,0.16666666666666666,1.0,0.09090909090909091,1.0,2,0,39,20,11
ridge_alpha10_t1_only,t1_only,ridge_classifier_alpha10,0.75,0.687799043062201,0.8313397129186603,0.7629427364562917,0.5714285714285714,0.7692307692307693,0.45454545454545453,0.9210526315789473,10,3,35,12,12
ridge_alpha10_t1_only,t1_only,ridge_classifier_alpha10,0.7333333333333333,0.6363636363636364,0.9210526315789473,0.9080893403960717,0.42857142857142855,1.0,0.2727272727272727,1.0,6,0,38,16,13
ridge_alpha10_t1_only,t1_only,ridge_classifier_alpha10,0.75,0.6590909090909091,0.7643540669856459,0.7263698600524533,0.4827586206896552,1.0,0.3181818181818182,1.0,7,0,38,15,14
ridge_alpha10_t1_only,t1_only,ridge_classifier_alpha10,0.7333333333333333,0.6363636363636364,0.8564593301435407,0.8395806685250806,0.42857142857142855,1.0,0.2727272727272727,1.0,6,0,38,16,15
sgd_log_loss_t0_only,t0_only,sgd_log_loss,0.8524590163934426,0.8648018648018647,0.8624708624708624,0.732087584546601,0.8163265306122449,0.7407407407407407,0.9090909090909091,0.8205128205128205,20,7,32,2,1
sgd_log_loss_t0_only,t0_only,sgd_log_loss,0.8,0.8038277511961722,0.8080143540669857,0.666950146627566,0.75,0.6923076923076923,0.8181818181818182,0.7894736842105263,18,8,30,4,2
sgd_log_loss_t0_only,t0_only,sgd_log_loss,0.85,0.8433014354066986,0.8839712918660287,0.7676940547583351,0.8,0.782608695652174,0.8181818181818182,0.868421052631579,18,5,33,4,3
sgd_log_loss_t0_only,t0_only,sgd_log_loss,0.7166666666666667,0.680622009569378,0.736244019138756,0.563461122913484,0.5853658536585366,0.631578947368421,0.5454545454545454,0.8157894736842105,12,7,31,10,4
sgd_log_loss_t0_only,t0_only,sgd_log_loss,0.8333333333333334,0.8301435406698565,0.8283492822966508,0.690625,0.782608695652174,0.75,0.8181818181818182,0.8421052631578947,18,6,32,4,5
sgd_log_loss_t0_only,t0_only,sgd_log_loss,0.6557377049180327,0.6614219114219114,0.6876456876456876,0.48952047986676633,0.5882352941176471,0.5172413793103449,0.6818181818181818,0.6410256410256411,15,14,25,7,6
sgd_log_loss_t0_only,t0_only,sgd_log_loss,0.8333333333333334,0.8301435406698565,0.8492822966507179,0.7060757744295008,0.782608695652174,0.75,0.8181818181818182,0.8421052631578947,18,6,32,4,7
sgd_log_loss_t0_only,t0_only,sgd_log_loss,0.7333333333333333,0.722488038277512,0.7344497607655502,0.5783493698513461,0.6521739130434783,0.625,0.6818181818181818,0.7631578947368421,15,9,29,7,8
sgd_log_loss_t0_only,t0_only,sgd_log_loss,0.7666666666666667,0.7679425837320575,0.7828947368421053,0.6104465577525922,0.7083333333333334,0.6538461538461539,0.7727272727272727,0.7631578947368421,17,9,29,5,9
sgd_log_loss_t0_only,t0_only,sgd_log_loss,0.7333333333333333,0.7320574162679425,0.7727272727272727,0.5966378348489785,0.6666666666666666,0.6153846153846154,0.7272727272727273,0.7368421052631579,16,10,28,6,10
sgd_log_loss_t0_only,t0_only,sgd_log_loss,0.7377049180327869,0.6958041958041958,0.7156177156177155,0.5577025649070515,0.6,0.6666666666666666,0.5454545454545454,0.8461538461538461,12,6,33,10,11
sgd_log_loss_t0_only,t0_only,sgd_log_loss,0.7666666666666667,0.7966507177033493,0.7870813397129186,0.6015151515151514,0.7407407407407407,0.625,0.9090909090909091,0.6842105263157895,20,12,26,2,12
sgd_log_loss_t0_only,t0_only,sgd_log_loss,0.8333333333333334,0.8492822966507176,0.8510765550239234,0.6911369332421964,0.8,0.7142857142857143,0.9090909090909091,0.7894736842105263,20,8,30,2,13
sgd_log_loss_t0_only,t0_only,sgd_log_loss,0.6666666666666666,0.6698564593301435,0.6991626794258373,0.5101297097264839,0.6,0.5357142857142857,0.6818181818181818,0.6578947368421053,15,13,25,7,14
sgd_log_loss_t0_only,t0_only,sgd_log_loss,0.8,0.8038277511961722,0.8205741626794258,0.6562854319446612,0.75,0.6923076923076923,0.8181818181818182,0.7894736842105263,18,8,30,4,15
sgd_log_loss_t1_only,t1_only,sgd_log_loss,0.7049180327868853,0.7395104895104896,0.7424242424242424,0.5431084018473226,0.6785714285714286,0.5588235294117647,0.8636363636363636,0.6153846153846154,19,15,24,3,1
sgd_log_loss_t1_only,t1_only,sgd_log_loss,0.75,0.7356459330143541,0.7236842105263158,0.5748737534725039,0.6666666666666666,0.6521739130434783,0.6818181818181818,0.7894736842105263,15,8,30,7,2
sgd_log_loss_t1_only,t1_only,sgd_log_loss,0.6833333333333333,0.6925837320574163,0.7517942583732057,0.5441353725263482,0.6274509803921569,0.5517241379310345,0.7272727272727273,0.6578947368421053,16,13,25,6,3
sgd_log_loss_t1_only,t1_only,sgd_log_loss,0.85,0.8433014354066986,0.8313397129186604,0.7088513594442448,0.8,0.782608695652174,0.8181818181818182,0.868421052631579,18,5,33,4,4
sgd_log_loss_t1_only,t1_only,sgd_log_loss,0.75,0.7260765550239234,0.7559808612440192,0.6040219744024091,0.6511627906976745,0.6666666666666666,0.6363636363636364,0.8157894736842105,14,7,31,8,5
sgd_log_loss_t1_only,t1_only,sgd_log_loss,0.7213114754098361,0.7424242424242424,0.7657342657342657,0.5623970447589204,0.6792452830188679,0.5806451612903226,0.8181818181818182,0.6666666666666666,18,13,26,4,6
sgd_log_loss_t1_only,t1_only,sgd_log_loss,0.7833333333333333,0.7332535885167464,0.7745215311004785,0.7062234766039113,0.6486486486486487,0.8,0.5454545454545454,0.9210526315789473,12,3,35,10,7
sgd_log_loss_t1_only,t1_only,sgd_log_loss,0.7833333333333333,0.7619617224880382,0.8181818181818182,0.6661755131879161,0.6976744186046512,0.7142857142857143,0.6818181818181818,0.8421052631578947,15,6,32,7,8
sgd_log_loss_t1_only,t1_only,sgd_log_loss,0.7833333333333333,0.7906698564593302,0.7894736842105263,0.6143356643356643,0.7346938775510204,0.6666666666666666,0.8181818181818182,0.7631578947368421,18,9,29,4,9
sgd_log_loss_t1_only,t1_only,sgd_log_loss,0.7666666666666667,0.7679425837320575,0.7972488038277512,0.6211222804972805,0.7083333333333334,0.6538461538461539,0.7727272727272727,0.7631578947368421,17,9,29,5,10
sgd_log_loss_t1_only,t1_only,sgd_log_loss,0.8032786885245902,0.7768065268065267,0.833916083916084,0.6815075998104619,0.7142857142857143,0.75,0.6818181818181818,0.8717948717948718,15,5,34,7,11
sgd_log_loss_t1_only,t1_only,sgd_log_loss,0.7666666666666667,0.7679425837320575,0.791267942583732,0.6143356643356643,0.7083333333333334,0.6538461538461539,0.7727272727272727,0.7631578947368421,17,9,29,5,12
sgd_log_loss_t1_only,t1_only,sgd_log_loss,0.7666666666666667,0.7679425837320575,0.8098086124401913,0.629763331546014,0.7083333333333334,0.6538461538461539,0.7727272727272727,0.7631578947368421,17,9,29,5,13
sgd_log_loss_t1_only,t1_only,sgd_log_loss,0.6166666666666667,0.6208133971291866,0.6375598086124402,0.45726729571003955,0.5490196078431373,0.4827586206896552,0.6363636363636364,0.6052631578947368,14,15,23,8,14
sgd_log_loss_t1_only,t1_only,sgd_log_loss,0.8,0.7942583732057416,0.8331339712918661,0.6738047138047139,0.7391304347826086,0.7083333333333334,0.7727272727272727,0.8157894736842105,17,7,31,5,15
sgd_hinge_t0_only,t0_only,sgd_hinge,0.8524590163934426,0.8648018648018647,0.8834498834498833,0.8676099735904221,0.8163265306122449,0.7407407407407407,0.9090909090909091,0.8205128205128205,20,7,32,2,1
sgd_hinge_t0_only,t0_only,sgd_hinge,0.7833333333333333,0.8002392344497608,0.8660287081339713,0.8547637711059666,0.7450980392156863,0.6551724137931034,0.8636363636363636,0.7368421052631579,19,10,28,3,2
sgd_hinge_t0_only,t0_only,sgd_hinge,0.7666666666666667,0.7488038277511961,0.8313397129186603,0.8282223765803207,0.6818181818181818,0.6818181818181818,0.6818181818181818,0.8157894736842105,15,7,31,7,3
sgd_hinge_t0_only,t0_only,sgd_hinge,0.7833333333333333,0.742822966507177,0.812200956937799,0.7782488926335673,0.6666666666666666,0.7647058823529411,0.5909090909090909,0.8947368421052632,13,4,34,9,4
sgd_hinge_t0_only,t0_only,sgd_hinge,0.7333333333333333,0.7416267942583732,0.8373205741626795,0.8037802266365943,0.68,0.6071428571428571,0.7727272727272727,0.7105263157894737,17,11,27,5,5
sgd_hinge_t0_only,t0_only,sgd_hinge,0.7377049180327869,0.7552447552447552,0.7785547785547786,0.7006948341095309,0.6923076923076923,0.6,0.8181818181818182,0.6923076923076923,18,12,27,4,6
sgd_hinge_t0_only,t0_only,sgd_hinge,0.8333333333333334,0.8397129186602871,0.8923444976076556,0.8577607761543182,0.7916666666666666,0.7307692307692307,0.8636363636363636,0.8157894736842105,19,7,31,3,7
sgd_hinge_t0_only,t0_only,sgd_hinge,0.6833333333333333,0.6734449760765551,0.8074162679425837,0.8072002450690778,0.5957446808510638,0.56,0.6363636363636364,0.7105263157894737,14,11,27,8,8
sgd_hinge_t0_only,t0_only,sgd_hinge,0.7833333333333333,0.7715311004784688,0.8720095693779905,0.8629638129004253,0.7111111111111111,0.6956521739130435,0.7272727272727273,0.8157894736842105,16,7,31,6,9
sgd_hinge_t0_only,t0_only,sgd_hinge,0.7,0.715311004784689,0.8133971291866029,0.7674768038779267,0.6538461538461539,0.5666666666666667,0.7727272727272727,0.6578947368421053,17,13,25,5,10
sgd_hinge_t0_only,t0_only,sgd_hinge,0.7213114754098361,0.6928904428904429,0.782051282051282,0.7350167644751062,0.6046511627906976,0.6190476190476191,0.5909090909090909,0.7948717948717948,13,8,31,9,11
sgd_hinge_t0_only,t0_only,sgd_hinge,0.75,0.7834928229665072,0.8779904306220095,0.839366852823382,0.7272727272727273,0.6060606060606061,0.9090909090909091,0.6578947368421053,20,13,25,2,12
sgd_hinge_t0_only,t0_only,sgd_hinge,0.7166666666666667,0.7284688995215312,0.7763157894736842,0.6829840241784724,0.6666666666666666,0.5862068965517241,0.7727272727272727,0.6842105263157895,17,12,26,5,13
sgd_hinge_t0_only,t0_only,sgd_hinge,0.7,0.6866028708133971,0.8480861244019139,0.8141216981337569,0.6086956521739131,0.5833333333333334,0.6363636363636364,0.7368421052631579,14,10,28,8,14
sgd_hinge_t0_only,t0_only,sgd_hinge,0.8333333333333334,0.8205741626794258,0.861244019138756,0.8369121917865936,0.7727272727272727,0.7727272727272727,0.7727272727272727,0.868421052631579,17,5,33,5,15
sgd_hinge_t1_only,t1_only,sgd_hinge,0.7213114754098361,0.7424242424242424,0.8356643356643356,0.7940305019542275,0.6792452830188679,0.5806451612903226,0.8181818181818182,0.6666666666666666,18,13,26,4,1
sgd_hinge_t1_only,t1_only,sgd_hinge,0.7,0.6961722488038278,0.7822966507177034,0.7740499782110744,0.625,0.5769230769230769,0.6818181818181818,0.7105263157894737,15,11,27,7,2
sgd_hinge_t1_only,t1_only,sgd_hinge,0.7,0.715311004784689,0.8504784688995215,0.8329763603124143,0.6538461538461539,0.5666666666666667,0.7727272727272727,0.6578947368421053,17,13,25,5,3
sgd_hinge_t1_only,t1_only,sgd_hinge,0.8,0.784688995215311,0.8803827751196173,0.8540549370766566,0.7272727272727273,0.7272727272727273,0.7272727272727273,0.8421052631578947,16,6,32,6,4
sgd_hinge_t1_only,t1_only,sgd_hinge,0.7,0.6770334928229665,0.8086124401913876,0.7097557463132629,0.5909090909090909,0.5909090909090909,0.5909090909090909,0.7631578947368421,13,9,29,9,5
sgd_hinge_t1_only,t1_only,sgd_hinge,0.7377049180327869,0.7354312354312355,0.8286713286713286,0.8097754680923832,0.6666666666666666,0.6153846153846154,0.7272727272727273,0.7435897435897436,16,10,29,6,6
sgd_hinge_t1_only,t1_only,sgd_hinge,0.75,0.7165071770334928,0.7894736842105263,0.7768239509845969,0.6341463414634146,0.6842105263157895,0.5909090909090909,0.8421052631578947,13,6,32,9,7
sgd_hinge_t1_only,t1_only,sgd_hinge,0.8166666666666667,0.8169856459330144,0.888755980861244,0.8392525953860717,0.7659574468085106,0.72,0.8181818181818182,0.8157894736842105,18,7,31,4,8
sgd_hinge_t1_only,t1_only,sgd_hinge,0.7833333333333333,0.7906698564593302,0.8110047846889953,0.7960888092616518,0.7346938775510204,0.6666666666666666,0.8181818181818182,0.7631578947368421,18,9,29,4,9
sgd_hinge_t1_only,t1_only,sgd_hinge,0.6666666666666666,0.6889952153110048,0.7918660287081339,0.7321127720709901,0.6296296296296297,0.53125,0.7727272727272727,0.6052631578947368,17,15,23,5,10
sgd_hinge_t1_only,t1_only,sgd_hinge,0.8360655737704918,0.8321678321678322,0.8601398601398602,0.7872996929265395,0.782608695652174,0.75,0.8181818181818182,0.8461538461538461,18,6,33,4,11
sgd_hinge_t1_only,t1_only,sgd_hinge,0.7833333333333333,0.7811004784688995,0.8696172248803828,0.8163283730869297,0.723404255319149,0.68,0.7727272727272727,0.7894736842105263,17,8,30,5,12
sgd_hinge_t1_only,t1_only,sgd_hinge,0.7833333333333333,0.8098086124401913,0.9055023923444976,0.8834516593154775,0.7547169811320755,0.6451612903225806,0.9090909090909091,0.7105263157894737,20,11,27,2,13
sgd_hinge_t1_only,t1_only,sgd_hinge,0.6666666666666666,0.6794258373205742,0.770334928229665,0.7210348636103463,0.6153846153846154,0.5333333333333333,0.7272727272727273,0.631578947368421,16,14,24,6,14
sgd_hinge_t1_only,t1_only,sgd_hinge,0.75,0.7356459330143541,0.8145933014354066,0.8056629169477465,0.6666666666666666,0.6521739130434783,0.6818181818181818,0.7894736842105263,15,8,30,7,15
sgd_modified_huber_t0_only,t0_only,sgd_modified_huber,0.8360655737704918,0.8519813519813519,0.851981351981352,0.682137534596551,0.8,0.7142857142857143,0.9090909090909091,0.7948717948717948,20,8,31,2,1
sgd_modified_huber_t0_only,t0_only,sgd_modified_huber,0.8,0.8038277511961722,0.8038277511961723,0.6331002331002331,0.75,0.6923076923076923,0.8181818181818182,0.7894736842105263,18,8,30,4,2
sgd_modified_huber_t0_only,t0_only,sgd_modified_huber,0.85,0.8433014354066986,0.8433014354066987,0.7069828722002636,0.8,0.782608695652174,0.8181818181818182,0.868421052631579,18,5,33,4,3
sgd_modified_huber_t0_only,t0_only,sgd_modified_huber,0.7166666666666667,0.680622009569378,0.6806220095693779,0.511164274322169,0.5853658536585366,0.631578947368421,0.5454545454545454,0.8157894736842105,12,7,31,10,4
sgd_modified_huber_t0_only,t0_only,sgd_modified_huber,0.8333333333333334,0.8301435406698565,0.8301435406698565,0.6803030303030303,0.782608695652174,0.75,0.8181818181818182,0.8421052631578947,18,6,32,4,5
sgd_modified_huber_t0_only,t0_only,sgd_modified_huber,0.6885245901639344,0.696969696969697,0.696969696969697,0.4996145742330027,0.6274509803921569,0.5517241379310345,0.7272727272727273,0.6666666666666666,16,13,26,6,6
sgd_modified_huber_t0_only,t0_only,sgd_modified_huber,0.8333333333333334,0.8301435406698565,0.8301435406698565,0.6803030303030303,0.782608695652174,0.75,0.8181818181818182,0.8421052631578947,18,6,32,4,7
sgd_modified_huber_t0_only,t0_only,sgd_modified_huber,0.7333333333333333,0.722488038277512,0.7224880382775118,0.5428030303030302,0.6521739130434783,0.625,0.6818181818181818,0.7631578947368421,15,9,29,7,8
sgd_modified_huber_t0_only,t0_only,sgd_modified_huber,0.7666666666666667,0.7679425837320575,0.7679425837320575,0.5885780885780886,0.7083333333333334,0.6538461538461539,0.7727272727272727,0.7631578947368421,17,9,29,5,9
sgd_modified_huber_t0_only,t0_only,sgd_modified_huber,0.7833333333333333,0.7906698564593302,0.7906698564593302,0.6121212121212121,0.7346938775510204,0.6666666666666666,0.8181818181818182,0.7631578947368421,18,9,29,4,10
sgd_modified_huber_t0_only,t0_only,sgd_modified_huber,0.7377049180327869,0.6958041958041958,0.6958041958041958,0.5275707898658718,0.6,0.6666666666666666,0.5454545454545454,0.8461538461538461,12,6,33,10,11
sgd_modified_huber_t0_only,t0_only,sgd_modified_huber,0.7333333333333333,0.7511961722488039,0.7511961722488039,0.5575757575757575,0.6923076923076923,0.6,0.8181818181818182,0.6842105263157895,18,12,26,4,12
sgd_modified_huber_t0_only,t0_only,sgd_modified_huber,0.7166666666666667,0.7284688995215312,0.7284688995215312,0.5363113897596656,0.6666666666666666,0.5862068965517241,0.7727272727272727,0.6842105263157895,17,12,26,5,13
sgd_modified_huber_t0_only,t0_only,sgd_modified_huber,0.6666666666666666,0.6698564593301435,0.6698564593301435,0.4819264069264069,0.6,0.5357142857142857,0.6818181818181818,0.6578947368421053,15,13,25,7,14
sgd_modified_huber_t0_only,t0_only,sgd_modified_huber,0.8,0.8038277511961722,0.8038277511961723,0.6331002331002331,0.75,0.6923076923076923,0.8181818181818182,0.7894736842105263,18,8,30,4,15
sgd_modified_huber_t1_only,t1_only,sgd_modified_huber,0.7049180327868853,0.7395104895104896,0.7395104895104896,0.5318006487244675,0.6785714285714286,0.5588235294117647,0.8636363636363636,0.6153846153846154,19,15,24,3,1
sgd_modified_huber_t1_only,t1_only,sgd_modified_huber,0.75,0.7356459330143541,0.7356459330143541,0.56133069828722,0.6666666666666666,0.6521739130434783,0.6818181818181818,0.7894736842105263,15,8,30,7,2
sgd_modified_huber_t1_only,t1_only,sgd_modified_huber,0.7166666666666667,0.7380382775119618,0.7380382775119618,0.5417399804496579,0.6792452830188679,0.5806451612903226,0.8181818181818182,0.6578947368421053,18,13,25,4,3
sgd_modified_huber_t1_only,t1_only,sgd_modified_huber,0.8166666666666667,0.8169856459330144,0.8169856459330145,0.6557575757575758,0.7659574468085106,0.72,0.8181818181818182,0.8157894736842105,18,7,31,4,4
sgd_modified_huber_t1_only,t1_only,sgd_modified_huber,0.75,0.7260765550239234,0.7260765550239234,0.5575757575757575,0.6511627906976745,0.6666666666666666,0.6363636363636364,0.8157894736842105,14,7,31,8,5
sgd_modified_huber_t1_only,t1_only,sgd_modified_huber,0.7213114754098361,0.7424242424242424,0.7424242424242425,0.5406470842747946,0.6792452830188679,0.5806451612903226,0.8181818181818182,0.6666666666666666,18,13,26,4,6
sgd_modified_huber_t1_only,t1_only,sgd_modified_huber,0.7833333333333333,0.7332535885167464,0.7332535885167463,0.603030303030303,0.6486486486486487,0.8,0.5454545454545454,0.9210526315789473,12,3,35,10,7
sgd_modified_huber_t1_only,t1_only,sgd_modified_huber,0.7833333333333333,0.7619617224880382,0.7619617224880382,0.6036796536796537,0.6976744186046512,0.7142857142857143,0.6818181818181818,0.8421052631578947,15,6,32,7,8
sgd_modified_huber_t1_only,t1_only,sgd_modified_huber,0.7833333333333333,0.7906698564593302,0.7906698564593302,0.6121212121212121,0.7346938775510204,0.6666666666666666,0.8181818181818182,0.7631578947368421,18,9,29,4,9
sgd_modified_huber_t1_only,t1_only,sgd_modified_huber,0.7666666666666667,0.7679425837320575,0.7679425837320575,0.5885780885780886,0.7083333333333334,0.6538461538461539,0.7727272727272727,0.7631578947368421,17,9,29,5,10
sgd_modified_huber_t1_only,t1_only,sgd_modified_huber,0.8032786885245902,0.7768065268065267,0.7768065268065267,0.6261177347242921,0.7142857142857143,0.75,0.6818181818181818,0.8717948717948718,15,5,34,7,11
sgd_modified_huber_t1_only,t1_only,sgd_modified_huber,0.7833333333333333,0.7906698564593302,0.7906698564593302,0.6121212121212121,0.7346938775510204,0.6666666666666666,0.8181818181818182,0.7631578947368421,18,9,29,4,12
sgd_modified_huber_t1_only,t1_only,sgd_modified_huber,0.7666666666666667,0.7679425837320575,0.7679425837320575,0.5885780885780886,0.7083333333333334,0.6538461538461539,0.7727272727272727,0.7631578947368421,17,9,29,5,13
sgd_modified_huber_t1_only,t1_only,sgd_modified_huber,0.6166666666666667,0.6208133971291866,0.6208133971291866,0.44054336468129573,0.5490196078431373,0.4827586206896552,0.6363636363636364,0.6052631578947368,14,15,23,8,14
sgd_modified_huber_t1_only,t1_only,sgd_modified_huber,0.8166666666666667,0.8169856459330144,0.8169856459330145,0.6557575757575758,0.7659574468085106,0.72,0.8181818181818182,0.8157894736842105,18,7,31,4,15
pca10_rbf_svm_t0_only,t0_only,pca10_rbf_svm,0.6557377049180327,0.5425407925407926,0.6480186480186481,0.49720035604744733,0.2222222222222222,0.6,0.13636363636363635,0.9487179487179487,3,2,37,19,1
pca10_rbf_svm_t0_only,t0_only,pca10_rbf_svm,0.7166666666666667,0.6232057416267942,0.7117224880382775,0.6347368277203934,0.41379310344827586,0.8571428571428571,0.2727272727272727,0.9736842105263158,6,1,37,16,2
pca10_rbf_svm_t0_only,t0_only,pca10_rbf_svm,0.7166666666666667,0.6327751196172249,0.7308612440191388,0.6462767131013466,0.45161290322580644,0.7777777777777778,0.3181818181818182,0.9473684210526315,7,2,36,15,3
pca10_rbf_svm_t0_only,t0_only,pca10_rbf_svm,0.65,0.5610047846889952,0.7260765550239234,0.6158319608922589,0.3225806451612903,0.5555555555555556,0.22727272727272727,0.8947368421052632,5,4,34,17,4
pca10_rbf_svm_t0_only,t0_only,pca10_rbf_svm,0.75,0.6686602870813397,0.7799043062200958,0.7012262304687734,0.5161290322580645,0.8888888888888888,0.36363636363636365,0.9736842105263158,8,1,37,14,5
pca10_rbf_svm_t0_only,t0_only,pca10_rbf_svm,0.639344262295082,0.5297202797202798,0.6783216783216783,0.501303776792062,0.21428571428571427,0.5,0.13636363636363635,0.9230769230769231,3,3,36,19,6
pca10_rbf_svm_t0_only,t0_only,pca10_rbf_svm,0.7333333333333333,0.645933014354067,0.8301435406698565,0.7695050754220019,0.4666666666666667,0.875,0.3181818181818182,0.9736842105263158,7,1,37,15,7
pca10_rbf_svm_t0_only,t0_only,pca10_rbf_svm,0.6666666666666666,0.5645933014354066,0.7141148325358853,0.5970299819566514,0.2857142857142857,0.6666666666666666,0.18181818181818182,0.9473684210526315,4,2,36,18,8
pca10_rbf_svm_t0_only,t0_only,pca10_rbf_svm,0.7333333333333333,0.645933014354067,0.7559808612440191,0.6935458578791966,0.4666666666666667,0.875,0.3181818181818182,0.9736842105263158,7,1,37,15,9
pca10_rbf_svm_t0_only,t0_only,pca10_rbf_svm,0.6833333333333333,0.5873205741626794,0.7200956937799043,0.5972329449140912,0.3448275862068966,0.7142857142857143,0.22727272727272727,0.9473684210526315,5,2,36,17,10
pca10_rbf_svm_t0_only,t0_only,pca10_rbf_svm,0.7213114754098361,0.6235431235431235,0.6946386946386947,0.6591296026697335,0.41379310344827586,0.8571428571428571,0.2727272727272727,0.9743589743589743,6,1,38,16,11
pca10_rbf_svm_t0_only,t0_only,pca10_rbf_svm,0.6833333333333333,0.6064593301435407,0.7021531100478469,0.5709269633244622,0.42424242424242425,0.6363636363636364,0.3181818181818182,0.8947368421052632,7,4,34,15,12
pca10_rbf_svm_t0_only,t0_only,pca10_rbf_svm,0.6666666666666666,0.5741626794258373,0.6172248803827751,0.4829343539401757,0.3333333333333333,0.625,0.22727272727272727,0.9210526315789473,5,3,35,17,13
pca10_rbf_svm_t0_only,t0_only,pca10_rbf_svm,0.6833333333333333,0.5777511961722488,0.7523923444976077,0.6719307880671517,0.2962962962962963,0.8,0.18181818181818182,0.9736842105263158,4,1,37,18,14
pca10_rbf_svm_t0_only,t0_only,pca10_rbf_svm,0.6833333333333333,0.5681818181818181,0.757177033492823,0.6719778407721931,0.24,1.0,0.13636363636363635,1.0,3,0,38,19,15
pca20_rbf_svm_t0_only,t0_only,pca20_rbf_svm,0.6557377049180327,0.5425407925407926,0.7587412587412588,0.6136708288052902,0.2222222222222222,0.6,0.13636363636363635,0.9487179487179487,3,2,37,19,1
pca20_rbf_svm_t0_only,t0_only,pca20_rbf_svm,0.6666666666666666,0.5645933014354066,0.7380382775119617,0.6352342476279446,0.2857142857142857,0.6666666666666666,0.18181818181818182,0.9473684210526315,4,2,36,18,2
pca20_rbf_svm_t0_only,t0_only,pca20_rbf_svm,0.7166666666666667,0.6232057416267942,0.7858851674641149,0.7169210878765668,0.41379310344827586,0.8571428571428571,0.2727272727272727,0.9736842105263158,6,1,37,16,3
pca20_rbf_svm_t0_only,t0_only,pca20_rbf_svm,0.65,0.5610047846889952,0.7464114832535885,0.6372339599692939,0.3225806451612903,0.5555555555555556,0.22727272727272727,0.8947368421052632,5,4,34,17,4
pca20_rbf_svm_t0_only,t0_only,pca20_rbf_svm,0.7666666666666667,0.6818181818181819,0.8086124401913876,0.7581167958637787,0.5333333333333333,1.0,0.36363636363636365,1.0,8,0,38,14,5
pca20_rbf_svm_t0_only,t0_only,pca20_rbf_svm,0.6557377049180327,0.5425407925407926,0.7634032634032634,0.6385926507308461,0.2222222222222222,0.6,0.13636363636363635,0.9487179487179487,3,2,37,19,6
pca20_rbf_svm_t0_only,t0_only,pca20_rbf_svm,0.6833333333333333,0.5777511961722488,0.8456937799043063,0.7801229019739845,0.2962962962962963,0.8,0.18181818181818182,0.9736842105263158,4,1,37,18,7
pca20_rbf_svm_t0_only,t0_only,pca20_rbf_svm,0.7,0.5909090909090909,0.7691387559808612,0.7372021970875529,0.3076923076923077,1.0,0.18181818181818182,1.0,4,0,38,18,8
pca20_rbf_svm_t0_only,t0_only,pca20_rbf_svm,0.7166666666666667,0.6136363636363636,0.764354066985646,0.7107704000008126,0.37037037037037035,1.0,0.22727272727272727,1.0,5,0,38,17,9
pca20_rbf_svm_t0_only,t0_only,pca20_rbf_svm,0.7166666666666667,0.6232057416267942,0.7165071770334928,0.6400718320080707,0.41379310344827586,0.8571428571428571,0.2727272727272727,0.9736842105263158,6,1,37,16,10
pca20_rbf_svm_t0_only,t0_only,pca20_rbf_svm,0.7049180327868853,0.5909090909090909,0.7424242424242424,0.7153841820167011,0.3076923076923077,1.0,0.18181818181818182,1.0,4,0,39,18,11
pca20_rbf_svm_t0_only,t0_only,pca20_rbf_svm,0.7166666666666667,0.6327751196172249,0.7595693779904307,0.646122056912577,0.45161290322580644,0.7777777777777778,0.3181818181818182,0.9473684210526315,7,2,36,15,12
pca20_rbf_svm_t0_only,t0_only,pca20_rbf_svm,0.7,0.6004784688995215,0.7547846889952153,0.6291889909026831,0.35714285714285715,0.8333333333333334,0.22727272727272727,0.9736842105263158,5,1,37,17,13
pca20_rbf_svm_t0_only,t0_only,pca20_rbf_svm,0.7,0.6004784688995215,0.7488038277511962,0.6958005255383769,0.35714285714285715,0.8333333333333334,0.22727272727272727,0.9736842105263158,5,1,37,17,14
pca20_rbf_svm_t0_only,t0_only,pca20_rbf_svm,0.6833333333333333,0.5681818181818181,0.8110047846889953,0.7733578360800424,0.24,1.0,0.13636363636363635,1.0,3,0,38,19,15
pca50_rbf_svm_t0_only,t0_only,pca50_rbf_svm,0.6557377049180327,0.5326340326340326,0.7913752913752913,0.6677854126989032,0.16,0.6666666666666666,0.09090909090909091,0.9743589743589743,2,1,38,20,1
pca50_rbf_svm_t0_only,t0_only,pca50_rbf_svm,0.7,0.5909090909090909,0.7129186602870814,0.6490917418332136,0.3076923076923077,1.0,0.18181818181818182,1.0,4,0,38,18,2
pca50_rbf_svm_t0_only,t0_only,pca50_rbf_svm,0.7166666666666667,0.6232057416267942,0.8038277511961722,0.7416822467613702,0.41379310344827586,0.8571428571428571,0.2727272727272727,0.9736842105263158,6,1,37,16,3
pca50_rbf_svm_t0_only,t0_only,pca50_rbf_svm,0.65,0.5514354066985646,0.7392344497607656,0.6594934983830057,0.27586206896551724,0.5714285714285714,0.18181818181818182,0.9210526315789473,4,3,35,18,4
pca50_rbf_svm_t0_only,t0_only,pca50_rbf_svm,0.7333333333333333,0.6363636363636364,0.813397129186603,0.7727862224054218,0.42857142857142855,1.0,0.2727272727272727,1.0,6,0,38,16,5
pca50_rbf_svm_t0_only,t0_only,pca50_rbf_svm,0.6721311475409836,0.5652680652680653,0.8076923076923077,0.6851086916988903,0.2857142857142857,0.6666666666666666,0.18181818181818182,0.9487179487179487,4,2,37,18,6
pca50_rbf_svm_t0_only,t0_only,pca50_rbf_svm,0.7,0.6004784688995215,0.8433014354066986,0.787960880161837,0.35714285714285715,0.8333333333333334,0.22727272727272727,0.9736842105263158,5,1,37,17,7
pca50_rbf_svm_t0_only,t0_only,pca50_rbf_svm,0.6833333333333333,0.5777511961722488,0.7858851674641149,0.7365176743602261,0.2962962962962963,0.8,0.18181818181818182,0.9736842105263158,4,1,37,18,8
pca50_rbf_svm_t0_only,t0_only,pca50_rbf_svm,0.7166666666666667,0.6136363636363636,0.7619617224880383,0.7021362018970896,0.37037037037037035,1.0,0.22727272727272727,1.0,5,0,38,17,9
pca50_rbf_svm_t0_only,t0_only,pca50_rbf_svm,0.6666666666666666,0.5550239234449761,0.7200956937799043,0.6224910903763735,0.23076923076923078,0.75,0.13636363636363635,0.9736842105263158,3,1,37,19,10
pca50_rbf_svm_t0_only,t0_only,pca50_rbf_svm,0.7049180327868853,0.5909090909090909,0.7074592074592075,0.6655684355899694,0.3076923076923077,1.0,0.18181818181818182,1.0,4,0,39,18,11
pca50_rbf_svm_t0_only,t0_only,pca50_rbf_svm,0.6666666666666666,0.5645933014354066,0.771531100478469,0.666858607718421,0.2857142857142857,0.6666666666666666,0.18181818181818182,0.9473684210526315,4,2,36,18,12
pca50_rbf_svm_t0_only,t0_only,pca50_rbf_svm,0.7,0.5909090909090909,0.7882775119617225,0.7265499469374774,0.3076923076923077,1.0,0.18181818181818182,1.0,4,0,38,18,13
pca50_rbf_svm_t0_only,t0_only,pca50_rbf_svm,0.7,0.6004784688995215,0.7476076555023923,0.6875281695911684,0.35714285714285715,0.8333333333333334,0.22727272727272727,0.9736842105263158,5,1,37,17,14
pca50_rbf_svm_t0_only,t0_only,pca50_rbf_svm,0.7,0.5909090909090909,0.8145933014354068,0.7709233645018185,0.3076923076923077,1.0,0.18181818181818182,1.0,4,0,38,18,15
pca10_rbf_svm_t1_only,t1_only,pca10_rbf_svm,0.7704918032786885,0.6917249417249417,0.7470862470862472,0.7210870377123018,0.5625,0.9,0.4090909090909091,0.9743589743589743,9,1,38,13,1
pca10_rbf_svm_t1_only,t1_only,pca10_rbf_svm,0.6333333333333333,0.5382775119617225,0.6435406698564593,0.5778758801346922,0.26666666666666666,0.5,0.18181818181818182,0.8947368421052632,4,4,34,18,2
pca10_rbf_svm_t1_only,t1_only,pca10_rbf_svm,0.7166666666666667,0.6423444976076556,0.7834928229665072,0.7197282159877068,0.48484848484848486,0.7272727272727273,0.36363636363636365,0.9210526315789473,8,3,35,14,3
pca10_rbf_svm_t1_only,t1_only,pca10_rbf_svm,0.6666666666666666,0.5645933014354066,0.7727272727272728,0.6732640419412638,0.2857142857142857,0.6666666666666666,0.18181818181818182,0.9473684210526315,4,2,36,18,4
pca10_rbf_svm_t1_only,t1_only,pca10_rbf_svm,0.7,0.6004784688995215,0.763157894736842,0.7161070548608988,0.35714285714285715,0.8333333333333334,0.22727272727272727,0.9736842105263158,5,1,37,17,5
pca10_rbf_svm_t1_only,t1_only,pca10_rbf_svm,0.6885245901639344,0.6078088578088578,0.7144522144522145,0.6257710422762904,0.42424242424242425,0.6363636363636364,0.3181818181818182,0.8974358974358975,7,4,35,15,6
pca10_rbf_svm_t1_only,t1_only,pca10_rbf_svm,0.65,0.5610047846889952,0.651913875598086,0.5483823772741143,0.3225806451612903,0.5555555555555556,0.22727272727272727,0.8947368421052632,5,4,34,17,7
pca10_rbf_svm_t1_only,t1_only,pca10_rbf_svm,0.6833333333333333,0.5873205741626794,0.6602870813397129,0.6079839616223566,0.3448275862068966,0.7142857142857143,0.22727272727272727,0.9473684210526315,5,2,36,17,8
pca10_rbf_svm_t1_only,t1_only,pca10_rbf_svm,0.7166666666666667,0.6327751196172249,0.7834928229665072,0.6982880199275111,0.45161290322580644,0.7777777777777778,0.3181818181818182,0.9473684210526315,7,2,36,15,9
pca10_rbf_svm_t1_only,t1_only,pca10_rbf_svm,0.7333333333333333,0.6555023923444976,0.7739234449760766,0.7570750588253472,0.5,0.8,0.36363636363636365,0.9473684210526315,8,2,36,14,10
pca10_rbf_svm_t1_only,t1_only,pca10_rbf_svm,0.6885245901639344,0.5979020979020979,0.6993006993006993,0.5513432713531526,0.3870967741935484,0.6666666666666666,0.2727272727272727,0.9230769230769231,6,3,36,16,11
pca10_rbf_svm_t1_only,t1_only,pca10_rbf_svm,0.7166666666666667,0.6423444976076556,0.7212918660287081,0.6595955658433372,0.48484848484848486,0.7272727272727273,0.36363636363636365,0.9210526315789473,8,3,35,14,12
pca10_rbf_svm_t1_only,t1_only,pca10_rbf_svm,0.6333333333333333,0.5669856459330144,0.7607655502392344,0.6707348577956539,0.3888888888888889,0.5,0.3181818181818182,0.8157894736842105,7,7,31,15,13
pca10_rbf_svm_t1_only,t1_only,pca10_rbf_svm,0.7166666666666667,0.6232057416267942,0.7177033492822966,0.643147208194683,0.41379310344827586,0.8571428571428571,0.2727272727272727,0.9736842105263158,6,1,37,16,14
pca10_rbf_svm_t1_only,t1_only,pca10_rbf_svm,0.7333333333333333,0.6555023923444976,0.8169856459330144,0.7642544698566562,0.5,0.8,0.36363636363636365,0.9473684210526315,8,2,36,14,15
pca20_rbf_svm_t1_only,t1_only,pca20_rbf_svm,0.7377049180327869,0.6462703962703963,0.8123543123543123,0.7923123691695535,0.4666666666666667,0.875,0.3181818181818182,0.9743589743589743,7,1,38,15,1
pca20_rbf_svm_t1_only,t1_only,pca20_rbf_svm,0.6666666666666666,0.5645933014354066,0.6937799043062202,0.6088722627299834,0.2857142857142857,0.6666666666666666,0.18181818181818182,0.9473684210526315,4,2,36,18,2
pca20_rbf_svm_t1_only,t1_only,pca20_rbf_svm,0.7666666666666667,0.6913875598086124,0.8397129186602872,0.7570309627798891,0.5625,0.9,0.4090909090909091,0.9736842105263158,9,1,37,13,3
pca20_rbf_svm_t1_only,t1_only,pca20_rbf_svm,0.7833333333333333,0.7045454545454546,0.8552631578947367,0.8235071474175903,0.5806451612903226,1.0,0.4090909090909091,1.0,9,0,38,13,4
pca20_rbf_svm_t1_only,t1_only,pca20_rbf_svm,0.7333333333333333,0.6363636363636364,0.7667464114832537,0.7165576985689659,0.42857142857142855,1.0,0.2727272727272727,1.0,6,0,38,16,5
pca20_rbf_svm_t1_only,t1_only,pca20_rbf_svm,0.7213114754098361,0.6235431235431235,0.7692307692307692,0.6861494646999134,0.41379310344827586,0.8571428571428571,0.2727272727272727,0.9743589743589743,6,1,38,16,6
pca20_rbf_svm_t1_only,t1_only,pca20_rbf_svm,0.6666666666666666,0.5645933014354066,0.7344497607655502,0.6011997343757581,0.2857142857142857,0.6666666666666666,0.18181818181818182,0.9473684210526315,4,2,36,18,7
pca20_rbf_svm_t1_only,t1_only,pca20_rbf_svm,0.7166666666666667,0.6136363636363636,0.7523923444976076,0.7082392888415325,0.37037037037037035,1.0,0.22727272727272727,1.0,5,0,38,17,8
pca20_rbf_svm_t1_only,t1_only,pca20_rbf_svm,0.7333333333333333,0.645933014354067,0.8456937799043062,0.7893768159482095,0.4666666666666667,0.875,0.3181818181818182,0.9736842105263158,7,1,37,15,9
pca20_rbf_svm_t1_only,t1_only,pca20_rbf_svm,0.7833333333333333,0.7045454545454546,0.8301435406698565,0.8213715350527551,0.5806451612903226,1.0,0.4090909090909091,1.0,9,0,38,13,10
pca20_rbf_svm_t1_only,t1_only,pca20_rbf_svm,0.7213114754098361,0.6235431235431235,0.7855477855477855,0.6628871667672409,0.41379310344827586,0.8571428571428571,0.2727272727272727,0.9743589743589743,6,1,38,16,11
pca20_rbf_svm_t1_only,t1_only,pca20_rbf_svm,0.75,0.6686602870813397,0.7667464114832536,0.7411392736012774,0.5161290322580645,0.8888888888888888,0.36363636363636365,0.9736842105263158,8,1,37,14,12
pca20_rbf_svm_t1_only,t1_only,pca20_rbf_svm,0.7166666666666667,0.6232057416267942,0.8373205741626795,0.7532051734727754,0.41379310344827586,0.8571428571428571,0.2727272727272727,0.9736842105263158,6,1,37,16,13
pca20_rbf_svm_t1_only,t1_only,pca20_rbf_svm,0.7833333333333333,0.7045454545454546,0.7296650717703349,0.7226401761437782,0.5806451612903226,1.0,0.4090909090909091,1.0,9,0,38,13,14
pca20_rbf_svm_t1_only,t1_only,pca20_rbf_svm,0.6833333333333333,0.5681818181818181,0.8289473684210527,0.7619521544230785,0.24,1.0,0.13636363636363635,1.0,3,0,38,19,15
pca50_rbf_svm_t1_only,t1_only,pca50_rbf_svm,0.7213114754098361,0.6235431235431235,0.8473193473193473,0.7884430802399977,0.41379310344827586,0.8571428571428571,0.2727272727272727,0.9743589743589743,6,1,38,16,1
pca50_rbf_svm_t1_only,t1_only,pca50_rbf_svm,0.6833333333333333,0.5777511961722488,0.742822966507177,0.6801352098738527,0.2962962962962963,0.8,0.18181818181818182,0.9736842105263158,4,1,37,18,2
pca50_rbf_svm_t1_only,t1_only,pca50_rbf_svm,0.7666666666666667,0.6913875598086124,0.8624401913875598,0.7745267962380261,0.5625,0.9,0.4090909090909091,0.9736842105263158,9,1,37,13,3
pca50_rbf_svm_t1_only,t1_only,pca50_rbf_svm,0.8166666666666667,0.75,0.8875598086124402,0.8836571232258468,0.6666666666666666,1.0,0.5,1.0,11,0,38,11,4
pca50_rbf_svm_t1_only,t1_only,pca50_rbf_svm,0.7166666666666667,0.6136363636363636,0.8301435406698564,0.7783589890864824,0.37037037037037035,1.0,0.22727272727272727,1.0,5,0,38,17,5
pca50_rbf_svm_t1_only,t1_only,pca50_rbf_svm,0.7377049180327869,0.6363636363636364,0.8205128205128206,0.7975266996040162,0.42857142857142855,1.0,0.2727272727272727,1.0,6,0,39,16,6
pca50_rbf_svm_t1_only,t1_only,pca50_rbf_svm,0.6833333333333333,0.5777511961722488,0.7799043062200957,0.687068041495123,0.2962962962962963,0.8,0.18181818181818182,0.9736842105263158,4,1,37,18,7
pca50_rbf_svm_t1_only,t1_only,pca50_rbf_svm,0.6833333333333333,0.5681818181818181,0.8576555023923446,0.8234757738417224,0.24,1.0,0.13636363636363635,1.0,3,0,38,19,8
pca50_rbf_svm_t1_only,t1_only,pca50_rbf_svm,0.7,0.6004784688995215,0.8504784688995215,0.7962662991108977,0.35714285714285715,0.8333333333333334,0.22727272727272727,0.9736842105263158,5,1,37,17,9
pca50_rbf_svm_t1_only,t1_only,pca50_rbf_svm,0.7833333333333333,0.7045454545454546,0.8576555023923446,0.847782682623436,0.5806451612903226,1.0,0.4090909090909091,1.0,9,0,38,13,10
pca50_rbf_svm_t1_only,t1_only,pca50_rbf_svm,0.7049180327868853,0.6107226107226107,0.7972027972027972,0.6960122623677581,0.4,0.75,0.2727272727272727,0.9487179487179487,6,2,37,16,11
pca50_rbf_svm_t1_only,t1_only,pca50_rbf_svm,0.7333333333333333,0.645933014354067,0.7188995215311005,0.673959586664566,0.4666666666666667,0.875,0.3181818181818182,0.9736842105263158,7,1,37,15,12
pca50_rbf_svm_t1_only,t1_only,pca50_rbf_svm,0.75,0.6590909090909091,0.8444976076555024,0.7808488803504674,0.4827586206896552,1.0,0.3181818181818182,1.0,7,0,38,15,13
pca50_rbf_svm_t1_only,t1_only,pca50_rbf_svm,0.7666666666666667,0.6818181818181819,0.7894736842105263,0.7565918170712362,0.5333333333333333,1.0,0.36363636363636365,1.0,8,0,38,14,14
pca50_rbf_svm_t1_only,t1_only,pca50_rbf_svm,0.7166666666666667,0.6136363636363636,0.8480861244019139,0.8047193216801602,0.37037037037037035,1.0,0.22727272727272727,1.0,5,0,38,17,15
pls2_logreg_t0_only,t0_only,pls2_logreg,0.8032786885245902,0.7966200466200466,0.8391608391608391,0.7527206454432878,0.7391304347826086,0.7083333333333334,0.7727272727272727,0.8205128205128205,17,7,32,5,1
pls2_logreg_t0_only,t0_only,pls2_logreg,0.75,0.7356459330143541,0.7942583732057417,0.6888729837492652,0.6666666666666666,0.6521739130434783,0.6818181818181818,0.7894736842105263,15,8,30,7,2
pls2_logreg_t0_only,t0_only,pls2_logreg,0.8333333333333334,0.8397129186602871,0.9126794258373206,0.8842616884068382,0.7916666666666666,0.7307692307692307,0.8636363636363636,0.8157894736842105,19,7,31,3,3
pls2_logreg_t0_only,t0_only,pls2_logreg,0.7166666666666667,0.6901913875598087,0.7452153110047848,0.6923389352557026,0.6046511627906976,0.6190476190476191,0.5909090909090909,0.7894736842105263,13,8,30,9,4
pls2_logreg_t0_only,t0_only,pls2_logreg,0.7666666666666667,0.7488038277511961,0.812200956937799,0.7538839293889936,0.6818181818181818,0.6818181818181818,0.6818181818181818,0.8157894736842105,15,7,31,7,5
pls2_logreg_t0_only,t0_only,pls2_logreg,0.6885245901639344,0.6771561771561772,0.7237762237762237,0.6521871468408191,0.5957446808510638,0.56,0.6363636363636364,0.717948717948718,14,11,28,8,6
pls2_logreg_t0_only,t0_only,pls2_logreg,0.8,0.784688995215311,0.8588516746411483,0.7762459375735544,0.7272727272727273,0.7272727272727273,0.7272727272727273,0.8421052631578947,16,6,32,6,7
pls2_logreg_t0_only,t0_only,pls2_logreg,0.8,0.784688995215311,0.826555023923445,0.8002536297203307,0.7272727272727273,0.7272727272727273,0.7272727272727273,0.8421052631578947,16,6,32,6,8
pls2_logreg_t0_only,t0_only,pls2_logreg,0.7,0.6866028708133971,0.7787081339712919,0.7480990638221141,0.6086956521739131,0.5833333333333334,0.6363636363636364,0.7368421052631579,14,10,28,8,9
pls2_logreg_t0_only,t0_only,pls2_logreg,0.7333333333333333,0.7416267942583732,0.84688995215311,0.7861427196140081,0.68,0.6071428571428571,0.7727272727272727,0.7105263157894737,17,11,27,5,10
pls2_logreg_t0_only,t0_only,pls2_logreg,0.6885245901639344,0.6474358974358974,0.6934731934731935,0.6681672514302732,0.5365853658536586,0.5789473684210527,0.5,0.7948717948717948,11,8,31,11,11
pls2_logreg_t0_only,t0_only,pls2_logreg,0.7833333333333333,0.7811004784688995,0.8600478468899522,0.830080134014622,0.723404255319149,0.68,0.7727272727272727,0.7894736842105263,17,8,30,5,12
pls2_logreg_t0_only,t0_only,pls2_logreg,0.8166666666666667,0.8456937799043063,0.8636363636363638,0.7750801834321517,0.7924528301886793,0.6774193548387096,0.9545454545454546,0.7368421052631579,21,10,28,1,13
pls2_logreg_t0_only,t0_only,pls2_logreg,0.7333333333333333,0.7129186602870814,0.8253588516746411,0.7518133040840727,0.6363636363636364,0.6363636363636364,0.6363636363636364,0.7894736842105263,14,8,30,8,14
pls2_logreg_t0_only,t0_only,pls2_logreg,0.8166666666666667,0.8074162679425837,0.8995215311004785,0.8609436209768886,0.7555555555555555,0.7391304347826086,0.7727272727272727,0.8421052631578947,17,6,32,5,15
pls5_logreg_t0_only,t0_only,pls5_logreg,0.8360655737704918,0.8519813519813519,0.9067599067599067,0.9154749763721513,0.8,0.7142857142857143,0.9090909090909091,0.7948717948717948,20,8,31,2,1
pls5_logreg_t0_only,t0_only,pls5_logreg,0.85,0.8528708133971292,0.8935406698564594,0.897039734626633,0.8085106382978723,0.76,0.8636363636363636,0.8421052631578947,19,6,32,3,2
pls5_logreg_t0_only,t0_only,pls5_logreg,0.8166666666666667,0.8169856459330144,0.8875598086124402,0.8632423599479606,0.7659574468085106,0.72,0.8181818181818182,0.8157894736842105,18,7,31,4,3
pls5_logreg_t0_only,t0_only,pls5_logreg,0.8,0.7942583732057416,0.8492822966507177,0.8214368205239797,0.7391304347826086,0.7083333333333334,0.7727272727272727,0.8157894736842105,17,7,31,5,4
pls5_logreg_t0_only,t0_only,pls5_logreg,0.8166666666666667,0.8169856459330144,0.9019138755980861,0.8838212817911466,0.7659574468085106,0.72,0.8181818181818182,0.8157894736842105,18,7,31,4,5
pls5_logreg_t0_only,t0_only,pls5_logreg,0.7868852459016393,0.7937062937062938,0.8578088578088578,0.8413438389908976,0.7346938775510204,0.6666666666666666,0.8181818181818182,0.7692307692307693,18,9,30,4,6
pls5_logreg_t0_only,t0_only,pls5_logreg,0.8166666666666667,0.8169856459330144,0.8983253588516746,0.8947511781565824,0.7659574468085106,0.72,0.8181818181818182,0.8157894736842105,18,7,31,4,7
pls5_logreg_t0_only,t0_only,pls5_logreg,0.7833333333333333,0.7811004784688995,0.8636363636363636,0.8282263910317966,0.723404255319149,0.68,0.7727272727272727,0.7894736842105263,17,8,30,5,8
pls5_logreg_t0_only,t0_only,pls5_logreg,0.85,0.8337320574162679,0.8803827751196173,0.8835415033145086,0.7906976744186046,0.8095238095238095,0.7727272727272727,0.8947368421052632,17,4,34,5,9
pls5_logreg_t0_only,t0_only,pls5_logreg,0.75,0.7739234449760766,0.8791866028708133,0.8183584289885302,0.7169811320754716,0.6129032258064516,0.8636363636363636,0.6842105263157895,19,12,26,3,10
pls5_logreg_t0_only,t0_only,pls5_logreg,0.7377049180327869,0.6858974358974359,0.775058275058275,0.710121938825363,0.5789473684210527,0.6875,0.5,0.8717948717948718,11,5,34,11,11
pls5_logreg_t0_only,t0_only,pls5_logreg,0.85,0.8433014354066986,0.9078947368421053,0.8575316690128361,0.8,0.782608695652174,0.8181818181818182,0.868421052631579,18,5,33,4,12
pls5_logreg_t0_only,t0_only,pls5_logreg,0.7666666666666667,0.7870813397129186,0.8851674641148326,0.8667678623176291,0.7307692307692307,0.6333333333333333,0.8636363636363636,0.7105263157894737,19,11,27,3,13
pls5_logreg_t0_only,t0_only,pls5_logreg,0.7,0.7248803827751196,0.8289473684210527,0.793595833557283,0.6666666666666666,0.5625,0.8181818181818182,0.631578947368421,18,14,24,4,14
pls5_logreg_t0_only,t0_only,pls5_logreg,0.8166666666666667,0.8265550239234449,0.94377990430622,0.9348515939425028,0.7755102040816326,0.7037037037037037,0.8636363636363636,0.7894736842105263,19,8,30,3,15
pls10_logreg_t0_only,t0_only,pls10_logreg,0.8032786885245902,0.8164335664335665,0.8869463869463869,0.8800171525764309,0.76,0.6785714285714286,0.8636363636363636,0.7692307692307693,19,9,30,3,1
pls10_logreg_t0_only,t0_only,pls10_logreg,0.8166666666666667,0.8265550239234449,0.8947368421052632,0.9015378767774156,0.7755102040816326,0.7037037037037037,0.8636363636363636,0.7894736842105263,19,8,30,3,2
pls10_logreg_t0_only,t0_only,pls10_logreg,0.8333333333333334,0.8492822966507176,0.8863636363636364,0.8548336713390217,0.8,0.7142857142857143,0.9090909090909091,0.7894736842105263,20,8,30,2,3
pls10_logreg_t0_only,t0_only,pls10_logreg,0.7833333333333333,0.7811004784688995,0.8552631578947368,0.8058438440713254,0.723404255319149,0.68,0.7727272727272727,0.7894736842105263,17,8,30,5,4
pls10_logreg_t0_only,t0_only,pls10_logreg,0.85,0.8624401913875598,0.910287081339713,0.8746166468781105,0.8163265306122449,0.7407407407407407,0.9090909090909091,0.8157894736842105,20,7,31,2,5
pls10_logreg_t0_only,t0_only,pls10_logreg,0.7704918032786885,0.7907925407925408,0.8414918414918414,0.8113864916933968,0.7307692307692307,0.6333333333333333,0.8636363636363636,0.717948717948718,19,11,28,3,6
pls10_logreg_t0_only,t0_only,pls10_logreg,0.8166666666666667,0.8169856459330144,0.9186602870813396,0.9055687247132727,0.7659574468085106,0.72,0.8181818181818182,0.8157894736842105,18,7,31,4,7
pls10_logreg_t0_only,t0_only,pls10_logreg,0.7666666666666667,0.7488038277511961,0.8648325358851674,0.8395472628232019,0.6818181818181818,0.6818181818181818,0.6818181818181818,0.8157894736842105,15,7,31,7,8
pls10_logreg_t0_only,t0_only,pls10_logreg,0.8166666666666667,0.8074162679425837,0.8791866028708134,0.8711453381689953,0.7555555555555555,0.7391304347826086,0.7727272727272727,0.8421052631578947,17,6,32,5,9
pls10_logreg_t0_only,t0_only,pls10_logreg,0.8333333333333334,0.8397129186602871,0.9174641148325359,0.8793424707539539,0.7916666666666666,0.7307692307692307,0.8636363636363636,0.8157894736842105,19,7,31,3,10
pls10_logreg_t0_only,t0_only,pls10_logreg,0.6557377049180327,0.6118881118881119,0.7832167832167832,0.7111644200035541,0.4878048780487805,0.5263157894736842,0.45454545454545453,0.7692307692307693,10,9,30,12,11
pls10_logreg_t0_only,t0_only,pls10_logreg,0.8,0.8038277511961722,0.8983253588516746,0.8525534283076475,0.75,0.6923076923076923,0.8181818181818182,0.7894736842105263,18,8,30,4,12
pls10_logreg_t0_only,t0_only,pls10_logreg,0.75,0.7834928229665072,0.895933014354067,0.8758921817358507,0.7272727272727273,0.6060606060606061,0.9090909090909091,0.6578947368421053,20,13,25,2,13
pls10_logreg_t0_only,t0_only,pls10_logreg,0.7666666666666667,0.7966507177033493,0.881578947368421,0.8381704785831918,0.7407407407407407,0.625,0.9090909090909091,0.6842105263157895,20,12,26,2,14
pls10_logreg_t0_only,t0_only,pls10_logreg,0.8166666666666667,0.8265550239234449,0.9318181818181819,0.9234591522494833,0.7755102040816326,0.7037037037037037,0.8636363636363636,0.7894736842105263,19,8,30,3,15
pls20_logreg_t0_only,t0_only,pls20_logreg,0.8032786885245902,0.8164335664335665,0.8881118881118881,0.8817239438089137,0.76,0.6785714285714286,0.8636363636363636,0.7692307692307693,19,9,30,3,1
pls20_logreg_t0_only,t0_only,pls20_logreg,0.8333333333333334,0.8397129186602871,0.8947368421052632,0.9015378767774156,0.7916666666666666,0.7307692307692307,0.8636363636363636,0.8157894736842105,19,7,31,3,2
pls20_logreg_t0_only,t0_only,pls20_logreg,0.8333333333333334,0.8492822966507176,0.8851674641148326,0.8555476282091112,0.8,0.7142857142857143,0.9090909090909091,0.7894736842105263,20,8,30,2,3
pls20_logreg_t0_only,t0_only,pls20_logreg,0.7833333333333333,0.7811004784688995,0.8528708133971292,0.8045208427483239,0.723404255319149,0.68,0.7727272727272727,0.7894736842105263,17,8,30,5,4
pls20_logreg_t0_only,t0_only,pls20_logreg,0.85,0.8624401913875598,0.9126794258373206,0.8778163457299832,0.8163265306122449,0.7407407407407407,0.9090909090909091,0.8157894736842105,20,7,31,2,5
pls20_logreg_t0_only,t0_only,pls20_logreg,0.7704918032786885,0.780885780885781,0.8461538461538461,0.8158136908713156,0.72,0.6428571428571429,0.8181818181818182,0.7435897435897436,18,10,29,4,6
pls20_logreg_t0_only,t0_only,pls20_logreg,0.8166666666666667,0.8169856459330144,0.9150717703349283,0.9019088789481637,0.7659574468085106,0.72,0.8181818181818182,0.8157894736842105,18,7,31,4,7
pls20_logreg_t0_only,t0_only,pls20_logreg,0.7833333333333333,0.7715311004784688,0.8624401913875598,0.8359198118428097,0.7111111111111111,0.6956521739130435,0.7272727272727273,0.8157894736842105,16,7,31,6,8
pls20_logreg_t0_only,t0_only,pls20_logreg,0.8166666666666667,0.8074162679425837,0.8827751196172249,0.8783318298382456,0.7555555555555555,0.7391304347826086,0.7727272727272727,0.8421052631578947,17,6,32,5,9
pls20_logreg_t0_only,t0_only,pls20_logreg,0.8333333333333334,0.8397129186602871,0.9186602870813397,0.8826173434051343,0.7916666666666666,0.7307692307692307,0.8636363636363636,0.8157894736842105,19,7,31,3,10
pls20_logreg_t0_only,t0_only,pls20_logreg,0.6557377049180327,0.6118881118881119,0.7785547785547786,0.7036757151552235,0.4878048780487805,0.5263157894736842,0.45454545454545453,0.7692307692307693,10,9,30,12,11
pls20_logreg_t0_only,t0_only,pls20_logreg,0.7833333333333333,0.7811004784688995,0.9031100478468899,0.8607263233687517,0.723404255319149,0.68,0.7727272727272727,0.7894736842105263,17,8,30,5,12
pls20_logreg_t0_only,t0_only,pls20_logreg,0.7333333333333333,0.770334928229665,0.8947368421052632,0.8738985613211776,0.7142857142857143,0.5882352941176471,0.9090909090909091,0.631578947368421,20,14,24,2,13
pls20_logreg_t0_only,t0_only,pls20_logreg,0.75,0.7834928229665072,0.8827751196172249,0.8397692719466912,0.7272727272727273,0.6060606060606061,0.9090909090909091,0.6578947368421053,20,13,25,2,14
pls20_logreg_t0_only,t0_only,pls20_logreg,0.8166666666666667,0.8265550239234449,0.9330143540669855,0.9231453753582939,0.7755102040816326,0.7037037037037037,0.8636363636363636,0.7894736842105263,19,8,30,3,15
pls2_logreg_t1_only,t1_only,pls2_logreg,0.8524590163934426,0.8449883449883451,0.8741258741258742,0.7639697976103729,0.8,0.782608695652174,0.8181818181818182,0.8717948717948718,18,5,34,4,1
pls2_logreg_t1_only,t1_only,pls2_logreg,0.7333333333333333,0.7320574162679425,0.7703349282296651,0.7022933170271151,0.6666666666666666,0.6153846153846154,0.7272727272727273,0.7368421052631579,16,10,28,6,2
pls2_logreg_t1_only,t1_only,pls2_logreg,0.7833333333333333,0.7811004784688995,0.8660287081339714,0.82025742605379,0.723404255319149,0.68,0.7727272727272727,0.7894736842105263,17,8,30,5,3
pls2_logreg_t1_only,t1_only,pls2_logreg,0.8166666666666667,0.7978468899521531,0.9031100478468901,0.8615148966647699,0.7441860465116279,0.7619047619047619,0.7272727272727273,0.868421052631579,16,5,33,6,4
pls2_logreg_t1_only,t1_only,pls2_logreg,0.7833333333333333,0.7715311004784688,0.8576555023923444,0.8332878616691346,0.7111111111111111,0.6956521739130435,0.7272727272727273,0.8157894736842105,16,7,31,6,5
pls2_logreg_t1_only,t1_only,pls2_logreg,0.8032786885245902,0.7867132867132867,0.8578088578088578,0.8404812449358505,0.7272727272727273,0.7272727272727273,0.7272727272727273,0.8461538461538461,16,6,33,6,6
pls2_logreg_t1_only,t1_only,pls2_logreg,0.7666666666666667,0.7392344497607655,0.8576555023923444,0.8057960156542683,0.6666666666666666,0.7,0.6363636363636364,0.8421052631578947,14,6,32,8,7
pls2_logreg_t1_only,t1_only,pls2_logreg,0.7666666666666667,0.7679425837320575,0.8732057416267942,0.8403013784698106,0.7083333333333334,0.6538461538461539,0.7727272727272727,0.7631578947368421,17,9,29,5,8
pls2_logreg_t1_only,t1_only,pls2_logreg,0.7333333333333333,0.722488038277512,0.8349282296650717,0.7914859150246569,0.6521739130434783,0.625,0.6818181818181818,0.7631578947368421,15,9,29,7,9
pls2_logreg_t1_only,t1_only,pls2_logreg,0.7833333333333333,0.7906698564593302,0.8660287081339713,0.8398061245967254,0.7346938775510204,0.6666666666666666,0.8181818181818182,0.7631578947368421,18,9,29,4,10
pls2_logreg_t1_only,t1_only,pls2_logreg,0.7868852459016393,0.7738927738927739,0.8193473193473194,0.7231609054735857,0.7111111111111111,0.6956521739130435,0.7272727272727273,0.8205128205128205,16,7,32,6,11
pls2_logreg_t1_only,t1_only,pls2_logreg,0.7666666666666667,0.7583732057416268,0.8409090909090909,0.7435060976766392,0.6956521739130435,0.6666666666666666,0.7272727272727273,0.7894736842105263,16,8,30,6,12
pls2_logreg_t1_only,t1_only,pls2_logreg,0.8666666666666667,0.8660287081339713,0.916267942583732,0.8532459005948854,0.8260869565217391,0.7916666666666666,0.8636363636363636,0.868421052631579,19,5,33,3,13
pls2_logreg_t1_only,t1_only,pls2_logreg,0.7666666666666667,0.7488038277511961,0.8480861244019139,0.8111239344723289,0.6818181818181818,0.6818181818181818,0.6818181818181818,0.8157894736842105,15,7,31,7,14
pls2_logreg_t1_only,t1_only,pls2_logreg,0.7833333333333333,0.7811004784688995,0.8576555023923444,0.8330247460684841,0.723404255319149,0.68,0.7727272727272727,0.7894736842105263,17,8,30,5,15
pls5_logreg_t1_only,t1_only,pls5_logreg,0.8032786885245902,0.8263403263403264,0.8881118881118882,0.8513280198010111,0.7692307692307693,0.6666666666666666,0.9090909090909091,0.7435897435897436,20,10,29,2,1
pls5_logreg_t1_only,t1_only,pls5_logreg,0.6666666666666666,0.6698564593301435,0.7811004784688995,0.7688963390505597,0.6,0.5357142857142857,0.6818181818181818,0.6578947368421053,15,13,25,7,2
pls5_logreg_t1_only,t1_only,pls5_logreg,0.7833333333333333,0.7811004784688995,0.9138755980861244,0.9046319929329081,0.723404255319149,0.68,0.7727272727272727,0.7894736842105263,17,8,30,5,3
pls5_logreg_t1_only,t1_only,pls5_logreg,0.8,0.8038277511961722,0.8899521531100478,0.88510162397003,0.75,0.6923076923076923,0.8181818181818182,0.7894736842105263,18,8,30,4,4
pls5_logreg_t1_only,t1_only,pls5_logreg,0.75,0.7452153110047848,0.8433014354066986,0.7920140684813399,0.6808510638297872,0.64,0.7272727272727273,0.7631578947368421,16,9,29,6,5
pls5_logreg_t1_only,t1_only,pls5_logreg,0.7213114754098361,0.7226107226107226,0.837995337995338,0.8305717519778579,0.6530612244897959,0.5925925925925926,0.7272727272727273,0.717948717948718,16,11,28,6,6
pls5_logreg_t1_only,t1_only,pls5_logreg,0.6833333333333333,0.6734449760765551,0.7906698564593302,0.7833856053816193,0.5957446808510638,0.56,0.6363636363636364,0.7105263157894737,14,11,27,8,7
pls5_logreg_t1_only,t1_only,pls5_logreg,0.7333333333333333,0.722488038277512,0.8720095693779905,0.8555830277783856,0.6521739130434783,0.625,0.6818181818181818,0.7631578947368421,15,9,29,7,8
pls5_logreg_t1_only,t1_only,pls5_logreg,0.85,0.8528708133971292,0.8720095693779905,0.8590316697990554,0.8085106382978723,0.76,0.8636363636363636,0.8421052631578947,19,6,32,3,9
pls5_logreg_t1_only,t1_only,pls5_logreg,0.75,0.7547846889952152,0.8456937799043063,0.8100037572340217,0.6938775510204082,0.6296296296296297,0.7727272727272727,0.7368421052631579,17,10,28,5,10
pls5_logreg_t1_only,t1_only,pls5_logreg,0.819672131147541,0.8391608391608392,0.8787878787878788,0.8208976093915642,0.7843137254901961,0.6896551724137931,0.9090909090909091,0.7692307692307693,20,9,30,2,11
pls5_logreg_t1_only,t1_only,pls5_logreg,0.7666666666666667,0.7679425837320575,0.8385167464114833,0.778478621366298,0.7083333333333334,0.6538461538461539,0.7727272727272727,0.7631578947368421,17,9,29,5,12
pls5_logreg_t1_only,t1_only,pls5_logreg,0.8333333333333334,0.8492822966507176,0.9318181818181819,0.920596947629172,0.8,0.7142857142857143,0.9090909090909091,0.7894736842105263,20,8,30,2,13
pls5_logreg_t1_only,t1_only,pls5_logreg,0.7,0.6770334928229665,0.7667464114832536,0.7319755712099782,0.5909090909090909,0.5909090909090909,0.5909090909090909,0.7631578947368421,13,9,29,9,14
pls5_logreg_t1_only,t1_only,pls5_logreg,0.75,0.7452153110047848,0.8696172248803828,0.8499351425249055,0.6808510638297872,0.64,0.7272727272727273,0.7631578947368421,16,9,29,6,15
pls10_logreg_t1_only,t1_only,pls10_logreg,0.7868852459016393,0.8234265734265734,0.8671328671328672,0.8170134383478203,0.7636363636363637,0.6363636363636364,0.9545454545454546,0.6923076923076923,21,12,27,1,1
pls10_logreg_t1_only,t1_only,pls10_logreg,0.6333333333333333,0.65311004784689,0.7535885167464114,0.7224653083158006,0.5925925925925926,0.5,0.7272727272727273,0.5789473684210527,16,16,22,6,2
pls10_logreg_t1_only,t1_only,pls10_logreg,0.8166666666666667,0.8169856459330144,0.9150717703349283,0.898318195629974,0.7659574468085106,0.72,0.8181818181818182,0.8157894736842105,18,7,31,4,3
pls10_logreg_t1_only,t1_only,pls10_logreg,0.75,0.7452153110047848,0.8456937799043062,0.8225676841601006,0.6808510638297872,0.64,0.7272727272727273,0.7631578947368421,16,9,29,6,4
pls10_logreg_t1_only,t1_only,pls10_logreg,0.7833333333333333,0.7523923444976077,0.7918660287081339,0.7351040796389352,0.6829268292682927,0.7368421052631579,0.6363636363636364,0.868421052631579,14,5,33,8,5
pls10_logreg_t1_only,t1_only,pls10_logreg,0.7377049180327869,0.7453379953379953,0.8275058275058276,0.8203853377835197,0.68,0.6071428571428571,0.7727272727272727,0.717948717948718,17,11,28,5,6
pls10_logreg_t1_only,t1_only,pls10_logreg,0.65,0.6471291866028708,0.7978468899521531,0.7788558511509582,0.5714285714285714,0.5185185185185185,0.6363636363636364,0.6578947368421053,14,13,25,8,7
pls10_logreg_t1_only,t1_only,pls10_logreg,0.75,0.7452153110047848,0.8564593301435407,0.8346237422280165,0.6808510638297872,0.64,0.7272727272727273,0.7631578947368421,16,9,29,6,8
pls10_logreg_t1_only,t1_only,pls10_logreg,0.8166666666666667,0.8265550239234449,0.8480861244019139,0.8316212241186283,0.7755102040816326,0.7037037037037037,0.8636363636363636,0.7894736842105263,19,8,30,3,9
pls10_logreg_t1_only,t1_only,pls10_logreg,0.7333333333333333,0.7607655502392345,0.8169856459330144,0.7451603201946944,0.7037037037037037,0.59375,0.8636363636363636,0.6578947368421053,19,13,25,3,10
pls10_logreg_t1_only,t1_only,pls10_logreg,0.819672131147541,0.8292540792540792,0.8484848484848484,0.8231373432928959,0.7755102040816326,0.7037037037037037,0.8636363636363636,0.7948717948717948,19,8,31,3,11
pls10_logreg_t1_only,t1_only,pls10_logreg,0.7333333333333333,0.7416267942583732,0.833732057416268,0.782693747535326,0.68,0.6071428571428571,0.7727272727272727,0.7105263157894737,17,11,27,5,12
pls10_logreg_t1_only,t1_only,pls10_logreg,0.8,0.8038277511961722,0.9246411483253588,0.9078298138766403,0.75,0.6923076923076923,0.8181818181818182,0.7894736842105263,18,8,30,4,13
pls10_logreg_t1_only,t1_only,pls10_logreg,0.6833333333333333,0.6925837320574163,0.7679425837320575,0.7327588747143865,0.6274509803921569,0.5517241379310345,0.7272727272727273,0.6578947368421053,16,13,25,6,14
pls10_logreg_t1_only,t1_only,pls10_logreg,0.7166666666666667,0.7380382775119618,0.84688995215311,0.8297105785257277,0.6792452830188679,0.5806451612903226,0.8181818181818182,0.6578947368421053,18,13,25,4,15
pls20_logreg_t1_only,t1_only,pls20_logreg,0.7540983606557377,0.7779720279720279,0.8601398601398602,0.8026016241178753,0.7169811320754716,0.6129032258064516,0.8636363636363636,0.6923076923076923,19,12,27,3,1
pls20_logreg_t1_only,t1_only,pls20_logreg,0.65,0.6662679425837321,0.7500000000000001,0.7227403274143491,0.6037735849056604,0.5161290322580645,0.7272727272727273,0.6052631578947368,16,15,23,6,2
pls20_logreg_t1_only,t1_only,pls20_logreg,0.8166666666666667,0.8169856459330144,0.9150717703349283,0.897804188279582,0.7659574468085106,0.72,0.8181818181818182,0.8157894736842105,18,7,31,4,3
pls20_logreg_t1_only,t1_only,pls20_logreg,0.75,0.7452153110047848,0.84688995215311,0.820659628447697,0.6808510638297872,0.64,0.7272727272727273,0.7631578947368421,16,9,29,6,4
pls20_logreg_t1_only,t1_only,pls20_logreg,0.7833333333333333,0.7523923444976077,0.7894736842105263,0.7340243750298188,0.6829268292682927,0.7368421052631579,0.6363636363636364,0.868421052631579,14,5,33,8,5
pls20_logreg_t1_only,t1_only,pls20_logreg,0.7377049180327869,0.7453379953379953,0.8275058275058276,0.8175226652619194,0.68,0.6071428571428571,0.7727272727272727,0.717948717948718,17,11,28,5,6
pls20_logreg_t1_only,t1_only,pls20_logreg,0.65,0.6471291866028708,0.7942583732057417,0.7705290731995276,0.5714285714285714,0.5185185185185185,0.6363636363636364,0.6578947368421053,14,13,25,8,7
pls20_logreg_t1_only,t1_only,pls20_logreg,0.7333333333333333,0.7320574162679425,0.8552631578947368,0.8337453211379742,0.6666666666666666,0.6153846153846154,0.7272727272727273,0.7368421052631579,16,10,28,6,8
pls20_logreg_t1_only,t1_only,pls20_logreg,0.8166666666666667,0.8265550239234449,0.8456937799043062,0.8343534109518138,0.7755102040816326,0.7037037037037037,0.8636363636363636,0.7894736842105263,19,8,30,3,9
pls20_logreg_t1_only,t1_only,pls20_logreg,0.7333333333333333,0.7607655502392345,0.8122009569377991,0.7313653262119533,0.7037037037037037,0.59375,0.8636363636363636,0.6578947368421053,19,13,25,3,10
pls20_logreg_t1_only,t1_only,pls20_logreg,0.819672131147541,0.8292540792540792,0.8473193473193472,0.8190051118879371,0.7755102040816326,0.7037037037037037,0.8636363636363636,0.7948717948717948,19,8,31,3,11
pls20_logreg_t1_only,t1_only,pls20_logreg,0.7333333333333333,0.7511961722488039,0.8373205741626795,0.7835109332223058,0.6923076923076923,0.6,0.8181818181818182,0.6842105263157895,18,12,26,4,12
pls20_logreg_t1_only,t1_only,pls20_logreg,0.8,0.8038277511961722,0.9234449760765551,0.9079693570976777,0.75,0.6923076923076923,0.8181818181818182,0.7894736842105263,18,8,30,4,13
pls20_logreg_t1_only,t1_only,pls20_logreg,0.6666666666666666,0.6698564593301435,0.7619617224880383,0.7284866975066377,0.6,0.5357142857142857,0.6818181818181818,0.6578947368421053,15,13,25,7,14
pls20_logreg_t1_only,t1_only,pls20_logreg,0.75,0.7643540669856459,0.8504784688995216,0.8336298384258487,0.7058823529411765,0.6206896551724138,0.8181818181818182,0.7105263157894737,18,11,27,4,15
