experiment,feature_set,model,model_type,threshold_mode,k_best,pca_components,threshold,accuracy,balanced_accuracy,roc_auc,pr_auc,f1,precision,recall_sensitivity,specificity,tp,fp,tn,fn,fold
xgboost_raw_t0_only,t0_only,xgboost,raw,default_0.5,,,0.5,0.7868852459016393,0.7441724941724942,0.8053613053613053,0.7057104351210685,0.6666666666666666,0.7647058823529411,0.5909090909090909,0.8974358974358975,13,4,35,9,1
xgboost_raw_t0_only,t0_only,xgboost,raw,default_0.5,,,0.5,0.65,0.5992822966507177,0.6566985645933013,0.5681174195143995,0.46153846153846156,0.5294117647058824,0.4090909090909091,0.7894736842105263,9,8,30,13,2
xgboost_raw_t0_only,t0_only,xgboost,raw,default_0.5,,,0.5,0.7,0.6387559808612441,0.6913875598086124,0.5403524293665526,0.5,0.6428571428571429,0.4090909090909091,0.868421052631579,9,5,33,13,3
xgboost_raw_t0_only,t0_only,xgboost,raw,default_0.5,,,0.5,0.6666666666666666,0.6124401913875598,0.569377990430622,0.45098741789754493,0.47368421052631576,0.5625,0.4090909090909091,0.8157894736842105,9,7,31,13,4
xgboost_raw_t0_only,t0_only,xgboost,raw,default_0.5,,,0.5,0.6833333333333333,0.6064593301435407,0.7212918660287081,0.6444863132369494,0.42424242424242425,0.6363636363636364,0.3181818181818182,0.8947368421052632,7,4,34,15,5
xgboost_raw_t0_only,t0_only,xgboost,raw,default_0.5,,,0.5,0.7049180327868853,0.6800699300699301,0.7051282051282051,0.5460293830511823,0.5909090909090909,0.5909090909090909,0.5909090909090909,0.7692307692307693,13,9,30,9,6
xgboost_raw_t0_only,t0_only,xgboost,raw,default_0.5,,,0.5,0.7333333333333333,0.6842105263157895,0.6866028708133972,0.63310693873626,0.5789473684210527,0.6875,0.5,0.868421052631579,11,5,33,11,7
xgboost_raw_t0_only,t0_only,xgboost,raw,default_0.5,,,0.5,0.6833333333333333,0.6255980861244019,0.7392344497607656,0.6875164009030768,0.4864864864864865,0.6,0.4090909090909091,0.8421052631578947,9,6,32,13,8
xgboost_raw_t0_only,t0_only,xgboost,raw,default_0.5,,,0.5,0.6666666666666666,0.5933014354066986,0.7308612440191387,0.6257595883065598,0.4117647058823529,0.5833333333333334,0.3181818181818182,0.868421052631579,7,5,33,15,9
xgboost_raw_t0_only,t0_only,xgboost,raw,default_0.5,,,0.5,0.6833333333333333,0.6255980861244019,0.6866028708133971,0.5975197670036348,0.4864864864864865,0.6,0.4090909090909091,0.8421052631578947,9,6,32,13,10
xgboost_raw_t0_only,t0_only,xgboost,raw,default_0.5,,,0.5,0.7213114754098361,0.6631701631701632,0.6678321678321678,0.6357932094180022,0.5405405405405406,0.6666666666666666,0.45454545454545453,0.8717948717948718,10,5,34,12,11
xgboost_raw_t0_only,t0_only,xgboost,raw,default_0.5,,,0.5,0.6666666666666666,0.6028708133971292,0.7069377990430622,0.6218150493870664,0.4444444444444444,0.5714285714285714,0.36363636363636365,0.8421052631578947,8,6,32,14,12
xgboost_raw_t0_only,t0_only,xgboost,raw,default_0.5,,,0.5,0.7166666666666667,0.6614832535885168,0.6578947368421052,0.5666919863437311,0.5405405405405406,0.6666666666666666,0.45454545454545453,0.868421052631579,10,5,33,12,13
xgboost_raw_t0_only,t0_only,xgboost,raw,default_0.5,,,0.5,0.6833333333333333,0.6351674641148325,0.6842105263157896,0.5982659741022992,0.5128205128205128,0.5882352941176471,0.45454545454545453,0.8157894736842105,10,7,31,12,14
xgboost_raw_t0_only,t0_only,xgboost,raw,default_0.5,,,0.5,0.6666666666666666,0.6124401913875598,0.680622009569378,0.6332298998314906,0.47368421052631576,0.5625,0.4090909090909091,0.8157894736842105,9,7,31,13,15
xgboost_raw_t0_only,t0_only,xgboost,raw,tuned_f1,,,0.4,0.6885245901639344,0.7266899766899767,0.8053613053613053,0.7057104351210685,0.6666666666666666,0.5428571428571428,0.8636363636363636,0.5897435897435898,19,16,23,3,1
xgboost_raw_t0_only,t0_only,xgboost,raw,tuned_f1,,,0.35,0.5666666666666667,0.6100478468899522,0.6566985645933013,0.5681174195143995,0.5666666666666667,0.4473684210526316,0.7727272727272727,0.4473684210526316,17,21,17,5,2
xgboost_raw_t0_only,t0_only,xgboost,raw,tuned_f1,,,0.4,0.6333333333333333,0.65311004784689,0.6913875598086124,0.5403524293665526,0.5925925925925926,0.5,0.7272727272727273,0.5789473684210527,16,16,22,6,3
xgboost_raw_t0_only,t0_only,xgboost,raw,tuned_f1,,,0.1,0.4,0.5263157894736842,0.569377990430622,0.45098741789754493,0.55,0.3793103448275862,1.0,0.05263157894736842,22,36,2,0,4
xgboost_raw_t0_only,t0_only,xgboost,raw,tuned_f1,,,0.3,0.5166666666666667,0.618421052631579,0.7212918660287081,0.6444863132369494,0.6027397260273972,0.43137254901960786,1.0,0.23684210526315788,22,29,9,0,5
xgboost_raw_t0_only,t0_only,xgboost,raw,tuned_f1,,,0.45,0.6721311475409836,0.6742424242424242,0.7051282051282051,0.5460293830511823,0.6,0.5357142857142857,0.6818181818181818,0.6666666666666666,15,13,26,7,6
xgboost_raw_t0_only,t0_only,xgboost,raw,tuned_f1,,,0.45,0.7,0.6770334928229665,0.6866028708133972,0.63310693873626,0.5909090909090909,0.5909090909090909,0.5909090909090909,0.7631578947368421,13,9,29,9,7
xgboost_raw_t0_only,t0_only,xgboost,raw,tuned_f1,,,0.4,0.6833333333333333,0.6830143540669856,0.7392344497607656,0.6875164009030768,0.6122448979591837,0.5555555555555556,0.6818181818181818,0.6842105263157895,15,12,26,7,8
xgboost_raw_t0_only,t0_only,xgboost,raw,tuned_f1,,,0.3,0.6166666666666667,0.6686602870813397,0.7308612440191387,0.6257595883065598,0.6229508196721312,0.48717948717948717,0.8636363636363636,0.47368421052631576,19,20,18,3,9
xgboost_raw_t0_only,t0_only,xgboost,raw,tuned_f1,,,0.45,0.6833333333333333,0.6734449760765551,0.6866028708133971,0.5975197670036348,0.5957446808510638,0.56,0.6363636363636364,0.7105263157894737,14,11,27,8,10
xgboost_raw_t0_only,t0_only,xgboost,raw,tuned_f1,,,0.45,0.6885245901639344,0.6672494172494172,0.6678321678321678,0.6357932094180022,0.5777777777777777,0.5652173913043478,0.5909090909090909,0.7435897435897436,13,10,29,9,11
xgboost_raw_t0_only,t0_only,xgboost,raw,tuned_f1,,,0.45,0.7166666666666667,0.6997607655502392,0.7069377990430622,0.6218150493870664,0.6222222222222222,0.6086956521739131,0.6363636363636364,0.7631578947368421,14,9,29,8,12
xgboost_raw_t0_only,t0_only,xgboost,raw,tuned_f1,,,0.45,0.6833333333333333,0.6638755980861244,0.6578947368421052,0.5666919863437311,0.5777777777777777,0.5652173913043478,0.5909090909090909,0.7368421052631579,13,10,28,9,13
xgboost_raw_t0_only,t0_only,xgboost,raw,tuned_f1,,,0.4,0.65,0.6566985645933014,0.6842105263157896,0.5982659741022992,0.5882352941176471,0.5172413793103449,0.6818181818181818,0.631578947368421,15,14,24,7,14
xgboost_raw_t0_only,t0_only,xgboost,raw,tuned_f1,,,0.275,0.5166666666666667,0.5897129186602871,0.680622009569378,0.6332298998314906,0.5671641791044776,0.4222222222222222,0.8636363636363636,0.3157894736842105,19,26,12,3,15
xgboost_raw_t1_only,t1_only,xgboost,raw,default_0.5,,,0.5,0.7868852459016393,0.7441724941724942,0.8135198135198134,0.7402993476643441,0.6666666666666666,0.7647058823529411,0.5909090909090909,0.8974358974358975,13,4,35,9,1
xgboost_raw_t1_only,t1_only,xgboost,raw,default_0.5,,,0.5,0.7,0.6770334928229665,0.7763157894736842,0.6800776655151701,0.5909090909090909,0.5909090909090909,0.5909090909090909,0.7631578947368421,13,9,29,9,2
xgboost_raw_t1_only,t1_only,xgboost,raw,default_0.5,,,0.5,0.75,0.7260765550239234,0.7703349282296651,0.668662612352086,0.6511627906976745,0.6666666666666666,0.6363636363636364,0.8157894736842105,14,7,31,8,3
xgboost_raw_t1_only,t1_only,xgboost,raw,default_0.5,,,0.5,0.7333333333333333,0.69377990430622,0.8229665071770335,0.6986816334914443,0.6,0.6666666666666666,0.5454545454545454,0.8421052631578947,12,6,32,10,4
xgboost_raw_t1_only,t1_only,xgboost,raw,default_0.5,,,0.5,0.6333333333333333,0.5861244019138756,0.6638755980861244,0.5355178291165165,0.45,0.5,0.4090909090909091,0.7631578947368421,9,9,29,13,5
xgboost_raw_t1_only,t1_only,xgboost,raw,default_0.5,,,0.5,0.7049180327868853,0.6800699300699301,0.7564102564102564,0.6788785939094686,0.5909090909090909,0.5909090909090909,0.5909090909090909,0.7692307692307693,13,9,30,9,6
xgboost_raw_t1_only,t1_only,xgboost,raw,default_0.5,,,0.5,0.6666666666666666,0.5933014354066986,0.7057416267942583,0.583056082971753,0.4117647058823529,0.5833333333333334,0.3181818181818182,0.868421052631579,7,5,33,15,7
xgboost_raw_t1_only,t1_only,xgboost,raw,default_0.5,,,0.5,0.65,0.5992822966507177,0.7404306220095693,0.6227726178843158,0.46153846153846156,0.5294117647058824,0.4090909090909091,0.7894736842105263,9,8,30,13,8
xgboost_raw_t1_only,t1_only,xgboost,raw,default_0.5,,,0.5,0.7666666666666667,0.7200956937799043,0.8265550239234449,0.7647863032328335,0.631578947368421,0.75,0.5454545454545454,0.8947368421052632,12,4,34,10,9
xgboost_raw_t1_only,t1_only,xgboost,raw,default_0.5,,,0.5,0.6333333333333333,0.5956937799043062,0.6961722488038278,0.596501645767804,0.47619047619047616,0.5,0.45454545454545453,0.7368421052631579,10,10,28,12,10
xgboost_raw_t1_only,t1_only,xgboost,raw,default_0.5,,,0.5,0.6721311475409836,0.6148018648018648,0.6946386946386947,0.5462213424948534,0.47368421052631576,0.5625,0.4090909090909091,0.8205128205128205,9,7,32,13,11
xgboost_raw_t1_only,t1_only,xgboost,raw,default_0.5,,,0.5,0.7,0.6770334928229665,0.7535885167464115,0.6733039384939876,0.5909090909090909,0.5909090909090909,0.5909090909090909,0.7631578947368421,13,9,29,9,12
xgboost_raw_t1_only,t1_only,xgboost,raw,default_0.5,,,0.5,0.65,0.5992822966507177,0.7559808612440191,0.6212843023919895,0.46153846153846156,0.5294117647058824,0.4090909090909091,0.7894736842105263,9,8,30,13,13
xgboost_raw_t1_only,t1_only,xgboost,raw,default_0.5,,,0.5,0.6833333333333333,0.6255980861244019,0.69377990430622,0.6590327441600528,0.4864864864864865,0.6,0.4090909090909091,0.8421052631578947,9,6,32,13,14
xgboost_raw_t1_only,t1_only,xgboost,raw,default_0.5,,,0.5,0.7166666666666667,0.6519138755980861,0.7655502392344498,0.6876868624355066,0.5142857142857142,0.6923076923076923,0.4090909090909091,0.8947368421052632,9,4,34,13,15
xgboost_raw_t1_only,t1_only,xgboost,raw,tuned_f1,,,0.45,0.7704918032786885,0.770979020979021,0.8135198135198134,0.7402993476643441,0.7083333333333334,0.6538461538461539,0.7727272727272727,0.7692307692307693,17,9,30,5,1
xgboost_raw_t1_only,t1_only,xgboost,raw,tuned_f1,,,0.4,0.6833333333333333,0.7308612440191388,0.7763157894736842,0.6800776655151701,0.6779661016949152,0.5405405405405406,0.9090909090909091,0.5526315789473685,20,17,21,2,2
xgboost_raw_t1_only,t1_only,xgboost,raw,tuned_f1,,,0.45,0.7333333333333333,0.7320574162679425,0.7703349282296651,0.668662612352086,0.6666666666666666,0.6153846153846154,0.7272727272727273,0.7368421052631579,16,10,28,6,3
xgboost_raw_t1_only,t1_only,xgboost,raw,tuned_f1,,,0.35,0.7166666666666667,0.7667464114832536,0.8229665071770335,0.6986816334914443,0.711864406779661,0.5675675675675675,0.9545454545454546,0.5789473684210527,21,16,22,1,4
xgboost_raw_t1_only,t1_only,xgboost,raw,tuned_f1,,,0.25,0.5833333333333334,0.6614832535885168,0.6638755980861244,0.5355178291165165,0.6268656716417911,0.4666666666666667,0.9545454545454546,0.3684210526315789,21,24,14,1,5
xgboost_raw_t1_only,t1_only,xgboost,raw,tuned_f1,,,0.4,0.6721311475409836,0.703962703962704,0.7564102564102564,0.6788785939094686,0.6428571428571429,0.5294117647058824,0.8181818181818182,0.5897435897435898,18,16,23,4,6
xgboost_raw_t1_only,t1_only,xgboost,raw,tuned_f1,,,0.3,0.5666666666666667,0.638755980861244,0.7057416267942583,0.583056082971753,0.6060606060606061,0.45454545454545453,0.9090909090909091,0.3684210526315789,20,24,14,2,7
xgboost_raw_t1_only,t1_only,xgboost,raw,tuned_f1,,,0.4,0.65,0.6662679425837321,0.7404306220095693,0.6227726178843158,0.6037735849056604,0.5161290322580645,0.7272727272727273,0.6052631578947368,16,15,23,6,8
xgboost_raw_t1_only,t1_only,xgboost,raw,tuned_f1,,,0.4,0.7333333333333333,0.7416267942583732,0.8265550239234449,0.7647863032328335,0.68,0.6071428571428571,0.7727272727272727,0.7105263157894737,17,11,27,5,9
xgboost_raw_t1_only,t1_only,xgboost,raw,tuned_f1,,,0.275,0.6,0.6746411483253589,0.6961722488038278,0.596501645767804,0.6363636363636364,0.4772727272727273,0.9545454545454546,0.39473684210526316,21,23,15,1,10
xgboost_raw_t1_only,t1_only,xgboost,raw,tuned_f1,,,0.3,0.5737704918032787,0.6468531468531469,0.6946386946386947,0.5462213424948534,0.6060606060606061,0.45454545454545453,0.9090909090909091,0.38461538461538464,20,24,15,2,11
xgboost_raw_t1_only,t1_only,xgboost,raw,tuned_f1,,,0.4,0.6833333333333333,0.7212918660287082,0.7535885167464115,0.6733039384939876,0.6666666666666666,0.5428571428571428,0.8636363636363636,0.5789473684210527,19,16,22,3,12
xgboost_raw_t1_only,t1_only,xgboost,raw,tuned_f1,,,0.35,0.6166666666666667,0.6973684210526316,0.7559808612440191,0.6212843023919895,0.6567164179104478,0.4888888888888889,1.0,0.39473684210526316,22,23,15,0,13
xgboost_raw_t1_only,t1_only,xgboost,raw,tuned_f1,,,0.35,0.5333333333333333,0.6028708133971292,0.69377990430622,0.6590327441600528,0.5757575757575758,0.4318181818181818,0.8636363636363636,0.34210526315789475,19,25,13,3,14
xgboost_raw_t1_only,t1_only,xgboost,raw,tuned_f1,,,0.4,0.7,0.715311004784689,0.7655502392344498,0.6876868624355066,0.6538461538461539,0.5666666666666667,0.7727272727272727,0.6578947368421053,17,13,25,5,15
xgboost_raw_delta_only,delta_only,xgboost,raw,default_0.5,,,0.5,0.5901639344262295,0.5308857808857809,0.578088578088578,0.47170416863721426,0.358974358974359,0.4117647058823529,0.3181818181818182,0.7435897435897436,7,10,29,15,1
xgboost_raw_delta_only,delta_only,xgboost,raw,default_0.5,,,0.5,0.7,0.6578947368421053,0.7655502392344498,0.6321553256387675,0.55,0.6111111111111112,0.5,0.8157894736842105,11,7,31,11,2
xgboost_raw_delta_only,delta_only,xgboost,raw,default_0.5,,,0.5,0.55,0.4820574162679426,0.5574162679425838,0.432723075344004,0.2702702702702703,0.3333333333333333,0.22727272727272727,0.7368421052631579,5,10,28,17,3
xgboost_raw_delta_only,delta_only,xgboost,raw,default_0.5,,,0.5,0.55,0.47248803827751196,0.3971291866028708,0.38493881416228515,0.22857142857142856,0.3076923076923077,0.18181818181818182,0.7631578947368421,4,9,29,18,4
xgboost_raw_delta_only,delta_only,xgboost,raw,default_0.5,,,0.5,0.55,0.5203349282296651,0.5155502392344498,0.36023621644465426,0.4,0.391304347826087,0.4090909090909091,0.631578947368421,9,14,24,13,5
xgboost_raw_delta_only,delta_only,xgboost,raw,default_0.5,,,0.5,0.5573770491803278,0.49533799533799533,0.5198135198135199,0.39820945893372817,0.3076923076923077,0.35294117647058826,0.2727272727272727,0.717948717948718,6,11,28,16,6
xgboost_raw_delta_only,delta_only,xgboost,raw,default_0.5,,,0.5,0.65,0.5992822966507177,0.6423444976076556,0.5273160495959623,0.46153846153846156,0.5294117647058824,0.4090909090909091,0.7894736842105263,9,8,30,13,7
xgboost_raw_delta_only,delta_only,xgboost,raw,default_0.5,,,0.5,0.5833333333333334,0.5370813397129186,0.5669856459330143,0.4603772414774201,0.3902439024390244,0.42105263157894735,0.36363636363636365,0.7105263157894737,8,11,27,14,8
xgboost_raw_delta_only,delta_only,xgboost,raw,default_0.5,,,0.5,0.6,0.5311004784688995,0.5083732057416268,0.47865627462081894,0.3333333333333333,0.42857142857142855,0.2727272727272727,0.7894736842105263,6,8,30,16,9
xgboost_raw_delta_only,delta_only,xgboost,raw,default_0.5,,,0.5,0.7,0.6291866028708134,0.6997607655502392,0.5874704604415014,0.47058823529411764,0.6666666666666666,0.36363636363636365,0.8947368421052632,8,4,34,14,10
xgboost_raw_delta_only,delta_only,xgboost,raw,default_0.5,,,0.5,0.6557377049180327,0.5722610722610723,0.6083916083916084,0.4546249651868867,0.36363636363636365,0.5454545454545454,0.2727272727272727,0.8717948717948718,6,5,34,16,11
xgboost_raw_delta_only,delta_only,xgboost,raw,default_0.5,,,0.5,0.55,0.5011961722488039,0.5203349282296651,0.4021298995089241,0.34146341463414637,0.3684210526315789,0.3181818181818182,0.6842105263157895,7,12,26,15,12
xgboost_raw_delta_only,delta_only,xgboost,raw,default_0.5,,,0.5,0.6333333333333333,0.5669856459330144,0.6208133971291867,0.5003499230239973,0.3888888888888889,0.5,0.3181818181818182,0.8157894736842105,7,7,31,15,13
xgboost_raw_delta_only,delta_only,xgboost,raw,default_0.5,,,0.5,0.6166666666666667,0.5633971291866029,0.5909090909090909,0.45186957228909397,0.41025641025641024,0.47058823529411764,0.36363636363636365,0.7631578947368421,8,9,29,14,14
xgboost_raw_delta_only,delta_only,xgboost,raw,default_0.5,,,0.5,0.6666666666666666,0.6028708133971292,0.5837320574162679,0.4897745766344004,0.4444444444444444,0.5714285714285714,0.36363636363636365,0.8421052631578947,8,6,32,14,15
xgboost_raw_delta_only,delta_only,xgboost,raw,tuned_f1,,,0.275,0.4426229508196721,0.5641025641025641,0.578088578088578,0.47170416863721426,0.5641025641025641,0.39285714285714285,1.0,0.1282051282051282,22,34,5,0,1
xgboost_raw_delta_only,delta_only,xgboost,raw,tuned_f1,,,0.45,0.7333333333333333,0.722488038277512,0.7655502392344498,0.6321553256387675,0.6521739130434783,0.625,0.6818181818181818,0.7631578947368421,15,9,29,7,2
xgboost_raw_delta_only,delta_only,xgboost,raw,tuned_f1,,,0.275,0.5166666666666667,0.6088516746411483,0.5574162679425838,0.432723075344004,0.5915492957746479,0.42857142857142855,0.9545454545454546,0.2631578947368421,21,28,10,1,3
xgboost_raw_delta_only,delta_only,xgboost,raw,tuned_f1,,,0.15,0.4166666666666667,0.5394736842105263,0.3971291866028708,0.38493881416228515,0.5569620253164557,0.38596491228070173,1.0,0.07894736842105263,22,35,3,0,4
xgboost_raw_delta_only,delta_only,xgboost,raw,tuned_f1,,,0.275,0.43333333333333335,0.5430622009569378,0.5155502392344498,0.36023621644465426,0.5526315789473685,0.3888888888888889,0.9545454545454546,0.13157894736842105,21,33,5,1,5
xgboost_raw_delta_only,delta_only,xgboost,raw,tuned_f1,,,0.3,0.45901639344262296,0.5571095571095571,0.5198135198135199,0.39820945893372817,0.547945205479452,0.39215686274509803,0.9090909090909091,0.20512820512820512,20,31,8,2,6
xgboost_raw_delta_only,delta_only,xgboost,raw,tuned_f1,,,0.275,0.45,0.5657894736842105,0.6423444976076556,0.5273160495959623,0.5714285714285714,0.4,1.0,0.13157894736842105,22,33,5,0,7
xgboost_raw_delta_only,delta_only,xgboost,raw,tuned_f1,,,0.15,0.38333333333333336,0.5131578947368421,0.5669856459330143,0.4603772414774201,0.5432098765432098,0.3728813559322034,1.0,0.02631578947368421,22,37,1,0,8
xgboost_raw_delta_only,delta_only,xgboost,raw,tuned_f1,,,0.175,0.4166666666666667,0.5299043062200957,0.5083732057416268,0.47865627462081894,0.5454545454545454,0.38181818181818183,0.9545454545454546,0.10526315789473684,21,34,4,1,9
xgboost_raw_delta_only,delta_only,xgboost,raw,tuned_f1,,,0.3,0.5666666666666667,0.6483253588516746,0.6997607655502392,0.5874704604415014,0.6176470588235294,0.45652173913043476,0.9545454545454546,0.34210526315789475,21,25,13,1,10
xgboost_raw_delta_only,delta_only,xgboost,raw,tuned_f1,,,0.225,0.4098360655737705,0.5384615384615384,0.6083916083916084,0.4546249651868867,0.55,0.3793103448275862,1.0,0.07692307692307693,22,36,3,0,11
xgboost_raw_delta_only,delta_only,xgboost,raw,tuned_f1,,,0.25,0.43333333333333335,0.5430622009569378,0.5203349282296651,0.4021298995089241,0.5526315789473685,0.3888888888888889,0.9545454545454546,0.13157894736842105,21,33,5,1,12
xgboost_raw_delta_only,delta_only,xgboost,raw,tuned_f1,,,0.3,0.48333333333333334,0.5825358851674641,0.6208133971291867,0.5003499230239973,0.5753424657534246,0.4117647058823529,0.9545454545454546,0.21052631578947367,21,30,8,1,13
xgboost_raw_delta_only,delta_only,xgboost,raw,tuned_f1,,,0.3,0.5166666666666667,0.6088516746411483,0.5909090909090909,0.45186957228909397,0.5915492957746479,0.42857142857142855,0.9545454545454546,0.2631578947368421,21,28,10,1,14
xgboost_raw_delta_only,delta_only,xgboost,raw,tuned_f1,,,0.225,0.45,0.5657894736842105,0.5837320574162679,0.4897745766344004,0.5714285714285714,0.4,1.0,0.13157894736842105,22,33,5,0,15
xgboost_raw_t0_t1,t0_t1,xgboost,raw,default_0.5,,,0.5,0.8032786885245902,0.7668997668997669,0.8403263403263403,0.7371186909238363,0.7,0.7777777777777778,0.6363636363636364,0.8974358974358975,14,4,35,8,1
xgboost_raw_t0_t1,t0_t1,xgboost,raw,default_0.5,,,0.5,0.65,0.5801435406698564,0.7212918660287082,0.6488200794779742,0.4,0.5384615384615384,0.3181818181818182,0.8421052631578947,7,6,32,15,2
xgboost_raw_t0_t1,t0_t1,xgboost,raw,default_0.5,,,0.5,0.6833333333333333,0.6255980861244019,0.7619617224880383,0.5808504265710746,0.4864864864864865,0.6,0.4090909090909091,0.8421052631578947,9,6,32,13,3
xgboost_raw_t0_t1,t0_t1,xgboost,raw,default_0.5,,,0.5,0.6666666666666666,0.6220095693779905,0.6674641148325359,0.5745386433648976,0.5,0.5555555555555556,0.45454545454545453,0.7894736842105263,10,8,30,12,4
xgboost_raw_t0_t1,t0_t1,xgboost,raw,default_0.5,,,0.5,0.6833333333333333,0.6160287081339713,0.7607655502392345,0.6465997447640075,0.45714285714285713,0.6153846153846154,0.36363636363636365,0.868421052631579,8,5,33,14,5
xgboost_raw_t0_t1,t0_t1,xgboost,raw,default_0.5,,,0.5,0.7213114754098361,0.682983682983683,0.7470862470862472,0.7193942369240958,0.5853658536585366,0.631578947368421,0.5454545454545454,0.8205128205128205,12,7,32,10,6
xgboost_raw_t0_t1,t0_t1,xgboost,raw,default_0.5,,,0.5,0.75,0.687799043062201,0.6913875598086124,0.6104010593341186,0.5714285714285714,0.7692307692307693,0.45454545454545453,0.9210526315789473,10,3,35,12,7
xgboost_raw_t0_t1,t0_t1,xgboost,raw,default_0.5,,,0.5,0.6666666666666666,0.6028708133971292,0.7404306220095693,0.6584450732339154,0.4444444444444444,0.5714285714285714,0.36363636363636365,0.8421052631578947,8,6,32,14,8
xgboost_raw_t0_t1,t0_t1,xgboost,raw,default_0.5,,,0.5,0.7666666666666667,0.7105263157894737,0.8397129186602871,0.7455945226419685,0.6111111111111112,0.7857142857142857,0.5,0.9210526315789473,11,3,35,11,9
xgboost_raw_t0_t1,t0_t1,xgboost,raw,default_0.5,,,0.5,0.6166666666666667,0.5825358851674641,0.708133971291866,0.6592180121178701,0.46511627906976744,0.47619047619047616,0.45454545454545453,0.7105263157894737,10,11,27,12,10
xgboost_raw_t0_t1,t0_t1,xgboost,raw,default_0.5,,,0.5,0.7049180327868853,0.6503496503496503,0.7004662004662005,0.6246128677433208,0.5263157894736842,0.625,0.45454545454545453,0.8461538461538461,10,6,33,12,11
xgboost_raw_t0_t1,t0_t1,xgboost,raw,default_0.5,,,0.5,0.6833333333333333,0.6447368421052632,0.764354066985646,0.5932993059741003,0.5365853658536586,0.5789473684210527,0.5,0.7894736842105263,11,8,30,11,12
xgboost_raw_t0_t1,t0_t1,xgboost,raw,default_0.5,,,0.5,0.6833333333333333,0.6255980861244019,0.6854066985645934,0.6299160103905792,0.4864864864864865,0.6,0.4090909090909091,0.8421052631578947,9,6,32,13,13
xgboost_raw_t0_t1,t0_t1,xgboost,raw,default_0.5,,,0.5,0.6833333333333333,0.6255980861244019,0.7069377990430622,0.6074691848903845,0.4864864864864865,0.6,0.4090909090909091,0.8421052631578947,9,6,32,13,14
xgboost_raw_t0_t1,t0_t1,xgboost,raw,default_0.5,,,0.5,0.7833333333333333,0.7141148325358851,0.7380382775119617,0.7270488816820764,0.6060606060606061,0.9090909090909091,0.45454545454545453,0.9736842105263158,10,1,37,12,15
xgboost_raw_t0_t1,t0_t1,xgboost,raw,tuned_f1,,,0.5,0.8032786885245902,0.7668997668997669,0.8403263403263403,0.7371186909238363,0.7,0.7777777777777778,0.6363636363636364,0.8974358974358975,14,4,35,8,1
xgboost_raw_t0_t1,t0_t1,xgboost,raw,tuned_f1,,,0.275,0.5333333333333333,0.631578947368421,0.7212918660287082,0.6488200794779742,0.6111111111111112,0.44,1.0,0.2631578947368421,22,28,10,0,2
xgboost_raw_t0_t1,t0_t1,xgboost,raw,tuned_f1,,,0.4,0.6833333333333333,0.7117224880382775,0.7619617224880383,0.5808504265710746,0.6545454545454545,0.5454545454545454,0.8181818181818182,0.6052631578947368,18,15,23,4,3
xgboost_raw_t0_t1,t0_t1,xgboost,raw,tuned_f1,,,0.35,0.5666666666666667,0.6100478468899522,0.6674641148325359,0.5745386433648976,0.5666666666666667,0.4473684210526316,0.7727272727272727,0.4473684210526316,17,21,17,5,4
xgboost_raw_t0_t1,t0_t1,xgboost,raw,tuned_f1,,,0.35,0.65,0.7141148325358851,0.7607655502392345,0.6465997447640075,0.6666666666666666,0.5121951219512195,0.9545454545454546,0.47368421052631576,21,20,18,1,5
xgboost_raw_t0_t1,t0_t1,xgboost,raw,tuned_f1,,,0.4,0.639344262295082,0.6684149184149184,0.7470862470862472,0.7193942369240958,0.6071428571428571,0.5,0.7727272727272727,0.5641025641025641,17,17,22,5,6
xgboost_raw_t0_t1,t0_t1,xgboost,raw,tuned_f1,,,0.5,0.75,0.687799043062201,0.6913875598086124,0.6104010593341186,0.5714285714285714,0.7692307692307693,0.45454545454545453,0.9210526315789473,10,3,35,12,7
xgboost_raw_t0_t1,t0_t1,xgboost,raw,tuned_f1,,,0.45,0.7333333333333333,0.7129186602870814,0.7404306220095693,0.6584450732339154,0.6363636363636364,0.6363636363636364,0.6363636363636364,0.7894736842105263,14,8,30,8,8
xgboost_raw_t0_t1,t0_t1,xgboost,raw,tuned_f1,,,0.35,0.75,0.7739234449760766,0.8397129186602871,0.7455945226419685,0.7169811320754716,0.6129032258064516,0.8636363636363636,0.6842105263157895,19,12,26,3,9
xgboost_raw_t0_t1,t0_t1,xgboost,raw,tuned_f1,,,0.3,0.55,0.6255980861244019,0.708133971291866,0.6592180121178701,0.5970149253731343,0.4444444444444444,0.9090909090909091,0.34210526315789475,20,25,13,2,10
xgboost_raw_t0_t1,t0_t1,xgboost,raw,tuned_f1,,,0.4,0.6557377049180327,0.6614219114219114,0.7004662004662005,0.6246128677433208,0.5882352941176471,0.5172413793103449,0.6818181818181818,0.6410256410256411,15,14,25,7,11
xgboost_raw_t0_t1,t0_t1,xgboost,raw,tuned_f1,,,0.45,0.7333333333333333,0.7320574162679425,0.764354066985646,0.5932993059741003,0.6666666666666666,0.6153846153846154,0.7272727272727273,0.7368421052631579,16,10,28,6,12
xgboost_raw_t0_t1,t0_t1,xgboost,raw,tuned_f1,,,0.4,0.6833333333333333,0.6830143540669856,0.6854066985645934,0.6299160103905792,0.6122448979591837,0.5555555555555556,0.6818181818181818,0.6842105263157895,15,12,26,7,13
xgboost_raw_t0_t1,t0_t1,xgboost,raw,tuned_f1,,,0.4,0.65,0.6758373205741627,0.7069377990430622,0.6074691848903845,0.6181818181818182,0.5151515151515151,0.7727272727272727,0.5789473684210527,17,16,22,5,14
xgboost_raw_t0_t1,t0_t1,xgboost,raw,tuned_f1,,,0.5,0.7833333333333333,0.7141148325358851,0.7380382775119617,0.7270488816820764,0.6060606060606061,0.9090909090909091,0.45454545454545453,0.9736842105263158,10,1,37,12,15
xgboost_raw_t0_delta,t0_delta,xgboost,raw,default_0.5,,,0.5,0.7049180327868853,0.6503496503496503,0.7610722610722611,0.6314450321226271,0.5263157894736842,0.625,0.45454545454545453,0.8461538461538461,10,6,33,12,1
xgboost_raw_t0_delta,t0_delta,xgboost,raw,default_0.5,,,0.5,0.65,0.6088516746411483,0.6722488038277512,0.5800923971160508,0.4878048780487805,0.5263157894736842,0.45454545454545453,0.7631578947368421,10,9,29,12,2
xgboost_raw_t0_delta,t0_delta,xgboost,raw,default_0.5,,,0.5,0.6666666666666666,0.6124401913875598,0.6626794258373205,0.5050050271245571,0.47368421052631576,0.5625,0.4090909090909091,0.8157894736842105,9,7,31,13,3
xgboost_raw_t0_delta,t0_delta,xgboost,raw,default_0.5,,,0.5,0.6,0.5215311004784688,0.5586124401913876,0.4300424690879382,0.29411764705882354,0.4166666666666667,0.22727272727272727,0.8157894736842105,5,7,31,17,4
xgboost_raw_t0_delta,t0_delta,xgboost,raw,default_0.5,,,0.5,0.7,0.6387559808612441,0.7523923444976076,0.6966504048073676,0.5,0.6428571428571429,0.4090909090909091,0.868421052631579,9,5,33,13,5
xgboost_raw_t0_delta,t0_delta,xgboost,raw,default_0.5,,,0.5,0.7049180327868853,0.6602564102564102,0.6643356643356643,0.5443687755509649,0.55,0.6111111111111112,0.5,0.8205128205128205,11,7,32,11,6
xgboost_raw_t0_delta,t0_delta,xgboost,raw,default_0.5,,,0.5,0.6166666666666667,0.5442583732057416,0.6674641148325359,0.6041570587510483,0.34285714285714286,0.46153846153846156,0.2727272727272727,0.8157894736842105,6,7,31,16,7
xgboost_raw_t0_delta,t0_delta,xgboost,raw,default_0.5,,,0.5,0.6166666666666667,0.5538277511961722,0.6674641148325359,0.5456976619643229,0.3783783783783784,0.4666666666666667,0.3181818181818182,0.7894736842105263,7,8,30,15,8
xgboost_raw_t0_delta,t0_delta,xgboost,raw,default_0.5,,,0.5,0.6833333333333333,0.5873205741626794,0.6578947368421053,0.5101558442938167,0.3448275862068966,0.7142857142857143,0.22727272727272727,0.9473684210526315,5,2,36,17,9
xgboost_raw_t0_delta,t0_delta,xgboost,raw,default_0.5,,,0.5,0.6833333333333333,0.6160287081339713,0.715311004784689,0.6592710554605128,0.45714285714285713,0.6153846153846154,0.36363636363636365,0.868421052631579,8,5,33,14,10
xgboost_raw_t0_delta,t0_delta,xgboost,raw,default_0.5,,,0.5,0.7213114754098361,0.6532634032634033,0.7016317016317017,0.6533343854701532,0.5142857142857142,0.6923076923076923,0.4090909090909091,0.8974358974358975,9,4,35,13,11
xgboost_raw_t0_delta,t0_delta,xgboost,raw,default_0.5,,,0.5,0.6333333333333333,0.5478468899521531,0.5885167464114833,0.4529940088506314,0.3125,0.5,0.22727272727272727,0.868421052631579,5,5,33,17,12
xgboost_raw_t0_delta,t0_delta,xgboost,raw,default_0.5,,,0.5,0.6166666666666667,0.5633971291866029,0.6100478468899521,0.5049984498857215,0.41025641025641024,0.47058823529411764,0.36363636363636365,0.7631578947368421,8,9,29,14,13
xgboost_raw_t0_delta,t0_delta,xgboost,raw,default_0.5,,,0.5,0.7166666666666667,0.6614832535885168,0.6710526315789473,0.5908151122060895,0.5405405405405406,0.6666666666666666,0.45454545454545453,0.868421052631579,10,5,33,12,14
xgboost_raw_t0_delta,t0_delta,xgboost,raw,default_0.5,,,0.5,0.65,0.5705741626794258,0.6471291866028708,0.5488431272791621,0.36363636363636365,0.5454545454545454,0.2727272727272727,0.868421052631579,6,5,33,16,15
xgboost_raw_t0_delta,t0_delta,xgboost,raw,tuned_f1,,,0.35,0.639344262295082,0.7080419580419581,0.7610722610722611,0.6314450321226271,0.65625,0.5,0.9545454545454546,0.46153846153846156,21,21,18,1,1
xgboost_raw_t0_delta,t0_delta,xgboost,raw,tuned_f1,,,0.275,0.55,0.6351674641148326,0.6722488038277512,0.5800923971160508,0.6086956521739131,0.44680851063829785,0.9545454545454546,0.3157894736842105,21,26,12,1,2
xgboost_raw_t0_delta,t0_delta,xgboost,raw,tuned_f1,,,0.45,0.6833333333333333,0.6638755980861244,0.6626794258373205,0.5050050271245571,0.5777777777777777,0.5652173913043478,0.5909090909090909,0.7368421052631579,13,10,28,9,3
xgboost_raw_t0_delta,t0_delta,xgboost,raw,tuned_f1,,,0.075,0.38333333333333336,0.5131578947368421,0.5586124401913876,0.4300424690879382,0.5432098765432098,0.3728813559322034,1.0,0.02631578947368421,22,37,1,0,4
xgboost_raw_t0_delta,t0_delta,xgboost,raw,tuned_f1,,,0.4,0.6833333333333333,0.7021531100478469,0.7523923444976076,0.6966504048073676,0.6415094339622641,0.5483870967741935,0.7727272727272727,0.631578947368421,17,14,24,5,5
xgboost_raw_t0_delta,t0_delta,xgboost,raw,tuned_f1,,,0.45,0.6885245901639344,0.6771561771561772,0.6643356643356643,0.5443687755509649,0.5957446808510638,0.56,0.6363636363636364,0.717948717948718,14,11,28,8,6
xgboost_raw_t0_delta,t0_delta,xgboost,raw,tuned_f1,,,0.35,0.5833333333333334,0.6327751196172249,0.6674641148325359,0.6041570587510483,0.5901639344262295,0.46153846153846156,0.8181818181818182,0.4473684210526316,18,21,17,4,7
xgboost_raw_t0_delta,t0_delta,xgboost,raw,tuned_f1,,,0.4,0.6166666666666667,0.6590909090909092,0.6674641148325359,0.5456976619643229,0.6101694915254238,0.4864864864864865,0.8181818181818182,0.5,18,19,19,4,8
xgboost_raw_t0_delta,t0_delta,xgboost,raw,tuned_f1,,,0.275,0.5666666666666667,0.638755980861244,0.6578947368421053,0.5101558442938167,0.6060606060606061,0.45454545454545453,0.9090909090909091,0.3684210526315789,20,24,14,2,9
xgboost_raw_t0_delta,t0_delta,xgboost,raw,tuned_f1,,,0.3,0.5333333333333333,0.6124401913875598,0.715311004784689,0.6592710554605128,0.5882352941176471,0.43478260869565216,0.9090909090909091,0.3157894736842105,20,26,12,2,10
xgboost_raw_t0_delta,t0_delta,xgboost,raw,tuned_f1,,,0.35,0.6065573770491803,0.6427738927738927,0.7016317016317017,0.6533343854701532,0.5862068965517241,0.4722222222222222,0.7727272727272727,0.5128205128205128,17,19,20,5,11
xgboost_raw_t0_delta,t0_delta,xgboost,raw,tuned_f1,,,0.25,0.43333333333333335,0.5526315789473684,0.5885167464114833,0.4529940088506314,0.5641025641025641,0.39285714285714285,1.0,0.10526315789473684,22,34,4,0,12
xgboost_raw_t0_delta,t0_delta,xgboost,raw,tuned_f1,,,0.25,0.45,0.55622009569378,0.6100478468899521,0.5049984498857215,0.56,0.39622641509433965,0.9545454545454546,0.15789473684210525,21,32,6,1,13
xgboost_raw_t0_delta,t0_delta,xgboost,raw,tuned_f1,,,0.3,0.5166666666666667,0.5801435406698565,0.6710526315789473,0.5908151122060895,0.5538461538461539,0.4186046511627907,0.8181818181818182,0.34210526315789475,18,25,13,4,14
xgboost_raw_t0_delta,t0_delta,xgboost,raw,tuned_f1,,,0.3,0.5166666666666667,0.5897129186602871,0.6471291866028708,0.5488431272791621,0.5671641791044776,0.4222222222222222,0.8636363636363636,0.3157894736842105,19,26,12,3,15
xgboost_raw_t0_t1_delta,t0_t1_delta,xgboost,raw,default_0.5,,,0.5,0.7049180327868853,0.6800699300699301,0.7773892773892774,0.6028591936853843,0.5909090909090909,0.5909090909090909,0.5909090909090909,0.7692307692307693,13,9,30,9,1
xgboost_raw_t0_t1_delta,t0_t1_delta,xgboost,raw,default_0.5,,,0.5,0.7,0.6483253588516746,0.7691387559808612,0.6957512487383279,0.5263157894736842,0.625,0.45454545454545453,0.8421052631578947,10,6,32,12,2
xgboost_raw_t0_t1_delta,t0_t1_delta,xgboost,raw,default_0.5,,,0.5,0.6833333333333333,0.6351674641148325,0.7248803827751197,0.5729876926098997,0.5128205128205128,0.5882352941176471,0.45454545454545453,0.8157894736842105,10,7,31,12,3
xgboost_raw_t0_t1_delta,t0_t1_delta,xgboost,raw,default_0.5,,,0.5,0.7166666666666667,0.6423444976076556,0.673444976076555,0.5727805599113811,0.48484848484848486,0.7272727272727273,0.36363636363636365,0.9210526315789473,8,3,35,14,4
xgboost_raw_t0_t1_delta,t0_t1_delta,xgboost,raw,default_0.5,,,0.5,0.65,0.5801435406698564,0.7392344497607656,0.6194338386678591,0.4,0.5384615384615384,0.3181818181818182,0.8421052631578947,7,6,32,15,5
xgboost_raw_t0_t1_delta,t0_t1_delta,xgboost,raw,default_0.5,,,0.5,0.7049180327868853,0.6602564102564102,0.6818181818181819,0.6493983012942031,0.55,0.6111111111111112,0.5,0.8205128205128205,11,7,32,11,6
xgboost_raw_t0_t1_delta,t0_t1_delta,xgboost,raw,default_0.5,,,0.5,0.6166666666666667,0.5538277511961722,0.6842105263157894,0.590645822299886,0.3783783783783784,0.4666666666666667,0.3181818181818182,0.7894736842105263,7,8,30,15,7
xgboost_raw_t0_t1_delta,t0_t1_delta,xgboost,raw,default_0.5,,,0.5,0.6333333333333333,0.5861244019138756,0.6495215311004785,0.6066461063113919,0.45,0.5,0.4090909090909091,0.7631578947368421,9,9,29,13,8
xgboost_raw_t0_t1_delta,t0_t1_delta,xgboost,raw,default_0.5,,,0.5,0.7166666666666667,0.6423444976076556,0.7930622009569378,0.7095995457699895,0.48484848484848486,0.7272727272727273,0.36363636363636365,0.9210526315789473,8,3,35,14,9
xgboost_raw_t0_t1_delta,t0_t1_delta,xgboost,raw,default_0.5,,,0.5,0.7,0.6483253588516746,0.7619617224880383,0.7227421462461197,0.5263157894736842,0.625,0.45454545454545453,0.8421052631578947,10,6,32,12,10
xgboost_raw_t0_t1_delta,t0_t1_delta,xgboost,raw,default_0.5,,,0.5,0.7213114754098361,0.6433566433566433,0.7249417249417249,0.585357411972814,0.48484848484848486,0.7272727272727273,0.36363636363636365,0.9230769230769231,8,3,36,14,11
xgboost_raw_t0_t1_delta,t0_t1_delta,xgboost,raw,default_0.5,,,0.5,0.6833333333333333,0.6255980861244019,0.6519138755980861,0.5294958013635503,0.4864864864864865,0.6,0.4090909090909091,0.8421052631578947,9,6,32,13,12
xgboost_raw_t0_t1_delta,t0_t1_delta,xgboost,raw,default_0.5,,,0.5,0.6333333333333333,0.5765550239234449,0.6291866028708134,0.4963300657688027,0.42105263157894735,0.5,0.36363636363636365,0.7894736842105263,8,8,30,14,13
xgboost_raw_t0_t1_delta,t0_t1_delta,xgboost,raw,default_0.5,,,0.5,0.65,0.5897129186602871,0.6901913875598086,0.6075549821116945,0.43243243243243246,0.5333333333333333,0.36363636363636365,0.8157894736842105,8,7,31,14,14
xgboost_raw_t0_t1_delta,t0_t1_delta,xgboost,raw,default_0.5,,,0.5,0.7833333333333333,0.7141148325358851,0.7547846889952152,0.7429032073482313,0.6060606060606061,0.9090909090909091,0.45454545454545453,0.9736842105263158,10,1,37,12,15
xgboost_raw_t0_t1_delta,t0_t1_delta,xgboost,raw,tuned_f1,,,0.45,0.7049180327868853,0.7196969696969697,0.7773892773892774,0.6028591936853843,0.6538461538461539,0.5666666666666667,0.7727272727272727,0.6666666666666666,17,13,26,5,1
xgboost_raw_t0_t1_delta,t0_t1_delta,xgboost,raw,tuned_f1,,,0.35,0.6,0.6650717703349283,0.7691387559808612,0.6957512487383279,0.625,0.47619047619047616,0.9090909090909091,0.42105263157894735,20,22,16,2,2
xgboost_raw_t0_t1_delta,t0_t1_delta,xgboost,raw,tuned_f1,,,0.4,0.6833333333333333,0.7117224880382775,0.7248803827751197,0.5729876926098997,0.6545454545454545,0.5454545454545454,0.8181818181818182,0.6052631578947368,18,15,23,4,3
xgboost_raw_t0_t1_delta,t0_t1_delta,xgboost,raw,tuned_f1,,,0.45,0.7166666666666667,0.680622009569378,0.673444976076555,0.5727805599113811,0.5853658536585366,0.631578947368421,0.5454545454545454,0.8157894736842105,12,7,31,10,4
xgboost_raw_t0_t1_delta,t0_t1_delta,xgboost,raw,tuned_f1,,,0.4,0.7,0.715311004784689,0.7392344497607656,0.6194338386678591,0.6538461538461539,0.5666666666666667,0.7727272727272727,0.6578947368421053,17,13,25,5,5
xgboost_raw_t0_t1_delta,t0_t1_delta,xgboost,raw,tuned_f1,,,0.4,0.6229508196721312,0.6456876456876457,0.6818181818181819,0.6493983012942031,0.5818181818181818,0.48484848484848486,0.7272727272727273,0.5641025641025641,16,17,22,6,6
xgboost_raw_t0_t1_delta,t0_t1_delta,xgboost,raw,tuned_f1,,,0.35,0.5833333333333334,0.6423444976076556,0.6842105263157894,0.590645822299886,0.6031746031746031,0.4634146341463415,0.8636363636363636,0.42105263157894735,19,22,16,3,7
xgboost_raw_t0_t1_delta,t0_t1_delta,xgboost,raw,tuned_f1,,,0.4,0.6,0.6267942583732058,0.6495215311004785,0.6066461063113919,0.5714285714285714,0.47058823529411764,0.7272727272727273,0.5263157894736842,16,18,20,6,8
xgboost_raw_t0_t1_delta,t0_t1_delta,xgboost,raw,tuned_f1,,,0.35,0.7,0.715311004784689,0.7930622009569378,0.7095995457699895,0.6538461538461539,0.5666666666666667,0.7727272727272727,0.6578947368421053,17,13,25,5,9
xgboost_raw_t0_t1_delta,t0_t1_delta,xgboost,raw,tuned_f1,,,0.45,0.7333333333333333,0.722488038277512,0.7619617224880383,0.7227421462461197,0.6521739130434783,0.625,0.6818181818181818,0.7631578947368421,15,9,29,7,10
xgboost_raw_t0_t1_delta,t0_t1_delta,xgboost,raw,tuned_f1,,,0.45,0.7213114754098361,0.6928904428904429,0.7249417249417249,0.585357411972814,0.6046511627906976,0.6190476190476191,0.5909090909090909,0.7948717948717948,13,8,31,9,11
xgboost_raw_t0_t1_delta,t0_t1_delta,xgboost,raw,tuned_f1,,,0.275,0.43333333333333335,0.5430622009569378,0.6519138755980861,0.5294958013635503,0.5526315789473685,0.3888888888888889,0.9545454545454546,0.13157894736842105,21,33,5,1,12
xgboost_raw_t0_t1_delta,t0_t1_delta,xgboost,raw,tuned_f1,,,0.225,0.4166666666666667,0.5394736842105263,0.6291866028708134,0.4963300657688027,0.5569620253164557,0.38596491228070173,1.0,0.07894736842105263,22,35,3,0,13
xgboost_raw_t0_t1_delta,t0_t1_delta,xgboost,raw,tuned_f1,,,0.35,0.6166666666666667,0.6782296650717703,0.6901913875598086,0.6075549821116945,0.6349206349206349,0.4878048780487805,0.9090909090909091,0.4473684210526316,20,21,17,2,14
xgboost_raw_t0_t1_delta,t0_t1_delta,xgboost,raw,tuned_f1,,,0.3,0.5666666666666667,0.638755980861244,0.7547846889952152,0.7429032073482313,0.6060606060606061,0.45454545454545453,0.9090909090909091,0.3684210526315789,20,24,14,2,15
xgboost_select50_t0_only,t0_only,xgboost,selectk,default_0.5,50,,0.5,0.5573770491803278,0.5151515151515151,0.6363636363636365,0.5240138113862083,0.37209302325581395,0.38095238095238093,0.36363636363636365,0.6666666666666666,8,13,26,14,1
xgboost_select50_t0_only,t0_only,xgboost,selectk,default_0.5,50,,0.5,0.6333333333333333,0.6052631578947368,0.5992822966507176,0.5869313772032065,0.5,0.5,0.5,0.7105263157894737,11,11,27,11,2
xgboost_select50_t0_only,t0_only,xgboost,selectk,default_0.5,50,,0.5,0.6666666666666666,0.6220095693779905,0.6710526315789473,0.5409871310098756,0.5,0.5555555555555556,0.45454545454545453,0.7894736842105263,10,8,30,12,3
xgboost_select50_t0_only,t0_only,xgboost,selectk,default_0.5,50,,0.5,0.5333333333333333,0.4880382775119617,0.4964114832535885,0.4040477004387194,0.3333333333333333,0.35,0.3181818181818182,0.6578947368421053,7,13,25,15,4
xgboost_select50_t0_only,t0_only,xgboost,selectk,default_0.5,50,,0.5,0.6333333333333333,0.5669856459330144,0.6925837320574163,0.5851213581704284,0.3888888888888889,0.5,0.3181818181818182,0.8157894736842105,7,7,31,15,5
xgboost_select50_t0_only,t0_only,xgboost,selectk,default_0.5,50,,0.5,0.7213114754098361,0.682983682983683,0.6526806526806527,0.5445489684757466,0.5853658536585366,0.631578947368421,0.5454545454545454,0.8205128205128205,12,7,32,10,6
xgboost_select50_t0_only,t0_only,xgboost,selectk,default_0.5,50,,0.5,0.7,0.6291866028708134,0.6447368421052632,0.5834128275607858,0.47058823529411764,0.6666666666666666,0.36363636363636365,0.8947368421052632,8,4,34,14,7
xgboost_select50_t0_only,t0_only,xgboost,selectk,default_0.5,50,,0.5,0.5666666666666667,0.5430622009569378,0.5645933014354066,0.5073455334613753,0.43478260869565216,0.4166666666666667,0.45454545454545453,0.631578947368421,10,14,24,12,8
xgboost_select50_t0_only,t0_only,xgboost,selectk,default_0.5,50,,0.5,0.6333333333333333,0.5765550239234449,0.6291866028708134,0.48851506085641966,0.42105263157894735,0.5,0.36363636363636365,0.7894736842105263,8,8,30,14,9
xgboost_select50_t0_only,t0_only,xgboost,selectk,default_0.5,50,,0.5,0.65,0.618421052631579,0.6303827751196172,0.5508129819298044,0.5116279069767442,0.5238095238095238,0.5,0.7368421052631579,11,10,28,11,10
xgboost_select50_t0_only,t0_only,xgboost,selectk,default_0.5,50,,0.5,0.5901639344262295,0.5705128205128205,0.6363636363636365,0.4957647352283449,0.46808510638297873,0.44,0.5,0.6410256410256411,11,14,25,11,11
xgboost_select50_t0_only,t0_only,xgboost,selectk,default_0.5,50,,0.5,0.5166666666666667,0.5035885167464115,0.5669856459330144,0.5281311235864429,0.40816326530612246,0.37037037037037035,0.45454545454545453,0.5526315789473685,10,17,21,12,12
xgboost_select50_t0_only,t0_only,xgboost,selectk,default_0.5,50,,0.5,0.6,0.569377990430622,0.6076555023923444,0.4455041758393746,0.45454545454545453,0.45454545454545453,0.45454545454545453,0.6842105263157895,10,12,26,12,13
xgboost_select50_t0_only,t0_only,xgboost,selectk,default_0.5,50,,0.5,0.6333333333333333,0.6052631578947368,0.6136363636363636,0.49748794596087326,0.5,0.5,0.5,0.7105263157894737,11,11,27,11,14
xgboost_select50_t0_only,t0_only,xgboost,selectk,default_0.5,50,,0.5,0.6,0.5502392344497608,0.5598086124401914,0.5226441675417589,0.4,0.4444444444444444,0.36363636363636365,0.7368421052631579,8,10,28,14,15
xgboost_select50_t0_only,t0_only,xgboost,selectk,tuned_f1,50,,0.175,0.45901639344262296,0.5769230769230769,0.6363636363636365,0.5240138113862083,0.5714285714285714,0.4,1.0,0.15384615384615385,22,33,6,0,1
xgboost_select50_t0_only,t0_only,xgboost,selectk,tuned_f1,50,,0.05,0.36666666666666664,0.5,0.5992822966507176,0.5869313772032065,0.5365853658536586,0.36666666666666664,1.0,0.0,22,38,0,0,2
xgboost_select50_t0_only,t0_only,xgboost,selectk,tuned_f1,50,,0.35,0.6166666666666667,0.6495215311004785,0.6710526315789473,0.5409871310098756,0.5964912280701754,0.4857142857142857,0.7727272727272727,0.5263157894736842,17,18,20,5,3
xgboost_select50_t0_only,t0_only,xgboost,selectk,tuned_f1,50,,0.125,0.4,0.5263157894736842,0.4964114832535885,0.4040477004387194,0.55,0.3793103448275862,1.0,0.05263157894736842,22,36,2,0,4
xgboost_select50_t0_only,t0_only,xgboost,selectk,tuned_f1,50,,0.35,0.7,0.715311004784689,0.6925837320574163,0.5851213581704284,0.6538461538461539,0.5666666666666667,0.7727272727272727,0.6578947368421053,17,13,25,5,5
xgboost_select50_t0_only,t0_only,xgboost,selectk,tuned_f1,50,,0.5,0.7213114754098361,0.682983682983683,0.6526806526806527,0.5445489684757466,0.5853658536585366,0.631578947368421,0.5454545454545454,0.8205128205128205,12,7,32,10,6
xgboost_select50_t0_only,t0_only,xgboost,selectk,tuned_f1,50,,0.3,0.5333333333333333,0.6028708133971292,0.6447368421052632,0.5834128275607858,0.5757575757575758,0.4318181818181818,0.8636363636363636,0.34210526315789475,19,25,13,3,7
xgboost_select50_t0_only,t0_only,xgboost,selectk,tuned_f1,50,,0.225,0.43333333333333335,0.5430622009569378,0.5645933014354066,0.5073455334613753,0.5526315789473685,0.3888888888888889,0.9545454545454546,0.13157894736842105,21,33,5,1,8
xgboost_select50_t0_only,t0_only,xgboost,selectk,tuned_f1,50,,0.25,0.5333333333333333,0.6124401913875598,0.6291866028708134,0.48851506085641966,0.5882352941176471,0.43478260869565216,0.9090909090909091,0.3157894736842105,20,26,12,2,9
xgboost_select50_t0_only,t0_only,xgboost,selectk,tuned_f1,50,,0.35,0.6,0.6363636363636364,0.6303827751196172,0.5508129819298044,0.5862068965517241,0.4722222222222222,0.7727272727272727,0.5,17,19,19,5,10
xgboost_select50_t0_only,t0_only,xgboost,selectk,tuned_f1,50,,0.35,0.639344262295082,0.6486013986013985,0.6363636363636365,0.4957647352283449,0.5769230769230769,0.5,0.6818181818181818,0.6153846153846154,15,15,24,7,11
xgboost_select50_t0_only,t0_only,xgboost,selectk,tuned_f1,50,,0.075,0.38333333333333336,0.5131578947368421,0.5669856459330144,0.5281311235864429,0.5432098765432098,0.3728813559322034,1.0,0.02631578947368421,22,37,1,0,12
xgboost_select50_t0_only,t0_only,xgboost,selectk,tuned_f1,50,,0.25,0.5166666666666667,0.5897129186602871,0.6076555023923444,0.4455041758393746,0.5671641791044776,0.4222222222222222,0.8636363636363636,0.3157894736842105,19,26,12,3,13
xgboost_select50_t0_only,t0_only,xgboost,selectk,tuned_f1,50,,0.2,0.4666666666666667,0.5789473684210527,0.6136363636363636,0.49748794596087326,0.5789473684210527,0.4074074074074074,1.0,0.15789473684210525,22,32,6,0,14
xgboost_select50_t0_only,t0_only,xgboost,selectk,tuned_f1,50,,0.175,0.4,0.5167464114832536,0.5598086124401914,0.5226441675417589,0.5384615384615384,0.375,0.9545454545454546,0.07894736842105263,21,35,3,1,15
xgboost_select100_t0_only,t0_only,xgboost,selectk,default_0.5,100,,0.5,0.6557377049180327,0.6118881118881119,0.7331002331002332,0.5988187531735237,0.4878048780487805,0.5263157894736842,0.45454545454545453,0.7692307692307693,10,9,30,12,1
xgboost_select100_t0_only,t0_only,xgboost,selectk,default_0.5,100,,0.5,0.6333333333333333,0.6052631578947368,0.6160287081339713,0.5791156768962744,0.5,0.5,0.5,0.7105263157894737,11,11,27,11,2
xgboost_select100_t0_only,t0_only,xgboost,selectk,default_0.5,100,,0.5,0.6833333333333333,0.6351674641148325,0.7272727272727273,0.5607958119933546,0.5128205128205128,0.5882352941176471,0.45454545454545453,0.8157894736842105,10,7,31,12,3
xgboost_select100_t0_only,t0_only,xgboost,selectk,default_0.5,100,,0.5,0.6,0.5406698564593302,0.5550239234449761,0.5062368622803605,0.3684210526315789,0.4375,0.3181818181818182,0.7631578947368421,7,9,29,15,4
xgboost_select100_t0_only,t0_only,xgboost,selectk,default_0.5,100,,0.5,0.6833333333333333,0.6447368421052632,0.6961722488038278,0.6235906190726658,0.5365853658536586,0.5789473684210527,0.5,0.7894736842105263,11,8,30,11,5
xgboost_select100_t0_only,t0_only,xgboost,selectk,default_0.5,100,,0.5,0.6557377049180327,0.6317016317016317,0.6363636363636364,0.5504912054721922,0.5333333333333333,0.5217391304347826,0.5454545454545454,0.717948717948718,12,11,28,10,6
xgboost_select100_t0_only,t0_only,xgboost,selectk,default_0.5,100,,0.5,0.7333333333333333,0.6746411483253588,0.708133971291866,0.6682677214791588,0.5555555555555556,0.7142857142857143,0.45454545454545453,0.8947368421052632,10,4,34,12,7
xgboost_select100_t0_only,t0_only,xgboost,selectk,default_0.5,100,,0.5,0.6666666666666666,0.631578947368421,0.6519138755980862,0.6140268961398961,0.5238095238095238,0.55,0.5,0.7631578947368421,11,9,29,11,8
xgboost_select100_t0_only,t0_only,xgboost,selectk,default_0.5,100,,0.5,0.5666666666666667,0.4856459330143541,0.6734449760765551,0.5102341025818303,0.23529411764705882,0.3333333333333333,0.18181818181818182,0.7894736842105263,4,8,30,18,9
xgboost_select100_t0_only,t0_only,xgboost,selectk,default_0.5,100,,0.5,0.6166666666666667,0.5633971291866029,0.6638755980861244,0.595894142328622,0.41025641025641024,0.47058823529411764,0.36363636363636365,0.7631578947368421,8,9,29,14,10
xgboost_select100_t0_only,t0_only,xgboost,selectk,default_0.5,100,,0.5,0.6721311475409836,0.6346153846153846,0.6328671328671329,0.5465375113163755,0.5238095238095238,0.55,0.5,0.7692307692307693,11,9,30,11,11
xgboost_select100_t0_only,t0_only,xgboost,selectk,default_0.5,100,,0.5,0.65,0.6088516746411483,0.6100478468899522,0.6065736093925869,0.4878048780487805,0.5263157894736842,0.45454545454545453,0.7631578947368421,10,9,29,12,12
xgboost_select100_t0_only,t0_only,xgboost,selectk,default_0.5,100,,0.5,0.7,0.6387559808612441,0.7009569377990431,0.5404518091388236,0.5,0.6428571428571429,0.4090909090909091,0.868421052631579,9,5,33,13,13
xgboost_select100_t0_only,t0_only,xgboost,selectk,default_0.5,100,,0.5,0.6166666666666667,0.5729665071770335,0.6267942583732058,0.5127653132540342,0.43902439024390244,0.47368421052631576,0.4090909090909091,0.7368421052631579,9,10,28,13,14
xgboost_select100_t0_only,t0_only,xgboost,selectk,default_0.5,100,,0.5,0.65,0.5897129186602871,0.617224880382775,0.5651483307827297,0.43243243243243246,0.5333333333333333,0.36363636363636365,0.8157894736842105,8,7,31,14,15
xgboost_select100_t0_only,t0_only,xgboost,selectk,tuned_f1,100,,0.45,0.7049180327868853,0.6998834498834499,0.7331002331002332,0.5988187531735237,0.625,0.5769230769230769,0.6818181818181818,0.717948717948718,15,11,28,7,1
xgboost_select100_t0_only,t0_only,xgboost,selectk,tuned_f1,100,,0.4,0.6,0.6076555023923444,0.6160287081339713,0.5791156768962744,0.5384615384615384,0.4666666666666667,0.6363636363636364,0.5789473684210527,14,16,22,8,2
xgboost_select100_t0_only,t0_only,xgboost,selectk,tuned_f1,100,,0.35,0.7166666666666667,0.7380382775119618,0.7272727272727273,0.5607958119933546,0.6792452830188679,0.5806451612903226,0.8181818181818182,0.6578947368421053,18,13,25,4,3
xgboost_select100_t0_only,t0_only,xgboost,selectk,tuned_f1,100,,0.2,0.4166666666666667,0.5299043062200957,0.5550239234449761,0.5062368622803605,0.5454545454545454,0.38181818181818183,0.9545454545454546,0.10526315789473684,21,34,4,1,4
xgboost_select100_t0_only,t0_only,xgboost,selectk,tuned_f1,100,,0.4,0.6666666666666666,0.6698564593301435,0.6961722488038278,0.6235906190726658,0.6,0.5357142857142857,0.6818181818181818,0.6578947368421053,15,13,25,7,5
xgboost_select100_t0_only,t0_only,xgboost,selectk,tuned_f1,100,,0.15,0.3770491803278688,0.5128205128205128,0.6363636363636364,0.5504912054721922,0.5365853658536586,0.36666666666666664,1.0,0.02564102564102564,22,38,1,0,6
xgboost_select100_t0_only,t0_only,xgboost,selectk,tuned_f1,100,,0.3,0.5666666666666667,0.6291866028708134,0.708133971291866,0.6682677214791588,0.59375,0.4523809523809524,0.8636363636363636,0.39473684210526316,19,23,15,3,7
xgboost_select100_t0_only,t0_only,xgboost,selectk,tuned_f1,100,,0.175,0.4166666666666667,0.5394736842105263,0.6519138755980862,0.6140268961398961,0.5569620253164557,0.38596491228070173,1.0,0.07894736842105263,22,35,3,0,8
xgboost_select100_t0_only,t0_only,xgboost,selectk,tuned_f1,100,,0.3,0.6333333333333333,0.6626794258373205,0.6734449760765551,0.5102341025818303,0.6071428571428571,0.5,0.7727272727272727,0.5526315789473685,17,17,21,5,9
xgboost_select100_t0_only,t0_only,xgboost,selectk,tuned_f1,100,,0.3,0.55,0.6255980861244019,0.6638755980861244,0.595894142328622,0.5970149253731343,0.4444444444444444,0.9090909090909091,0.34210526315789475,20,25,13,2,10
xgboost_select100_t0_only,t0_only,xgboost,selectk,tuned_f1,100,,0.3,0.5409836065573771,0.5815850815850816,0.6328671328671329,0.5465375113163755,0.5333333333333333,0.42105263157894735,0.7272727272727273,0.4358974358974359,16,22,17,6,11
xgboost_select100_t0_only,t0_only,xgboost,selectk,tuned_f1,100,,0.15,0.4166666666666667,0.5394736842105263,0.6100478468899522,0.6065736093925869,0.5569620253164557,0.38596491228070173,1.0,0.07894736842105263,22,35,3,0,12
xgboost_select100_t0_only,t0_only,xgboost,selectk,tuned_f1,100,,0.35,0.6333333333333333,0.6722488038277512,0.7009569377990431,0.5404518091388236,0.6206896551724138,0.5,0.8181818181818182,0.5263157894736842,18,18,20,4,13
xgboost_select100_t0_only,t0_only,xgboost,selectk,tuned_f1,100,,0.15,0.4166666666666667,0.5394736842105263,0.6267942583732058,0.5127653132540342,0.5569620253164557,0.38596491228070173,1.0,0.07894736842105263,22,35,3,0,14
xgboost_select100_t0_only,t0_only,xgboost,selectk,tuned_f1,100,,0.4,0.65,0.6471291866028708,0.617224880382775,0.5651483307827297,0.5714285714285714,0.5185185185185185,0.6363636363636364,0.6578947368421053,14,13,25,8,15
xgboost_select200_t0_only,t0_only,xgboost,selectk,default_0.5,200,,0.5,0.7049180327868853,0.6503496503496503,0.7622377622377623,0.6416258716588297,0.5263157894736842,0.625,0.45454545454545453,0.8461538461538461,10,6,33,12,1
xgboost_select200_t0_only,t0_only,xgboost,selectk,default_0.5,200,,0.5,0.6,0.5598086124401914,0.6543062200956937,0.6218715967229775,0.42857142857142855,0.45,0.4090909090909091,0.7105263157894737,9,11,27,13,2
xgboost_select200_t0_only,t0_only,xgboost,selectk,default_0.5,200,,0.5,0.6833333333333333,0.6255980861244019,0.7404306220095693,0.6224498487900979,0.4864864864864865,0.6,0.4090909090909091,0.8421052631578947,9,6,32,13,3
xgboost_select200_t0_only,t0_only,xgboost,selectk,default_0.5,200,,0.5,0.5833333333333334,0.527511961722488,0.5657894736842105,0.490476052888141,0.358974358974359,0.4117647058823529,0.3181818181818182,0.7368421052631579,7,10,28,15,4
xgboost_select200_t0_only,t0_only,xgboost,selectk,default_0.5,200,,0.5,0.7,0.6483253588516746,0.7248803827751197,0.7091640034232145,0.5263157894736842,0.625,0.45454545454545453,0.8421052631578947,10,6,32,12,5
xgboost_select200_t0_only,t0_only,xgboost,selectk,default_0.5,200,,0.5,0.6557377049180327,0.6515151515151515,0.6491841491841492,0.48540681887445214,0.5714285714285714,0.5185185185185185,0.6363636363636364,0.6666666666666666,14,13,26,8,6
xgboost_select200_t0_only,t0_only,xgboost,selectk,default_0.5,200,,0.5,0.6833333333333333,0.6351674641148325,0.6913875598086124,0.639305092243944,0.5128205128205128,0.5882352941176471,0.45454545454545453,0.8157894736842105,10,7,31,12,7
xgboost_select200_t0_only,t0_only,xgboost,selectk,default_0.5,200,,0.5,0.75,0.6973684210526316,0.7248803827751196,0.661185171643109,0.5945945945945946,0.7333333333333333,0.5,0.8947368421052632,11,4,34,11,8
xgboost_select200_t0_only,t0_only,xgboost,selectk,default_0.5,200,,0.5,0.6166666666666667,0.534688995215311,0.7727272727272727,0.6151364632718642,0.30303030303030304,0.45454545454545453,0.22727272727272727,0.8421052631578947,5,6,32,17,9
xgboost_select200_t0_only,t0_only,xgboost,selectk,default_0.5,200,,0.5,0.6333333333333333,0.5765550239234449,0.645933014354067,0.614354491574257,0.42105263157894735,0.5,0.36363636363636365,0.7894736842105263,8,8,30,14,10
xgboost_select200_t0_only,t0_only,xgboost,selectk,default_0.5,200,,0.5,0.6721311475409836,0.6346153846153846,0.655011655011655,0.6443751954710137,0.5238095238095238,0.55,0.5,0.7692307692307693,11,9,30,11,11
xgboost_select200_t0_only,t0_only,xgboost,selectk,default_0.5,200,,0.5,0.65,0.5992822966507177,0.6519138755980861,0.6146247277619508,0.46153846153846156,0.5294117647058824,0.4090909090909091,0.7894736842105263,9,8,30,13,12
xgboost_select200_t0_only,t0_only,xgboost,selectk,default_0.5,200,,0.5,0.65,0.5992822966507177,0.7057416267942583,0.5568532814232692,0.46153846153846156,0.5294117647058824,0.4090909090909091,0.7894736842105263,9,8,30,13,13
xgboost_select200_t0_only,t0_only,xgboost,selectk,default_0.5,200,,0.5,0.6666666666666666,0.6124401913875598,0.6339712918660286,0.5496992710931262,0.47368421052631576,0.5625,0.4090909090909091,0.8157894736842105,9,7,31,13,14
xgboost_select200_t0_only,t0_only,xgboost,selectk,default_0.5,200,,0.5,0.6666666666666666,0.6124401913875598,0.6028708133971292,0.5503964442075231,0.47368421052631576,0.5625,0.4090909090909091,0.8157894736842105,9,7,31,13,15
xgboost_select200_t0_only,t0_only,xgboost,selectk,tuned_f1,200,,0.4,0.6885245901639344,0.706876456876457,0.7622377622377623,0.6416258716588297,0.6415094339622641,0.5483870967741935,0.7727272727272727,0.6410256410256411,17,14,25,5,1
xgboost_select200_t0_only,t0_only,xgboost,selectk,tuned_f1,200,,0.2,0.4666666666666667,0.569377990430622,0.6543062200956937,0.6218715967229775,0.5675675675675675,0.40384615384615385,0.9545454545454546,0.18421052631578946,21,31,7,1,2
xgboost_select200_t0_only,t0_only,xgboost,selectk,tuned_f1,200,,0.35,0.6666666666666666,0.7081339712918661,0.7404306220095693,0.6224498487900979,0.6551724137931034,0.5277777777777778,0.8636363636363636,0.5526315789473685,19,17,21,3,3
xgboost_select200_t0_only,t0_only,xgboost,selectk,tuned_f1,200,,0.05,0.38333333333333336,0.5131578947368421,0.5657894736842105,0.490476052888141,0.5432098765432098,0.3728813559322034,1.0,0.02631578947368421,22,37,1,0,4
xgboost_select200_t0_only,t0_only,xgboost,selectk,tuned_f1,200,,0.45,0.7166666666666667,0.6901913875598087,0.7248803827751197,0.7091640034232145,0.6046511627906976,0.6190476190476191,0.5909090909090909,0.7894736842105263,13,8,30,9,5
xgboost_select200_t0_only,t0_only,xgboost,selectk,tuned_f1,200,,0.45,0.6557377049180327,0.6614219114219114,0.6491841491841492,0.48540681887445214,0.5882352941176471,0.5172413793103449,0.6818181818181818,0.6410256410256411,15,14,25,7,6
xgboost_select200_t0_only,t0_only,xgboost,selectk,tuned_f1,200,,0.275,0.5333333333333333,0.6124401913875598,0.6913875598086124,0.639305092243944,0.5882352941176471,0.43478260869565216,0.9090909090909091,0.3157894736842105,20,26,12,2,7
xgboost_select200_t0_only,t0_only,xgboost,selectk,tuned_f1,200,,0.35,0.6,0.6555023923444976,0.7248803827751196,0.661185171643109,0.6129032258064516,0.475,0.8636363636363636,0.4473684210526316,19,21,17,3,8
xgboost_select200_t0_only,t0_only,xgboost,selectk,tuned_f1,200,,0.35,0.7166666666666667,0.7380382775119618,0.7727272727272727,0.6151364632718642,0.6792452830188679,0.5806451612903226,0.8181818181818182,0.6578947368421053,18,13,25,4,9
xgboost_select200_t0_only,t0_only,xgboost,selectk,tuned_f1,200,,0.25,0.48333333333333334,0.5729665071770335,0.645933014354067,0.614354491574257,0.5633802816901409,0.40816326530612246,0.9090909090909091,0.23684210526315788,20,29,9,2,10
xgboost_select200_t0_only,t0_only,xgboost,selectk,tuned_f1,200,,0.175,0.4098360655737705,0.5285547785547786,0.655011655011655,0.6443751954710137,0.5384615384615384,0.375,0.9545454545454546,0.10256410256410256,21,35,4,1,11
xgboost_select200_t0_only,t0_only,xgboost,selectk,tuned_f1,200,,0.35,0.55,0.59688995215311,0.6519138755980861,0.6146247277619508,0.5573770491803278,0.4358974358974359,0.7727272727272727,0.42105263157894735,17,22,16,5,12
xgboost_select200_t0_only,t0_only,xgboost,selectk,tuned_f1,200,,0.3,0.5666666666666667,0.6483253588516746,0.7057416267942583,0.5568532814232692,0.6176470588235294,0.45652173913043476,0.9545454545454546,0.34210526315789475,21,25,13,1,13
xgboost_select200_t0_only,t0_only,xgboost,selectk,tuned_f1,200,,0.25,0.5,0.5765550239234449,0.6339712918660286,0.5496992710931262,0.5588235294117647,0.41304347826086957,0.8636363636363636,0.2894736842105263,19,27,11,3,14
xgboost_select200_t0_only,t0_only,xgboost,selectk,tuned_f1,200,,0.1,0.38333333333333336,0.5131578947368421,0.6028708133971292,0.5503964442075231,0.5432098765432098,0.3728813559322034,1.0,0.02631578947368421,22,37,1,0,15
xgboost_select500_t0_only,t0_only,xgboost,selectk,default_0.5,500,,0.5,0.7704918032786885,0.7214452214452214,0.7727272727272728,0.635719550360857,0.631578947368421,0.75,0.5454545454545454,0.8974358974358975,12,4,35,10,1
xgboost_select500_t0_only,t0_only,xgboost,selectk,default_0.5,500,,0.5,0.65,0.6088516746411483,0.6543062200956938,0.5888297262886181,0.4878048780487805,0.5263157894736842,0.45454545454545453,0.7631578947368421,10,9,29,12,2
xgboost_select500_t0_only,t0_only,xgboost,selectk,default_0.5,500,,0.5,0.6333333333333333,0.5765550239234449,0.6889952153110048,0.5386111359553412,0.42105263157894735,0.5,0.36363636363636365,0.7894736842105263,8,8,30,14,3
xgboost_select500_t0_only,t0_only,xgboost,selectk,default_0.5,500,,0.5,0.6,0.5598086124401914,0.5849282296650717,0.45835535173436653,0.42857142857142855,0.45,0.4090909090909091,0.7105263157894737,9,11,27,13,4
xgboost_select500_t0_only,t0_only,xgboost,selectk,default_0.5,500,,0.5,0.7,0.6196172248803827,0.75,0.7016469580939746,0.4375,0.7,0.3181818181818182,0.9210526315789473,7,3,35,15,5
xgboost_select500_t0_only,t0_only,xgboost,selectk,default_0.5,500,,0.5,0.6721311475409836,0.6445221445221445,0.6713286713286715,0.4884719936720094,0.5454545454545454,0.5454545454545454,0.5454545454545454,0.7435897435897436,12,10,29,10,6
xgboost_select500_t0_only,t0_only,xgboost,selectk,default_0.5,500,,0.5,0.6833333333333333,0.6447368421052632,0.6913875598086124,0.6320121873944409,0.5365853658536586,0.5789473684210527,0.5,0.7894736842105263,11,8,30,11,7
xgboost_select500_t0_only,t0_only,xgboost,selectk,default_0.5,500,,0.5,0.7,0.6483253588516746,0.7236842105263158,0.6742375115009369,0.5263157894736842,0.625,0.45454545454545453,0.8421052631578947,10,6,32,12,8
xgboost_select500_t0_only,t0_only,xgboost,selectk,default_0.5,500,,0.5,0.6666666666666666,0.5837320574162679,0.7643540669856459,0.6208555234530738,0.375,0.6,0.2727272727272727,0.8947368421052632,6,4,34,16,9
xgboost_select500_t0_only,t0_only,xgboost,selectk,default_0.5,500,,0.5,0.6833333333333333,0.6255980861244019,0.728468899521531,0.6249510916681081,0.4864864864864865,0.6,0.4090909090909091,0.8421052631578947,9,6,32,13,10
xgboost_select500_t0_only,t0_only,xgboost,selectk,default_0.5,500,,0.5,0.6721311475409836,0.6148018648018648,0.6876456876456877,0.6007988079532842,0.47368421052631576,0.5625,0.4090909090909091,0.8205128205128205,9,7,32,13,11
xgboost_select500_t0_only,t0_only,xgboost,selectk,default_0.5,500,,0.5,0.6833333333333333,0.6638755980861244,0.7344497607655501,0.7155721537971018,0.5777777777777777,0.5652173913043478,0.5909090909090909,0.7368421052631579,13,10,28,9,12
xgboost_select500_t0_only,t0_only,xgboost,selectk,default_0.5,500,,0.5,0.7166666666666667,0.6519138755980861,0.6889952153110047,0.5407961767781857,0.5142857142857142,0.6923076923076923,0.4090909090909091,0.8947368421052632,9,4,34,13,13
xgboost_select500_t0_only,t0_only,xgboost,selectk,default_0.5,500,,0.5,0.65,0.5801435406698564,0.700956937799043,0.5757893835225858,0.4,0.5384615384615384,0.3181818181818182,0.8421052631578947,7,6,32,15,14
xgboost_select500_t0_only,t0_only,xgboost,selectk,default_0.5,500,,0.5,0.6833333333333333,0.6160287081339713,0.7045454545454546,0.6767172976748423,0.45714285714285713,0.6153846153846154,0.36363636363636365,0.868421052631579,8,5,33,14,15
xgboost_select500_t0_only,t0_only,xgboost,selectk,tuned_f1,500,,0.45,0.7377049180327869,0.7156177156177156,0.7727272727272728,0.635719550360857,0.6363636363636364,0.6363636363636364,0.6363636363636364,0.7948717948717948,14,8,31,8,1
xgboost_select500_t0_only,t0_only,xgboost,selectk,tuned_f1,500,,0.3,0.5666666666666667,0.6196172248803828,0.6543062200956938,0.5888297262886181,0.5806451612903226,0.45,0.8181818181818182,0.42105263157894735,18,22,16,4,2
xgboost_select500_t0_only,t0_only,xgboost,selectk,tuned_f1,500,,0.35,0.6333333333333333,0.6722488038277512,0.6889952153110048,0.5386111359553412,0.6206896551724138,0.5,0.8181818181818182,0.5263157894736842,18,18,20,4,3
xgboost_select500_t0_only,t0_only,xgboost,selectk,tuned_f1,500,,0.125,0.4,0.5263157894736842,0.5849282296650717,0.45835535173436653,0.55,0.3793103448275862,1.0,0.05263157894736842,22,36,2,0,4
xgboost_select500_t0_only,t0_only,xgboost,selectk,tuned_f1,500,,0.4,0.7166666666666667,0.7188995215311005,0.75,0.7016469580939746,0.6530612244897959,0.5925925925925926,0.7272727272727273,0.7105263157894737,16,11,27,6,5
xgboost_select500_t0_only,t0_only,xgboost,selectk,tuned_f1,500,,0.35,0.5573770491803278,0.6241258741258742,0.6713286713286715,0.4884719936720094,0.5846153846153846,0.4418604651162791,0.8636363636363636,0.38461538461538464,19,24,15,3,6
xgboost_select500_t0_only,t0_only,xgboost,selectk,tuned_f1,500,,0.3,0.5666666666666667,0.6291866028708134,0.6913875598086124,0.6320121873944409,0.59375,0.4523809523809524,0.8636363636363636,0.39473684210526316,19,23,15,3,7
xgboost_select500_t0_only,t0_only,xgboost,selectk,tuned_f1,500,,0.45,0.6833333333333333,0.6830143540669856,0.7236842105263158,0.6742375115009369,0.6122448979591837,0.5555555555555556,0.6818181818181818,0.6842105263157895,15,12,26,7,8
xgboost_select500_t0_only,t0_only,xgboost,selectk,tuned_f1,500,,0.3,0.7,0.7440191387559809,0.7643540669856459,0.6208555234530738,0.6896551724137931,0.5555555555555556,0.9090909090909091,0.5789473684210527,20,16,22,2,9
xgboost_select500_t0_only,t0_only,xgboost,selectk,tuned_f1,500,,0.35,0.6,0.645933014354067,0.728468899521531,0.6249510916681081,0.6,0.47368421052631576,0.8181818181818182,0.47368421052631576,18,20,18,4,10
xgboost_select500_t0_only,t0_only,xgboost,selectk,tuned_f1,500,,0.4,0.6885245901639344,0.6870629370629371,0.6876456876456877,0.6007988079532842,0.6122448979591837,0.5555555555555556,0.6818181818181818,0.6923076923076923,15,12,27,7,11
xgboost_select500_t0_only,t0_only,xgboost,selectk,tuned_f1,500,,0.4,0.6166666666666667,0.6399521531100478,0.7344497607655501,0.7155721537971018,0.5818181818181818,0.48484848484848486,0.7272727272727273,0.5526315789473685,16,17,21,6,12
xgboost_select500_t0_only,t0_only,xgboost,selectk,tuned_f1,500,,0.35,0.5833333333333334,0.6327751196172249,0.6889952153110047,0.5407961767781857,0.5901639344262295,0.46153846153846156,0.8181818181818182,0.4473684210526316,18,21,17,4,13
xgboost_select500_t0_only,t0_only,xgboost,selectk,tuned_f1,500,,0.4,0.7,0.6961722488038278,0.700956937799043,0.5757893835225858,0.625,0.5769230769230769,0.6818181818181818,0.7105263157894737,15,11,27,7,14
xgboost_select500_t0_only,t0_only,xgboost,selectk,tuned_f1,500,,0.45,0.75,0.7260765550239234,0.7045454545454546,0.6767172976748423,0.6511627906976745,0.6666666666666666,0.6363636363636364,0.8157894736842105,14,7,31,8,15
xgboost_select50_t1_only,t1_only,xgboost,selectk,default_0.5,50,,0.5,0.7049180327868853,0.6602564102564102,0.7389277389277389,0.6126785181253284,0.55,0.6111111111111112,0.5,0.8205128205128205,11,7,32,11,1
xgboost_select50_t1_only,t1_only,xgboost,selectk,default_0.5,50,,0.5,0.7,0.6770334928229665,0.6877990430622011,0.6365657759147281,0.5909090909090909,0.5909090909090909,0.5909090909090909,0.7631578947368421,13,9,29,9,2
xgboost_select50_t1_only,t1_only,xgboost,selectk,default_0.5,50,,0.5,0.7166666666666667,0.6997607655502392,0.7320574162679425,0.6683075533096547,0.6222222222222222,0.6086956521739131,0.6363636363636364,0.7631578947368421,14,9,29,8,3
xgboost_select50_t1_only,t1_only,xgboost,selectk,default_0.5,50,,0.5,0.5666666666666667,0.5334928229665072,0.5801435406698564,0.4555237217429851,0.4090909090909091,0.4090909090909091,0.4090909090909091,0.6578947368421053,9,13,25,13,4
xgboost_select50_t1_only,t1_only,xgboost,selectk,default_0.5,50,,0.5,0.6166666666666667,0.5921052631578947,0.5801435406698565,0.5136106722819361,0.4888888888888889,0.4782608695652174,0.5,0.6842105263157895,11,12,26,11,5
xgboost_select50_t1_only,t1_only,xgboost,selectk,default_0.5,50,,0.5,0.5409836065573771,0.532051282051282,0.5524475524475524,0.43534786890081156,0.44,0.39285714285714285,0.5,0.5641025641025641,11,17,22,11,6
xgboost_select50_t1_only,t1_only,xgboost,selectk,default_0.5,50,,0.5,0.6,0.5311004784688995,0.6004784688995216,0.49613057678378775,0.3333333333333333,0.42857142857142855,0.2727272727272727,0.7894736842105263,6,8,30,16,7
xgboost_select50_t1_only,t1_only,xgboost,selectk,default_0.5,50,,0.5,0.5833333333333334,0.55622009569378,0.6937799043062202,0.5343563592024642,0.4444444444444444,0.43478260869565216,0.45454545454545453,0.6578947368421053,10,13,25,12,8
xgboost_select50_t1_only,t1_only,xgboost,selectk,default_0.5,50,,0.5,0.7,0.6578947368421053,0.7093301435406699,0.6673325551491656,0.55,0.6111111111111112,0.5,0.8157894736842105,11,7,31,11,9
xgboost_select50_t1_only,t1_only,xgboost,selectk,default_0.5,50,,0.5,0.5666666666666667,0.5334928229665072,0.6088516746411483,0.42820423682713926,0.4090909090909091,0.4090909090909091,0.4090909090909091,0.6578947368421053,9,13,25,13,10
xgboost_select50_t1_only,t1_only,xgboost,selectk,default_0.5,50,,0.5,0.6229508196721312,0.5664335664335665,0.655011655011655,0.47423824653583135,0.41025641025641024,0.47058823529411764,0.36363636363636365,0.7692307692307693,8,9,30,14,11
xgboost_select50_t1_only,t1_only,xgboost,selectk,default_0.5,50,,0.5,0.5666666666666667,0.5430622009569378,0.6136363636363635,0.5264942300626189,0.43478260869565216,0.4166666666666667,0.45454545454545453,0.631578947368421,10,14,24,12,12
xgboost_select50_t1_only,t1_only,xgboost,selectk,default_0.5,50,,0.5,0.6166666666666667,0.5729665071770335,0.5825358851674641,0.4761505057452724,0.43902439024390244,0.47368421052631576,0.4090909090909091,0.7368421052631579,9,10,28,13,13
xgboost_select50_t1_only,t1_only,xgboost,selectk,default_0.5,50,,0.5,0.65,0.618421052631579,0.6160287081339713,0.5909250747275769,0.5116279069767442,0.5238095238095238,0.5,0.7368421052631579,11,10,28,11,14
xgboost_select50_t1_only,t1_only,xgboost,selectk,default_0.5,50,,0.5,0.6,0.5598086124401914,0.6363636363636364,0.470911335258587,0.42857142857142855,0.45,0.4090909090909091,0.7105263157894737,9,11,27,13,15
xgboost_select50_t1_only,t1_only,xgboost,selectk,tuned_f1,50,,0.4,0.6065573770491803,0.6526806526806527,0.7389277389277389,0.6126785181253284,0.6,0.47368421052631576,0.8181818181818182,0.48717948717948717,18,20,19,4,1
xgboost_select50_t1_only,t1_only,xgboost,selectk,tuned_f1,50,,0.5,0.7,0.6770334928229665,0.6877990430622011,0.6365657759147281,0.5909090909090909,0.5909090909090909,0.5909090909090909,0.7631578947368421,13,9,29,9,2
xgboost_select50_t1_only,t1_only,xgboost,selectk,tuned_f1,50,,0.5,0.7166666666666667,0.6997607655502392,0.7320574162679425,0.6683075533096547,0.6222222222222222,0.6086956521739131,0.6363636363636364,0.7631578947368421,14,9,29,8,3
xgboost_select50_t1_only,t1_only,xgboost,selectk,tuned_f1,50,,0.3,0.5333333333333333,0.6028708133971292,0.5801435406698564,0.4555237217429851,0.5757575757575758,0.4318181818181818,0.8636363636363636,0.34210526315789475,19,25,13,3,4
xgboost_select50_t1_only,t1_only,xgboost,selectk,tuned_f1,50,,0.175,0.43333333333333335,0.5430622009569378,0.5801435406698565,0.5136106722819361,0.5526315789473685,0.3888888888888889,0.9545454545454546,0.13157894736842105,21,33,5,1,5
xgboost_select50_t1_only,t1_only,xgboost,selectk,tuned_f1,50,,0.1,0.39344262295081966,0.5256410256410257,0.5524475524475524,0.43534786890081156,0.5432098765432098,0.3728813559322034,1.0,0.05128205128205128,22,37,2,0,6
xgboost_select50_t1_only,t1_only,xgboost,selectk,tuned_f1,50,,0.3,0.5833333333333334,0.6327751196172249,0.6004784688995216,0.49613057678378775,0.5901639344262295,0.46153846153846156,0.8181818181818182,0.4473684210526316,18,21,17,4,7
xgboost_select50_t1_only,t1_only,xgboost,selectk,tuned_f1,50,,0.35,0.65,0.6949760765550239,0.6937799043062202,0.5343563592024642,0.6440677966101694,0.5135135135135135,0.8636363636363636,0.5263157894736842,19,18,20,3,8
xgboost_select50_t1_only,t1_only,xgboost,selectk,tuned_f1,50,,0.4,0.6833333333333333,0.6734449760765551,0.7093301435406699,0.6673325551491656,0.5957446808510638,0.56,0.6363636363636364,0.7105263157894737,14,11,27,8,9
xgboost_select50_t1_only,t1_only,xgboost,selectk,tuned_f1,50,,0.25,0.5166666666666667,0.5992822966507176,0.6088516746411483,0.42820423682713926,0.5797101449275363,0.425531914893617,0.9090909090909091,0.2894736842105263,20,27,11,2,10
xgboost_select50_t1_only,t1_only,xgboost,selectk,tuned_f1,50,,0.35,0.6557377049180327,0.6713286713286714,0.655011655011655,0.47423824653583135,0.6037735849056604,0.5161290322580645,0.7272727272727273,0.6153846153846154,16,15,24,6,11
xgboost_select50_t1_only,t1_only,xgboost,selectk,tuned_f1,50,,0.275,0.5,0.5765550239234449,0.6136363636363635,0.5264942300626189,0.5588235294117647,0.41304347826086957,0.8636363636363636,0.2894736842105263,19,27,11,3,12
xgboost_select50_t1_only,t1_only,xgboost,selectk,tuned_f1,50,,0.2,0.43333333333333335,0.5430622009569378,0.5825358851674641,0.4761505057452724,0.5526315789473685,0.3888888888888889,0.9545454545454546,0.13157894736842105,21,33,5,1,13
xgboost_select50_t1_only,t1_only,xgboost,selectk,tuned_f1,50,,0.15,0.4166666666666667,0.5299043062200957,0.6160287081339713,0.5909250747275769,0.5454545454545454,0.38181818181818183,0.9545454545454546,0.10526315789473684,21,34,4,1,14
xgboost_select50_t1_only,t1_only,xgboost,selectk,tuned_f1,50,,0.2,0.4666666666666667,0.5789473684210527,0.6363636363636364,0.470911335258587,0.5789473684210527,0.4074074074074074,1.0,0.15789473684210525,22,32,6,0,15
xgboost_select100_t1_only,t1_only,xgboost,selectk,default_0.5,100,,0.5,0.6885245901639344,0.6672494172494172,0.7564102564102564,0.6562469384771944,0.5777777777777777,0.5652173913043478,0.5909090909090909,0.7435897435897436,13,10,29,9,1
xgboost_select100_t1_only,t1_only,xgboost,selectk,default_0.5,100,,0.5,0.6833333333333333,0.6351674641148325,0.7260765550239234,0.6663058784660173,0.5128205128205128,0.5882352941176471,0.45454545454545453,0.8157894736842105,10,7,31,12,2
xgboost_select100_t1_only,t1_only,xgboost,selectk,default_0.5,100,,0.5,0.7166666666666667,0.6997607655502392,0.7679425837320574,0.6505494348499049,0.6222222222222222,0.6086956521739131,0.6363636363636364,0.7631578947368421,14,9,29,8,3
xgboost_select100_t1_only,t1_only,xgboost,selectk,default_0.5,100,,0.5,0.5833333333333334,0.55622009569378,0.6232057416267942,0.4729710255880817,0.4444444444444444,0.43478260869565216,0.45454545454545453,0.6578947368421053,10,13,25,12,4
xgboost_select100_t1_only,t1_only,xgboost,selectk,default_0.5,100,,0.5,0.6166666666666667,0.5825358851674641,0.6435406698564593,0.5672580823940706,0.46511627906976744,0.47619047619047616,0.45454545454545453,0.7105263157894737,10,11,27,12,5
xgboost_select100_t1_only,t1_only,xgboost,selectk,default_0.5,100,,0.5,0.7049180327868853,0.6998834498834499,0.6713286713286714,0.5300099302430293,0.625,0.5769230769230769,0.6818181818181818,0.717948717948718,15,11,28,7,6
xgboost_select100_t1_only,t1_only,xgboost,selectk,default_0.5,100,,0.5,0.6666666666666666,0.6028708133971292,0.6806220095693779,0.5379528837173708,0.4444444444444444,0.5714285714285714,0.36363636363636365,0.8421052631578947,8,6,32,14,7
xgboost_select100_t1_only,t1_only,xgboost,selectk,default_0.5,100,,0.5,0.6166666666666667,0.5921052631578947,0.7021531100478469,0.5673447307703859,0.4888888888888889,0.4782608695652174,0.5,0.6842105263157895,11,12,26,11,8
xgboost_select100_t1_only,t1_only,xgboost,selectk,default_0.5,100,,0.5,0.7,0.6674641148325359,0.7882775119617225,0.6271445062569005,0.5714285714285714,0.6,0.5454545454545454,0.7894736842105263,12,8,30,10,9
xgboost_select100_t1_only,t1_only,xgboost,selectk,default_0.5,100,,0.5,0.6333333333333333,0.5956937799043062,0.6614832535885168,0.4617913935234098,0.47619047619047616,0.5,0.45454545454545453,0.7368421052631579,10,10,28,12,10
xgboost_select100_t1_only,t1_only,xgboost,selectk,default_0.5,100,,0.5,0.6885245901639344,0.6375291375291375,0.7004662004662006,0.5258913762203387,0.5128205128205128,0.5882352941176471,0.45454545454545453,0.8205128205128205,10,7,32,12,11
xgboost_select100_t1_only,t1_only,xgboost,selectk,default_0.5,100,,0.5,0.5833333333333334,0.5753588516746411,0.6578947368421053,0.5824090387213067,0.4897959183673469,0.4444444444444444,0.5454545454545454,0.6052631578947368,12,15,23,10,12
xgboost_select100_t1_only,t1_only,xgboost,selectk,default_0.5,100,,0.5,0.6166666666666667,0.5729665071770335,0.6028708133971292,0.44289611582054794,0.43902439024390244,0.47368421052631576,0.4090909090909091,0.7368421052631579,9,10,28,13,13
xgboost_select100_t1_only,t1_only,xgboost,selectk,default_0.5,100,,0.5,0.65,0.5897129186602871,0.6064593301435406,0.5554524217549048,0.43243243243243246,0.5333333333333333,0.36363636363636365,0.8157894736842105,8,7,31,14,14
xgboost_select100_t1_only,t1_only,xgboost,selectk,default_0.5,100,,0.5,0.6166666666666667,0.5729665071770335,0.6758373205741627,0.4972714395301284,0.43902439024390244,0.47368421052631576,0.4090909090909091,0.7368421052631579,9,10,28,13,15
xgboost_select100_t1_only,t1_only,xgboost,selectk,tuned_f1,100,,0.45,0.7377049180327869,0.7453379953379953,0.7564102564102564,0.6562469384771944,0.68,0.6071428571428571,0.7727272727272727,0.717948717948718,17,11,28,5,1
xgboost_select100_t1_only,t1_only,xgboost,selectk,tuned_f1,100,,0.4,0.7,0.7057416267942584,0.7260765550239234,0.6663058784660173,0.64,0.5714285714285714,0.7272727272727273,0.6842105263157895,16,12,26,6,2
xgboost_select100_t1_only,t1_only,xgboost,selectk,tuned_f1,100,,0.45,0.6833333333333333,0.6925837320574163,0.7679425837320574,0.6505494348499049,0.6274509803921569,0.5517241379310345,0.7272727272727273,0.6578947368421053,16,13,25,6,3
xgboost_select100_t1_only,t1_only,xgboost,selectk,tuned_f1,100,,0.275,0.5333333333333333,0.6220095693779905,0.6232057416267942,0.4729710255880817,0.6,0.4375,0.9545454545454546,0.2894736842105263,21,27,11,1,4
xgboost_select100_t1_only,t1_only,xgboost,selectk,tuned_f1,100,,0.35,0.55,0.59688995215311,0.6435406698564593,0.5672580823940706,0.5573770491803278,0.4358974358974359,0.7727272727272727,0.42105263157894735,17,22,16,5,5
xgboost_select100_t1_only,t1_only,xgboost,selectk,tuned_f1,100,,0.5,0.7049180327868853,0.6998834498834499,0.6713286713286714,0.5300099302430293,0.625,0.5769230769230769,0.6818181818181818,0.717948717948718,15,11,28,7,6
xgboost_select100_t1_only,t1_only,xgboost,selectk,tuned_f1,100,,0.4,0.65,0.6662679425837321,0.6806220095693779,0.5379528837173708,0.6037735849056604,0.5161290322580645,0.7272727272727273,0.6052631578947368,16,15,23,6,7
xgboost_select100_t1_only,t1_only,xgboost,selectk,tuned_f1,100,,0.35,0.6,0.6650717703349283,0.7021531100478469,0.5673447307703859,0.625,0.47619047619047616,0.9090909090909091,0.42105263157894735,20,22,16,2,8
xgboost_select100_t1_only,t1_only,xgboost,selectk,tuned_f1,100,,0.25,0.65,0.7236842105263158,0.7882775119617225,0.6271445062569005,0.676923076923077,0.5116279069767442,1.0,0.4473684210526316,22,21,17,0,9
xgboost_select100_t1_only,t1_only,xgboost,selectk,tuned_f1,100,,0.4,0.65,0.6662679425837321,0.6614832535885168,0.4617913935234098,0.6037735849056604,0.5161290322580645,0.7272727272727273,0.6052631578947368,16,15,23,6,10
xgboost_select100_t1_only,t1_only,xgboost,selectk,tuned_f1,100,,0.275,0.5901639344262295,0.6596736596736597,0.7004662004662006,0.5258913762203387,0.6153846153846154,0.46511627906976744,0.9090909090909091,0.41025641025641024,20,23,16,2,11
xgboost_select100_t1_only,t1_only,xgboost,selectk,tuned_f1,100,,0.3,0.55,0.6255980861244019,0.6578947368421053,0.5824090387213067,0.5970149253731343,0.4444444444444444,0.9090909090909091,0.34210526315789475,20,25,13,2,12
xgboost_select100_t1_only,t1_only,xgboost,selectk,tuned_f1,100,,0.275,0.5,0.5956937799043063,0.6028708133971292,0.44289611582054794,0.5833333333333334,0.42,0.9545454545454546,0.23684210526315788,21,29,9,1,13
xgboost_select100_t1_only,t1_only,xgboost,selectk,tuned_f1,100,,0.075,0.38333333333333336,0.5131578947368421,0.6064593301435406,0.5554524217549048,0.5432098765432098,0.3728813559322034,1.0,0.02631578947368421,22,37,1,0,14
xgboost_select100_t1_only,t1_only,xgboost,selectk,tuned_f1,100,,0.3,0.6166666666666667,0.6782296650717703,0.6758373205741627,0.4972714395301284,0.6349206349206349,0.4878048780487805,0.9090909090909091,0.4473684210526316,20,21,17,2,15
xgboost_select200_t1_only,t1_only,xgboost,selectk,default_0.5,200,,0.5,0.7377049180327869,0.6858974358974359,0.7494172494172494,0.6387358617321596,0.5789473684210527,0.6875,0.5,0.8717948717948718,11,5,34,11,1
xgboost_select200_t1_only,t1_only,xgboost,selectk,default_0.5,200,,0.5,0.7,0.6483253588516746,0.715311004784689,0.63535883548438,0.5263157894736842,0.625,0.45454545454545453,0.8421052631578947,10,6,32,12,2
xgboost_select200_t1_only,t1_only,xgboost,selectk,default_0.5,200,,0.5,0.7,0.6674641148325359,0.7523923444976077,0.6603954065305048,0.5714285714285714,0.6,0.5454545454545454,0.7894736842105263,12,8,30,10,3
xgboost_select200_t1_only,t1_only,xgboost,selectk,default_0.5,200,,0.5,0.6166666666666667,0.5729665071770335,0.7212918660287082,0.5372640762143454,0.43902439024390244,0.47368421052631576,0.4090909090909091,0.7368421052631579,9,10,28,13,4
xgboost_select200_t1_only,t1_only,xgboost,selectk,default_0.5,200,,0.5,0.65,0.6088516746411483,0.6913875598086124,0.6442034530865692,0.4878048780487805,0.5263157894736842,0.45454545454545453,0.7631578947368421,10,9,29,12,5
xgboost_select200_t1_only,t1_only,xgboost,selectk,default_0.5,200,,0.5,0.6229508196721312,0.606060606060606,0.6317016317016317,0.4923736552438853,0.5106382978723404,0.48,0.5454545454545454,0.6666666666666666,12,13,26,10,6
xgboost_select200_t1_only,t1_only,xgboost,selectk,default_0.5,200,,0.5,0.65,0.5705741626794258,0.6483253588516746,0.5410614521553659,0.36363636363636365,0.5454545454545454,0.2727272727272727,0.868421052631579,6,5,33,16,7
xgboost_select200_t1_only,t1_only,xgboost,selectk,default_0.5,200,,0.5,0.6333333333333333,0.6052631578947368,0.6949760765550239,0.5400495482649372,0.5,0.5,0.5,0.7105263157894737,11,11,27,11,8
xgboost_select200_t1_only,t1_only,xgboost,selectk,default_0.5,200,,0.5,0.6833333333333333,0.6255980861244019,0.757177033492823,0.6662819556734623,0.4864864864864865,0.6,0.4090909090909091,0.8421052631578947,9,6,32,13,9
xgboost_select200_t1_only,t1_only,xgboost,selectk,default_0.5,200,,0.5,0.6833333333333333,0.6638755980861244,0.7021531100478469,0.5562303653614055,0.5777777777777777,0.5652173913043478,0.5909090909090909,0.7368421052631579,13,10,28,9,10
xgboost_select200_t1_only,t1_only,xgboost,selectk,default_0.5,200,,0.5,0.6721311475409836,0.6445221445221445,0.6783216783216783,0.4704021684797628,0.5454545454545454,0.5454545454545454,0.5454545454545454,0.7435897435897436,12,10,29,10,11
xgboost_select200_t1_only,t1_only,xgboost,selectk,default_0.5,200,,0.5,0.6666666666666666,0.6411483253588517,0.7380382775119617,0.6308485797180248,0.5454545454545454,0.5454545454545454,0.5454545454545454,0.7368421052631579,12,10,28,10,12
xgboost_select200_t1_only,t1_only,xgboost,selectk,default_0.5,200,,0.5,0.7333333333333333,0.6746411483253588,0.7236842105263158,0.6234998151788932,0.5555555555555556,0.7142857142857143,0.45454545454545453,0.8947368421052632,10,4,34,12,13
xgboost_select200_t1_only,t1_only,xgboost,selectk,default_0.5,200,,0.5,0.6666666666666666,0.6220095693779905,0.6291866028708134,0.5091871905849781,0.5,0.5555555555555556,0.45454545454545453,0.7894736842105263,10,8,30,12,14
xgboost_select200_t1_only,t1_only,xgboost,selectk,default_0.5,200,,0.5,0.6666666666666666,0.6124401913875598,0.7272727272727273,0.5551514522207385,0.47368421052631576,0.5625,0.4090909090909091,0.8157894736842105,9,7,31,13,15
xgboost_select200_t1_only,t1_only,xgboost,selectk,tuned_f1,200,,0.4,0.6885245901639344,0.7266899766899767,0.7494172494172494,0.6387358617321596,0.6666666666666666,0.5428571428571428,0.8636363636363636,0.5897435897435898,19,16,23,3,1
xgboost_select200_t1_only,t1_only,xgboost,selectk,tuned_f1,200,,0.35,0.6666666666666666,0.6889952153110048,0.715311004784689,0.63535883548438,0.6296296296296297,0.53125,0.7727272727272727,0.6052631578947368,17,15,23,5,2
xgboost_select200_t1_only,t1_only,xgboost,selectk,tuned_f1,200,,0.35,0.6,0.6746411483253589,0.7523923444976077,0.6603954065305048,0.6363636363636364,0.4772727272727273,0.9545454545454546,0.39473684210526316,21,23,15,1,3
xgboost_select200_t1_only,t1_only,xgboost,selectk,tuned_f1,200,,0.3,0.65,0.7236842105263158,0.7212918660287082,0.5372640762143454,0.676923076923077,0.5116279069767442,1.0,0.4473684210526316,22,21,17,0,4
xgboost_select200_t1_only,t1_only,xgboost,selectk,tuned_f1,200,,0.275,0.5333333333333333,0.6124401913875598,0.6913875598086124,0.6442034530865692,0.5882352941176471,0.43478260869565216,0.9090909090909091,0.3157894736842105,20,26,12,2,5
xgboost_select200_t1_only,t1_only,xgboost,selectk,tuned_f1,200,,0.4,0.5409836065573771,0.6013986013986015,0.6317016317016317,0.4923736552438853,0.5625,0.42857142857142855,0.8181818181818182,0.38461538461538464,18,24,15,4,6
xgboost_select200_t1_only,t1_only,xgboost,selectk,tuned_f1,200,,0.275,0.5833333333333334,0.6423444976076556,0.6483253588516746,0.5410614521553659,0.6031746031746031,0.4634146341463415,0.8636363636363636,0.42105263157894735,19,22,16,3,7
xgboost_select200_t1_only,t1_only,xgboost,selectk,tuned_f1,200,,0.4,0.6666666666666666,0.6889952153110048,0.6949760765550239,0.5400495482649372,0.6296296296296297,0.53125,0.7727272727272727,0.6052631578947368,17,15,23,5,8
xgboost_select200_t1_only,t1_only,xgboost,selectk,tuned_f1,200,,0.3,0.6333333333333333,0.6913875598086124,0.757177033492823,0.6662819556734623,0.6451612903225806,0.5,0.9090909090909091,0.47368421052631576,20,20,18,2,9
xgboost_select200_t1_only,t1_only,xgboost,selectk,tuned_f1,200,,0.45,0.7166666666666667,0.7093301435406698,0.7021531100478469,0.5562303653614055,0.6382978723404256,0.6,0.6818181818181818,0.7368421052631579,15,10,28,7,10
xgboost_select200_t1_only,t1_only,xgboost,selectk,tuned_f1,200,,0.35,0.639344262295082,0.6783216783216783,0.6783216783216783,0.4704021684797628,0.6206896551724138,0.5,0.8181818181818182,0.5384615384615384,18,18,21,4,11
xgboost_select200_t1_only,t1_only,xgboost,selectk,tuned_f1,200,,0.4,0.7,0.7344497607655502,0.7380382775119617,0.6308485797180248,0.6785714285714286,0.5588235294117647,0.8636363636363636,0.6052631578947368,19,15,23,3,12
xgboost_select200_t1_only,t1_only,xgboost,selectk,tuned_f1,200,,0.35,0.6,0.6555023923444976,0.7236842105263158,0.6234998151788932,0.6129032258064516,0.475,0.8636363636363636,0.4473684210526316,19,21,17,3,13
xgboost_select200_t1_only,t1_only,xgboost,selectk,tuned_f1,200,,0.275,0.55,0.6255980861244019,0.6291866028708134,0.5091871905849781,0.5970149253731343,0.4444444444444444,0.9090909090909091,0.34210526315789475,20,25,13,2,14
xgboost_select200_t1_only,t1_only,xgboost,selectk,tuned_f1,200,,0.4,0.6833333333333333,0.6925837320574163,0.7272727272727273,0.5551514522207385,0.6274509803921569,0.5517241379310345,0.7272727272727273,0.6578947368421053,16,13,25,6,15
xgboost_select500_t1_only,t1_only,xgboost,selectk,default_0.5,500,,0.5,0.7540983606557377,0.7284382284382285,0.7832167832167831,0.7234954372539959,0.6511627906976745,0.6666666666666666,0.6363636363636364,0.8205128205128205,14,7,32,8,1
xgboost_select500_t1_only,t1_only,xgboost,selectk,default_0.5,500,,0.5,0.7166666666666667,0.680622009569378,0.7607655502392344,0.6649707539735514,0.5853658536585366,0.631578947368421,0.5454545454545454,0.8157894736842105,12,7,31,10,2
xgboost_select500_t1_only,t1_only,xgboost,selectk,default_0.5,500,,0.5,0.7833333333333333,0.742822966507177,0.7727272727272727,0.713205429318573,0.6666666666666666,0.7647058823529411,0.5909090909090909,0.8947368421052632,13,4,34,9,3
xgboost_select500_t1_only,t1_only,xgboost,selectk,default_0.5,500,,0.5,0.6833333333333333,0.6351674641148325,0.7751196172248804,0.6199697285651211,0.5128205128205128,0.5882352941176471,0.45454545454545453,0.8157894736842105,10,7,31,12,4
xgboost_select500_t1_only,t1_only,xgboost,selectk,default_0.5,500,,0.5,0.6166666666666667,0.5825358851674641,0.6746411483253589,0.5571470770839994,0.46511627906976744,0.47619047619047616,0.45454545454545453,0.7105263157894737,10,11,27,12,5
xgboost_select500_t1_only,t1_only,xgboost,selectk,default_0.5,500,,0.5,0.7213114754098361,0.7027972027972028,0.7738927738927739,0.6776360392410475,0.6222222222222222,0.6086956521739131,0.6363636363636364,0.7692307692307693,14,9,30,8,6
xgboost_select500_t1_only,t1_only,xgboost,selectk,default_0.5,500,,0.5,0.6666666666666666,0.5933014354066986,0.6578947368421053,0.5303522987679173,0.4117647058823529,0.5833333333333334,0.3181818181818182,0.868421052631579,7,5,33,15,7
xgboost_select500_t1_only,t1_only,xgboost,selectk,default_0.5,500,,0.5,0.6666666666666666,0.6124401913875598,0.7177033492822966,0.5649081796717881,0.47368421052631576,0.5625,0.4090909090909091,0.8157894736842105,9,7,31,13,8
xgboost_select500_t1_only,t1_only,xgboost,selectk,default_0.5,500,,0.5,0.7333333333333333,0.6842105263157895,0.8600478468899522,0.7902075653866736,0.5789473684210527,0.6875,0.5,0.868421052631579,11,5,33,11,9
xgboost_select500_t1_only,t1_only,xgboost,selectk,default_0.5,500,,0.5,0.6333333333333333,0.6052631578947368,0.6961722488038278,0.549092134052643,0.5,0.5,0.5,0.7105263157894737,11,11,27,11,10
xgboost_select500_t1_only,t1_only,xgboost,selectk,default_0.5,500,,0.5,0.6721311475409836,0.6048951048951049,0.703962703962704,0.6204257908576026,0.4444444444444444,0.5714285714285714,0.36363636363636365,0.8461538461538461,8,6,33,14,11
xgboost_select500_t1_only,t1_only,xgboost,selectk,default_0.5,500,,0.5,0.7666666666666667,0.7488038277511961,0.75,0.6173389032635892,0.6818181818181818,0.6818181818181818,0.6818181818181818,0.8157894736842105,15,7,31,7,12
xgboost_select500_t1_only,t1_only,xgboost,selectk,default_0.5,500,,0.5,0.7166666666666667,0.6614832535885168,0.7165071770334928,0.5636871913770063,0.5405405405405406,0.6666666666666666,0.45454545454545453,0.868421052631579,10,5,33,12,13
xgboost_select500_t1_only,t1_only,xgboost,selectk,default_0.5,500,,0.5,0.6666666666666666,0.6220095693779905,0.6913875598086126,0.6284901188067648,0.5,0.5555555555555556,0.45454545454545453,0.7894736842105263,10,8,30,12,14
xgboost_select500_t1_only,t1_only,xgboost,selectk,default_0.5,500,,0.5,0.7166666666666667,0.6519138755980861,0.7799043062200958,0.6905756904287671,0.5142857142857142,0.6923076923076923,0.4090909090909091,0.8947368421052632,9,4,34,13,15
xgboost_select500_t1_only,t1_only,xgboost,selectk,tuned_f1,500,,0.45,0.7213114754098361,0.7226107226107226,0.7832167832167831,0.7234954372539959,0.6530612244897959,0.5925925925925926,0.7272727272727273,0.717948717948718,16,11,28,6,1
xgboost_select500_t1_only,t1_only,xgboost,selectk,tuned_f1,500,,0.35,0.65,0.6949760765550239,0.7607655502392344,0.6649707539735514,0.6440677966101694,0.5135135135135135,0.8636363636363636,0.5263157894736842,19,18,20,3,2
xgboost_select500_t1_only,t1_only,xgboost,selectk,tuned_f1,500,,0.5,0.7833333333333333,0.742822966507177,0.7727272727272727,0.713205429318573,0.6666666666666666,0.7647058823529411,0.5909090909090909,0.8947368421052632,13,4,34,9,3
xgboost_select500_t1_only,t1_only,xgboost,selectk,tuned_f1,500,,0.35,0.7166666666666667,0.757177033492823,0.7751196172248804,0.6199697285651211,0.7017543859649122,0.5714285714285714,0.9090909090909091,0.6052631578947368,20,15,23,2,4
xgboost_select500_t1_only,t1_only,xgboost,selectk,tuned_f1,500,,0.225,0.5,0.6052631578947368,0.6746411483253589,0.5571470770839994,0.5945945945945946,0.4230769230769231,1.0,0.21052631578947367,22,30,8,0,5
xgboost_select500_t1_only,t1_only,xgboost,selectk,tuned_f1,500,,0.45,0.7213114754098361,0.7424242424242424,0.7738927738927739,0.6776360392410475,0.6792452830188679,0.5806451612903226,0.8181818181818182,0.6666666666666666,18,13,26,4,6
xgboost_select500_t1_only,t1_only,xgboost,selectk,tuned_f1,500,,0.275,0.55,0.6255980861244019,0.6578947368421053,0.5303522987679173,0.5970149253731343,0.4444444444444444,0.9090909090909091,0.34210526315789475,20,25,13,2,7
xgboost_select500_t1_only,t1_only,xgboost,selectk,tuned_f1,500,,0.4,0.65,0.6854066985645934,0.7177033492822966,0.5649081796717881,0.631578947368421,0.5142857142857142,0.8181818181818182,0.5526315789473685,18,17,21,4,8
xgboost_select500_t1_only,t1_only,xgboost,selectk,tuned_f1,500,,0.4,0.7666666666666667,0.7870813397129186,0.8600478468899522,0.7902075653866736,0.7307692307692307,0.6333333333333333,0.8636363636363636,0.7105263157894737,19,11,27,3,9
xgboost_select500_t1_only,t1_only,xgboost,selectk,tuned_f1,500,,0.4,0.6833333333333333,0.7021531100478469,0.6961722488038278,0.549092134052643,0.6415094339622641,0.5483870967741935,0.7727272727272727,0.631578947368421,17,14,24,5,10
xgboost_select500_t1_only,t1_only,xgboost,selectk,tuned_f1,500,,0.3,0.5901639344262295,0.6497668997668997,0.703962703962704,0.6204257908576026,0.6031746031746031,0.4634146341463415,0.8636363636363636,0.4358974358974359,19,22,17,3,11
xgboost_select500_t1_only,t1_only,xgboost,selectk,tuned_f1,500,,0.5,0.7666666666666667,0.7488038277511961,0.75,0.6173389032635892,0.6818181818181818,0.6818181818181818,0.6818181818181818,0.8157894736842105,15,7,31,7,12
xgboost_select500_t1_only,t1_only,xgboost,selectk,tuned_f1,500,,0.35,0.6666666666666666,0.7272727272727273,0.7165071770334928,0.5636871913770063,0.6774193548387096,0.525,0.9545454545454546,0.5,21,19,19,1,13
xgboost_select500_t1_only,t1_only,xgboost,selectk,tuned_f1,500,,0.35,0.5666666666666667,0.638755980861244,0.6913875598086126,0.6284901188067648,0.6060606060606061,0.45454545454545453,0.9090909090909091,0.3684210526315789,20,24,14,2,14
xgboost_select500_t1_only,t1_only,xgboost,selectk,tuned_f1,500,,0.4,0.7333333333333333,0.7511961722488039,0.7799043062200958,0.6905756904287671,0.6923076923076923,0.6,0.8181818181818182,0.6842105263157895,18,12,26,4,15
xgboost_pca10_t0_only,t0_only,xgboost,pca,default_0.5,,10,0.5,0.6065573770491803,0.5536130536130537,0.6818181818181819,0.6099670224928949,0.4,0.4444444444444444,0.36363636363636365,0.7435897435897436,8,10,29,14,1
xgboost_pca10_t0_only,t0_only,xgboost,pca,default_0.5,,10,0.5,0.7666666666666667,0.729665071770335,0.7811004784688995,0.7419921315422666,0.65,0.7222222222222222,0.5909090909090909,0.868421052631579,13,5,33,9,2
xgboost_pca10_t0_only,t0_only,xgboost,pca,default_0.5,,10,0.5,0.6333333333333333,0.5956937799043062,0.6519138755980861,0.5441744550984913,0.47619047619047616,0.5,0.45454545454545453,0.7368421052631579,10,10,28,12,3
xgboost_pca10_t0_only,t0_only,xgboost,pca,default_0.5,,10,0.5,0.6833333333333333,0.6543062200956937,0.6674641148325359,0.6744432306865278,0.5581395348837209,0.5714285714285714,0.5454545454545454,0.7631578947368421,12,9,29,10,4
xgboost_pca10_t0_only,t0_only,xgboost,pca,default_0.5,,10,0.5,0.7333333333333333,0.6842105263157895,0.7679425837320574,0.6416291924696464,0.5789473684210527,0.6875,0.5,0.868421052631579,11,5,33,11,5
xgboost_pca10_t0_only,t0_only,xgboost,pca,default_0.5,,10,0.5,0.6065573770491803,0.5734265734265734,0.6293706293706294,0.5556980053049279,0.45454545454545453,0.45454545454545453,0.45454545454545453,0.6923076923076923,10,12,27,12,6
xgboost_pca10_t0_only,t0_only,xgboost,pca,default_0.5,,10,0.5,0.8333333333333334,0.8110047846889952,0.8421052631578947,0.8028283741025157,0.7619047619047619,0.8,0.7272727272727273,0.8947368421052632,16,4,34,6,7
xgboost_pca10_t0_only,t0_only,xgboost,pca,default_0.5,,10,0.5,0.6833333333333333,0.6351674641148325,0.6614832535885167,0.6141403692787111,0.5128205128205128,0.5882352941176471,0.45454545454545453,0.8157894736842105,10,7,31,12,8
xgboost_pca10_t0_only,t0_only,xgboost,pca,default_0.5,,10,0.5,0.6833333333333333,0.6160287081339713,0.7081339712918661,0.6273871592740046,0.45714285714285713,0.6153846153846154,0.36363636363636365,0.868421052631579,8,5,33,14,9
xgboost_pca10_t0_only,t0_only,xgboost,pca,default_0.5,,10,0.5,0.75,0.7260765550239234,0.7416267942583732,0.7186968099351976,0.6511627906976745,0.6666666666666666,0.6363636363636364,0.8157894736842105,14,7,31,8,10
xgboost_pca10_t0_only,t0_only,xgboost,pca,default_0.5,,10,0.5,0.6721311475409836,0.6148018648018648,0.6083916083916083,0.48218938989267396,0.47368421052631576,0.5625,0.4090909090909091,0.8205128205128205,9,7,32,13,11
xgboost_pca10_t0_only,t0_only,xgboost,pca,default_0.5,,10,0.5,0.7166666666666667,0.6614832535885168,0.7117224880382775,0.6432892835584602,0.5405405405405406,0.6666666666666666,0.45454545454545453,0.868421052631579,10,5,33,12,12
xgboost_pca10_t0_only,t0_only,xgboost,pca,default_0.5,,10,0.5,0.6666666666666666,0.6602870813397129,0.6638755980861244,0.6016778865561746,0.5833333333333334,0.5384615384615384,0.6363636363636364,0.6842105263157895,14,12,26,8,13
xgboost_pca10_t0_only,t0_only,xgboost,pca,default_0.5,,10,0.5,0.6833333333333333,0.6543062200956937,0.7691387559808612,0.6783499955334993,0.5581395348837209,0.5714285714285714,0.5454545454545454,0.7631578947368421,12,9,29,10,14
xgboost_pca10_t0_only,t0_only,xgboost,pca,default_0.5,,10,0.5,0.6833333333333333,0.6447368421052632,0.7440191387559809,0.6505214968562812,0.5365853658536586,0.5789473684210527,0.5,0.7894736842105263,11,8,30,11,15
xgboost_pca10_t0_only,t0_only,xgboost,pca,tuned_f1,,10,0.35,0.5573770491803278,0.6241258741258742,0.6818181818181819,0.6099670224928949,0.5846153846153846,0.4418604651162791,0.8636363636363636,0.38461538461538464,19,24,15,3,1
xgboost_pca10_t0_only,t0_only,xgboost,pca,tuned_f1,,10,0.45,0.8,0.7942583732057416,0.7811004784688995,0.7419921315422666,0.7391304347826086,0.7083333333333334,0.7727272727272727,0.8157894736842105,17,7,31,5,2
xgboost_pca10_t0_only,t0_only,xgboost,pca,tuned_f1,,10,0.25,0.48333333333333334,0.5921052631578947,0.6519138755980861,0.5441744550984913,0.5866666666666667,0.41509433962264153,1.0,0.18421052631578946,22,31,7,0,3
xgboost_pca10_t0_only,t0_only,xgboost,pca,tuned_f1,,10,0.5,0.6833333333333333,0.6543062200956937,0.6674641148325359,0.6744432306865278,0.5581395348837209,0.5714285714285714,0.5454545454545454,0.7631578947368421,12,9,29,10,4
xgboost_pca10_t0_only,t0_only,xgboost,pca,tuned_f1,,10,0.35,0.7166666666666667,0.7380382775119618,0.7679425837320574,0.6416291924696464,0.6792452830188679,0.5806451612903226,0.8181818181818182,0.6578947368421053,18,13,25,4,5
xgboost_pca10_t0_only,t0_only,xgboost,pca,tuned_f1,,10,0.35,0.5737704918032787,0.6171328671328671,0.6293706293706294,0.5556980053049279,0.5666666666666667,0.4473684210526316,0.7727272727272727,0.46153846153846156,17,21,18,5,6
xgboost_pca10_t0_only,t0_only,xgboost,pca,tuned_f1,,10,0.5,0.8333333333333334,0.8110047846889952,0.8421052631578947,0.8028283741025157,0.7619047619047619,0.8,0.7272727272727273,0.8947368421052632,16,4,34,6,7
xgboost_pca10_t0_only,t0_only,xgboost,pca,tuned_f1,,10,0.25,0.5,0.5765550239234449,0.6614832535885167,0.6141403692787111,0.5588235294117647,0.41304347826086957,0.8636363636363636,0.2894736842105263,19,27,11,3,8
xgboost_pca10_t0_only,t0_only,xgboost,pca,tuned_f1,,10,0.35,0.6833333333333333,0.6830143540669856,0.7081339712918661,0.6273871592740046,0.6122448979591837,0.5555555555555556,0.6818181818181818,0.6842105263157895,15,12,26,7,9
xgboost_pca10_t0_only,t0_only,xgboost,pca,tuned_f1,,10,0.5,0.75,0.7260765550239234,0.7416267942583732,0.7186968099351976,0.6511627906976745,0.6666666666666666,0.6363636363636364,0.8157894736842105,14,7,31,8,10
xgboost_pca10_t0_only,t0_only,xgboost,pca,tuned_f1,,10,0.3,0.5409836065573771,0.5914918414918415,0.6083916083916083,0.48218938989267396,0.5483870967741935,0.425,0.7727272727272727,0.41025641025641024,17,23,16,5,11
xgboost_pca10_t0_only,t0_only,xgboost,pca,tuned_f1,,10,0.45,0.7333333333333333,0.7033492822966507,0.7117224880382775,0.6432892835584602,0.6190476190476191,0.65,0.5909090909090909,0.8157894736842105,13,7,31,9,12
xgboost_pca10_t0_only,t0_only,xgboost,pca,tuned_f1,,10,0.5,0.6666666666666666,0.6602870813397129,0.6638755980861244,0.6016778865561746,0.5833333333333334,0.5384615384615384,0.6363636363636364,0.6842105263157895,14,12,26,8,13
xgboost_pca10_t0_only,t0_only,xgboost,pca,tuned_f1,,10,0.4,0.7333333333333333,0.7416267942583732,0.7691387559808612,0.6783499955334993,0.68,0.6071428571428571,0.7727272727272727,0.7105263157894737,17,11,27,5,14
xgboost_pca10_t0_only,t0_only,xgboost,pca,tuned_f1,,10,0.35,0.6333333333333333,0.6722488038277512,0.7440191387559809,0.6505214968562812,0.6206896551724138,0.5,0.8181818181818182,0.5263157894736842,18,18,20,4,15
xgboost_pca20_t0_only,t0_only,xgboost,pca,default_0.5,,20,0.5,0.7704918032786885,0.7313519813519813,0.8065268065268065,0.7944093314204281,0.65,0.7222222222222222,0.5909090909090909,0.8717948717948718,13,5,34,9,1
xgboost_pca20_t0_only,t0_only,xgboost,pca,default_0.5,,20,0.5,0.7333333333333333,0.69377990430622,0.7894736842105263,0.7479387259503856,0.6,0.6666666666666666,0.5454545454545454,0.8421052631578947,12,6,32,10,2
xgboost_pca20_t0_only,t0_only,xgboost,pca,default_0.5,,20,0.5,0.7833333333333333,0.7523923444976077,0.8205741626794258,0.7652274117406943,0.6829268292682927,0.7368421052631579,0.6363636363636364,0.868421052631579,14,5,33,8,3
xgboost_pca20_t0_only,t0_only,xgboost,pca,default_0.5,,20,0.5,0.7666666666666667,0.7200956937799043,0.7440191387559809,0.6935854339982452,0.631578947368421,0.75,0.5454545454545454,0.8947368421052632,12,4,34,10,4
xgboost_pca20_t0_only,t0_only,xgboost,pca,default_0.5,,20,0.5,0.7333333333333333,0.6650717703349283,0.7870813397129187,0.7149059534698918,0.5294117647058824,0.75,0.4090909090909091,0.9210526315789473,9,3,35,13,5
xgboost_pca20_t0_only,t0_only,xgboost,pca,default_0.5,,20,0.5,0.7540983606557377,0.7581585081585082,0.8251748251748251,0.7892351600413672,0.6938775510204082,0.6296296296296297,0.7727272727272727,0.7435897435897436,17,10,29,5,6
xgboost_pca20_t0_only,t0_only,xgboost,pca,default_0.5,,20,0.5,0.8,0.7464114832535884,0.8026315789473684,0.7497934433423468,0.6666666666666666,0.8571428571428571,0.5454545454545454,0.9473684210526315,12,2,36,10,7
xgboost_pca20_t0_only,t0_only,xgboost,pca,default_0.5,,20,0.5,0.75,0.6973684210526316,0.7811004784688995,0.705500808131978,0.5945945945945946,0.7333333333333333,0.5,0.8947368421052632,11,4,34,11,8
xgboost_pca20_t0_only,t0_only,xgboost,pca,default_0.5,,20,0.5,0.7166666666666667,0.6614832535885168,0.7667464114832536,0.720017009852334,0.5405405405405406,0.6666666666666666,0.45454545454545453,0.868421052631579,10,5,33,12,9
xgboost_pca20_t0_only,t0_only,xgboost,pca,default_0.5,,20,0.5,0.7166666666666667,0.6997607655502392,0.7404306220095693,0.6601000933223189,0.6222222222222222,0.6086956521739131,0.6363636363636364,0.7631578947368421,14,9,29,8,10
xgboost_pca20_t0_only,t0_only,xgboost,pca,default_0.5,,20,0.5,0.7213114754098361,0.682983682983683,0.7167832167832168,0.6191149739873094,0.5853658536585366,0.631578947368421,0.5454545454545454,0.8205128205128205,12,7,32,10,11
xgboost_pca20_t0_only,t0_only,xgboost,pca,default_0.5,,20,0.5,0.8,0.7559808612440191,0.8839712918660287,0.8642857118916847,0.6842105263157895,0.8125,0.5909090909090909,0.9210526315789473,13,3,35,9,12
xgboost_pca20_t0_only,t0_only,xgboost,pca,default_0.5,,20,0.5,0.75,0.7260765550239234,0.715311004784689,0.6863682878795954,0.6511627906976745,0.6666666666666666,0.6363636363636364,0.8157894736842105,14,7,31,8,13
xgboost_pca20_t0_only,t0_only,xgboost,pca,default_0.5,,20,0.5,0.7166666666666667,0.6710526315789473,0.7930622009569378,0.678128923117056,0.5641025641025641,0.6470588235294118,0.5,0.8421052631578947,11,6,32,11,14
xgboost_pca20_t0_only,t0_only,xgboost,pca,default_0.5,,20,0.5,0.8,0.7655502392344498,0.8456937799043063,0.7610915290591256,0.7,0.7777777777777778,0.6363636363636364,0.8947368421052632,14,4,34,8,15
xgboost_pca20_t0_only,t0_only,xgboost,pca,tuned_f1,,20,0.4,0.7377049180327869,0.7552447552447552,0.8065268065268065,0.7944093314204281,0.6923076923076923,0.6,0.8181818181818182,0.6923076923076923,18,12,27,4,1
xgboost_pca20_t0_only,t0_only,xgboost,pca,tuned_f1,,20,0.45,0.7666666666666667,0.7488038277511961,0.7894736842105263,0.7479387259503856,0.6818181818181818,0.6818181818181818,0.6818181818181818,0.8157894736842105,15,7,31,7,2
xgboost_pca20_t0_only,t0_only,xgboost,pca,tuned_f1,,20,0.35,0.7166666666666667,0.757177033492823,0.8205741626794258,0.7652274117406943,0.7017543859649122,0.5714285714285714,0.9090909090909091,0.6052631578947368,20,15,23,2,3
xgboost_pca20_t0_only,t0_only,xgboost,pca,tuned_f1,,20,0.45,0.75,0.7165071770334928,0.7440191387559809,0.6935854339982452,0.6341463414634146,0.6842105263157895,0.5909090909090909,0.8421052631578947,13,6,32,9,4
xgboost_pca20_t0_only,t0_only,xgboost,pca,tuned_f1,,20,0.4,0.7333333333333333,0.7320574162679425,0.7870813397129187,0.7149059534698918,0.6666666666666666,0.6153846153846154,0.7272727272727273,0.7368421052631579,16,10,28,6,5
xgboost_pca20_t0_only,t0_only,xgboost,pca,tuned_f1,,20,0.5,0.7540983606557377,0.7581585081585082,0.8251748251748251,0.7892351600413672,0.6938775510204082,0.6296296296296297,0.7727272727272727,0.7435897435897436,17,10,29,5,6
xgboost_pca20_t0_only,t0_only,xgboost,pca,tuned_f1,,20,0.45,0.7833333333333333,0.7523923444976077,0.8026315789473684,0.7497934433423468,0.6829268292682927,0.7368421052631579,0.6363636363636364,0.868421052631579,14,5,33,8,7
xgboost_pca20_t0_only,t0_only,xgboost,pca,tuned_f1,,20,0.4,0.75,0.7356459330143541,0.7811004784688995,0.705500808131978,0.6666666666666666,0.6521739130434783,0.6818181818181818,0.7894736842105263,15,8,30,7,8
xgboost_pca20_t0_only,t0_only,xgboost,pca,tuned_f1,,20,0.4,0.7,0.715311004784689,0.7667464114832536,0.720017009852334,0.6538461538461539,0.5666666666666667,0.7727272727272727,0.6578947368421053,17,13,25,5,9
xgboost_pca20_t0_only,t0_only,xgboost,pca,tuned_f1,,20,0.45,0.6833333333333333,0.6925837320574163,0.7404306220095693,0.6601000933223189,0.6274509803921569,0.5517241379310345,0.7272727272727273,0.6578947368421053,16,13,25,6,10
xgboost_pca20_t0_only,t0_only,xgboost,pca,tuned_f1,,20,0.25,0.6065573770491803,0.6824009324009324,0.7167832167832168,0.6191149739873094,0.6363636363636364,0.4772727272727273,0.9545454545454546,0.41025641025641024,21,23,16,1,11
xgboost_pca20_t0_only,t0_only,xgboost,pca,tuned_f1,,20,0.45,0.85,0.8433014354066986,0.8839712918660287,0.8642857118916847,0.8,0.782608695652174,0.8181818181818182,0.868421052631579,18,5,33,4,12
xgboost_pca20_t0_only,t0_only,xgboost,pca,tuned_f1,,20,0.45,0.7666666666666667,0.7679425837320575,0.715311004784689,0.6863682878795954,0.7083333333333334,0.6538461538461539,0.7727272727272727,0.7631578947368421,17,9,29,5,13
xgboost_pca20_t0_only,t0_only,xgboost,pca,tuned_f1,,20,0.35,0.7166666666666667,0.757177033492823,0.7930622009569378,0.678128923117056,0.7017543859649122,0.5714285714285714,0.9090909090909091,0.6052631578947368,20,15,23,2,14
xgboost_pca20_t0_only,t0_only,xgboost,pca,tuned_f1,,20,0.45,0.8,0.784688995215311,0.8456937799043063,0.7610915290591256,0.7272727272727273,0.7272727272727273,0.7272727272727273,0.8421052631578947,16,6,32,6,15
xgboost_pca50_t0_only,t0_only,xgboost,pca,default_0.5,,50,0.5,0.7704918032786885,0.7214452214452214,0.7902097902097902,0.7331313292039687,0.631578947368421,0.75,0.5454545454545454,0.8974358974358975,12,4,35,10,1
xgboost_pca50_t0_only,t0_only,xgboost,pca,default_0.5,,50,0.5,0.7,0.6674641148325359,0.7607655502392344,0.7015221554680413,0.5714285714285714,0.6,0.5454545454545454,0.7894736842105263,12,8,30,10,2
xgboost_pca50_t0_only,t0_only,xgboost,pca,default_0.5,,50,0.5,0.7666666666666667,0.7200956937799043,0.8014354066985646,0.7408130557332133,0.631578947368421,0.75,0.5454545454545454,0.8947368421052632,12,4,34,10,3
xgboost_pca50_t0_only,t0_only,xgboost,pca,default_0.5,,50,0.5,0.7,0.6483253588516746,0.7380382775119616,0.6868275019378467,0.5263157894736842,0.625,0.45454545454545453,0.8421052631578947,10,6,32,12,4
xgboost_pca50_t0_only,t0_only,xgboost,pca,default_0.5,,50,0.5,0.6666666666666666,0.6220095693779905,0.7332535885167464,0.6841514966928504,0.5,0.5555555555555556,0.45454545454545453,0.7894736842105263,10,8,30,12,5
xgboost_pca50_t0_only,t0_only,xgboost,pca,default_0.5,,50,0.5,0.7213114754098361,0.7325174825174825,0.8088578088578089,0.7424586102172082,0.6666666666666666,0.5862068965517241,0.7727272727272727,0.6923076923076923,17,12,27,5,6
xgboost_pca50_t0_only,t0_only,xgboost,pca,default_0.5,,50,0.5,0.7666666666666667,0.7200956937799043,0.7966507177033493,0.7722643869311836,0.631578947368421,0.75,0.5454545454545454,0.8947368421052632,12,4,34,10,7
xgboost_pca50_t0_only,t0_only,xgboost,pca,default_0.5,,50,0.5,0.8,0.7559808612440191,0.8086124401913876,0.7816405203070014,0.6842105263157895,0.8125,0.5909090909090909,0.9210526315789473,13,3,35,9,8
xgboost_pca50_t0_only,t0_only,xgboost,pca,default_0.5,,50,0.5,0.7666666666666667,0.7200956937799043,0.7727272727272727,0.7426244307030139,0.631578947368421,0.75,0.5454545454545454,0.8947368421052632,12,4,34,10,9
xgboost_pca50_t0_only,t0_only,xgboost,pca,default_0.5,,50,0.5,0.7666666666666667,0.729665071770335,0.7858851674641149,0.7389413550954895,0.65,0.7222222222222222,0.5909090909090909,0.868421052631579,13,5,33,9,10
xgboost_pca50_t0_only,t0_only,xgboost,pca,default_0.5,,50,0.5,0.7213114754098361,0.6928904428904429,0.7645687645687645,0.6880694435777494,0.6046511627906976,0.6190476190476191,0.5909090909090909,0.7948717948717948,13,8,31,9,11
xgboost_pca50_t0_only,t0_only,xgboost,pca,default_0.5,,50,0.5,0.8,0.7464114832535884,0.8947368421052632,0.8657095339627099,0.6666666666666666,0.8571428571428571,0.5454545454545454,0.9473684210526315,12,2,36,10,12
xgboost_pca50_t0_only,t0_only,xgboost,pca,default_0.5,,50,0.5,0.75,0.7165071770334928,0.7727272727272728,0.7581060233123287,0.6341463414634146,0.6842105263157895,0.5909090909090909,0.8421052631578947,13,6,32,9,13
xgboost_pca50_t0_only,t0_only,xgboost,pca,default_0.5,,50,0.5,0.75,0.7452153110047848,0.8217703349282296,0.7428705390646226,0.6808510638297872,0.64,0.7272727272727273,0.7631578947368421,16,9,29,6,14
xgboost_pca50_t0_only,t0_only,xgboost,pca,default_0.5,,50,0.5,0.8166666666666667,0.7691387559808612,0.8229665071770335,0.7880221557467795,0.7027027027027027,0.8666666666666667,0.5909090909090909,0.9473684210526315,13,2,36,9,15
xgboost_pca50_t0_only,t0_only,xgboost,pca,tuned_f1,,50,0.4,0.7704918032786885,0.7907925407925408,0.7902097902097902,0.7331313292039687,0.7307692307692307,0.6333333333333333,0.8636363636363636,0.717948717948718,19,11,28,3,1
xgboost_pca50_t0_only,t0_only,xgboost,pca,tuned_f1,,50,0.35,0.7166666666666667,0.7380382775119618,0.7607655502392344,0.7015221554680413,0.6792452830188679,0.5806451612903226,0.8181818181818182,0.6578947368421053,18,13,25,4,2
xgboost_pca50_t0_only,t0_only,xgboost,pca,tuned_f1,,50,0.45,0.75,0.7356459330143541,0.8014354066985646,0.7408130557332133,0.6666666666666666,0.6521739130434783,0.6818181818181818,0.7894736842105263,15,8,30,7,3
xgboost_pca50_t0_only,t0_only,xgboost,pca,tuned_f1,,50,0.4,0.7,0.6961722488038278,0.7380382775119616,0.6868275019378467,0.625,0.5769230769230769,0.6818181818181818,0.7105263157894737,15,11,27,7,4
xgboost_pca50_t0_only,t0_only,xgboost,pca,tuned_f1,,50,0.35,0.6666666666666666,0.6794258373205742,0.7332535885167464,0.6841514966928504,0.6153846153846154,0.5333333333333333,0.7272727272727273,0.631578947368421,16,14,24,6,5
xgboost_pca50_t0_only,t0_only,xgboost,pca,tuned_f1,,50,0.45,0.7213114754098361,0.7622377622377623,0.8088578088578089,0.7424586102172082,0.7017543859649122,0.5714285714285714,0.9090909090909091,0.6153846153846154,20,15,24,2,6
xgboost_pca50_t0_only,t0_only,xgboost,pca,tuned_f1,,50,0.4,0.7333333333333333,0.7416267942583732,0.7966507177033493,0.7722643869311836,0.68,0.6071428571428571,0.7727272727272727,0.7105263157894737,17,11,27,5,7
xgboost_pca50_t0_only,t0_only,xgboost,pca,tuned_f1,,50,0.45,0.8166666666666667,0.7882775119617225,0.8086124401913876,0.7816405203070014,0.7317073170731707,0.7894736842105263,0.6818181818181818,0.8947368421052632,15,4,34,7,8
xgboost_pca50_t0_only,t0_only,xgboost,pca,tuned_f1,,50,0.4,0.7166666666666667,0.7188995215311005,0.7727272727272727,0.7426244307030139,0.6530612244897959,0.5925925925925926,0.7272727272727273,0.7105263157894737,16,11,27,6,9
xgboost_pca50_t0_only,t0_only,xgboost,pca,tuned_f1,,50,0.5,0.7666666666666667,0.729665071770335,0.7858851674641149,0.7389413550954895,0.65,0.7222222222222222,0.5909090909090909,0.868421052631579,13,5,33,9,10
xgboost_pca50_t0_only,t0_only,xgboost,pca,tuned_f1,,50,0.3,0.6229508196721312,0.6754079254079254,0.7645687645687645,0.6880694435777494,0.6229508196721312,0.48717948717948717,0.8636363636363636,0.48717948717948717,19,20,19,3,11
xgboost_pca50_t0_only,t0_only,xgboost,pca,tuned_f1,,50,0.4,0.8333333333333334,0.8301435406698565,0.8947368421052632,0.8657095339627099,0.782608695652174,0.75,0.8181818181818182,0.8421052631578947,18,6,32,4,12
xgboost_pca50_t0_only,t0_only,xgboost,pca,tuned_f1,,50,0.45,0.7833333333333333,0.7715311004784688,0.7727272727272728,0.7581060233123287,0.7111111111111111,0.6956521739130435,0.7272727272727273,0.8157894736842105,16,7,31,6,13
xgboost_pca50_t0_only,t0_only,xgboost,pca,tuned_f1,,50,0.45,0.75,0.7834928229665072,0.8217703349282296,0.7428705390646226,0.7272727272727273,0.6060606060606061,0.9090909090909091,0.6578947368421053,20,13,25,2,14
xgboost_pca50_t0_only,t0_only,xgboost,pca,tuned_f1,,50,0.45,0.8166666666666667,0.7787081339712918,0.8229665071770335,0.7880221557467795,0.717948717948718,0.8235294117647058,0.6363636363636364,0.9210526315789473,14,3,35,8,15
xgboost_pca10_t1_only,t1_only,xgboost,pca,default_0.5,,10,0.5,0.7377049180327869,0.7255244755244755,0.8135198135198135,0.6842069013613034,0.6521739130434783,0.625,0.6818181818181818,0.7692307692307693,15,9,30,7,1
xgboost_pca10_t1_only,t1_only,xgboost,pca,default_0.5,,10,0.5,0.6833333333333333,0.6543062200956937,0.6925837320574162,0.5427013780179174,0.5581395348837209,0.5714285714285714,0.5454545454545454,0.7631578947368421,12,9,29,10,2
xgboost_pca10_t1_only,t1_only,xgboost,pca,default_0.5,,10,0.5,0.7166666666666667,0.6997607655502392,0.7416267942583732,0.6978037140778963,0.6222222222222222,0.6086956521739131,0.6363636363636364,0.7631578947368421,14,9,29,8,3
xgboost_pca10_t1_only,t1_only,xgboost,pca,default_0.5,,10,0.5,0.75,0.7260765550239234,0.742822966507177,0.6501160273481954,0.6511627906976745,0.6666666666666666,0.6363636363636364,0.8157894736842105,14,7,31,8,4
xgboost_pca10_t1_only,t1_only,xgboost,pca,default_0.5,,10,0.5,0.6,0.5502392344497608,0.679425837320574,0.5894261459940039,0.4,0.4444444444444444,0.36363636363636365,0.7368421052631579,8,10,28,14,5
xgboost_pca10_t1_only,t1_only,xgboost,pca,default_0.5,,10,0.5,0.7049180327868853,0.6602564102564102,0.6841491841491841,0.5732451850264533,0.55,0.6111111111111112,0.5,0.8205128205128205,11,7,32,11,6
xgboost_pca10_t1_only,t1_only,xgboost,pca,default_0.5,,10,0.5,0.7,0.6674641148325359,0.6913875598086124,0.5809522818349412,0.5714285714285714,0.6,0.5454545454545454,0.7894736842105263,12,8,30,10,7
xgboost_pca10_t1_only,t1_only,xgboost,pca,default_0.5,,10,0.5,0.6666666666666666,0.631578947368421,0.7129186602870813,0.6525756077313443,0.5238095238095238,0.55,0.5,0.7631578947368421,11,9,29,11,8
xgboost_pca10_t1_only,t1_only,xgboost,pca,default_0.5,,10,0.5,0.7166666666666667,0.6901913875598087,0.770334928229665,0.6719366832963091,0.6046511627906976,0.6190476190476191,0.5909090909090909,0.7894736842105263,13,8,30,9,9
xgboost_pca10_t1_only,t1_only,xgboost,pca,default_0.5,,10,0.5,0.7333333333333333,0.7416267942583732,0.7739234449760767,0.7329629935827988,0.68,0.6071428571428571,0.7727272727272727,0.7105263157894737,17,11,27,5,10
xgboost_pca10_t1_only,t1_only,xgboost,pca,default_0.5,,10,0.5,0.7213114754098361,0.6730769230769231,0.7564102564102564,0.5988795012856957,0.5641025641025641,0.6470588235294118,0.5,0.8461538461538461,11,6,33,11,11
xgboost_pca10_t1_only,t1_only,xgboost,pca,default_0.5,,10,0.5,0.7,0.6578947368421053,0.7212918660287082,0.6570412236617585,0.55,0.6111111111111112,0.5,0.8157894736842105,11,7,31,11,12
xgboost_pca10_t1_only,t1_only,xgboost,pca,default_0.5,,10,0.5,0.7166666666666667,0.6997607655502392,0.7727272727272727,0.6482720677867078,0.6222222222222222,0.6086956521739131,0.6363636363636364,0.7631578947368421,14,9,29,8,13
xgboost_pca10_t1_only,t1_only,xgboost,pca,default_0.5,,10,0.5,0.6666666666666666,0.6411483253588517,0.6770334928229665,0.5978687357148998,0.5454545454545454,0.5454545454545454,0.5454545454545454,0.7368421052631579,12,10,28,10,14
xgboost_pca10_t1_only,t1_only,xgboost,pca,default_0.5,,10,0.5,0.65,0.6471291866028708,0.7392344497607656,0.6283284716019223,0.5714285714285714,0.5185185185185185,0.6363636363636364,0.6578947368421053,14,13,25,8,15
xgboost_pca10_t1_only,t1_only,xgboost,pca,tuned_f1,,10,0.4,0.7049180327868853,0.7593240093240093,0.8135198135198135,0.6842069013613034,0.7,0.5526315789473685,0.9545454545454546,0.5641025641025641,21,17,22,1,1
xgboost_pca10_t1_only,t1_only,xgboost,pca,tuned_f1,,10,0.45,0.6833333333333333,0.6830143540669856,0.6925837320574162,0.5427013780179174,0.6122448979591837,0.5555555555555556,0.6818181818181818,0.6842105263157895,15,12,26,7,2
xgboost_pca10_t1_only,t1_only,xgboost,pca,tuned_f1,,10,0.4,0.6833333333333333,0.6925837320574163,0.7416267942583732,0.6978037140778963,0.6274509803921569,0.5517241379310345,0.7272727272727273,0.6578947368421053,16,13,25,6,3
xgboost_pca10_t1_only,t1_only,xgboost,pca,tuned_f1,,10,0.5,0.75,0.7260765550239234,0.742822966507177,0.6501160273481954,0.6511627906976745,0.6666666666666666,0.6363636363636364,0.8157894736842105,14,7,31,8,4
xgboost_pca10_t1_only,t1_only,xgboost,pca,tuned_f1,,10,0.4,0.65,0.6949760765550239,0.679425837320574,0.5894261459940039,0.6440677966101694,0.5135135135135135,0.8636363636363636,0.5263157894736842,19,18,20,3,5
xgboost_pca10_t1_only,t1_only,xgboost,pca,tuned_f1,,10,0.35,0.6065573770491803,0.6526806526806527,0.6841491841491841,0.5732451850264533,0.6,0.47368421052631576,0.8181818181818182,0.48717948717948717,18,20,19,4,6
xgboost_pca10_t1_only,t1_only,xgboost,pca,tuned_f1,,10,0.35,0.6333333333333333,0.6722488038277512,0.6913875598086124,0.5809522818349412,0.6206896551724138,0.5,0.8181818181818182,0.5263157894736842,18,18,20,4,7
xgboost_pca10_t1_only,t1_only,xgboost,pca,tuned_f1,,10,0.35,0.6,0.6650717703349283,0.7129186602870813,0.6525756077313443,0.625,0.47619047619047616,0.9090909090909091,0.42105263157894735,20,22,16,2,8
xgboost_pca10_t1_only,t1_only,xgboost,pca,tuned_f1,,10,0.4,0.7,0.7344497607655502,0.770334928229665,0.6719366832963091,0.6785714285714286,0.5588235294117647,0.8636363636363636,0.6052631578947368,19,15,23,3,9
xgboost_pca10_t1_only,t1_only,xgboost,pca,tuned_f1,,10,0.5,0.7333333333333333,0.7416267942583732,0.7739234449760767,0.7329629935827988,0.68,0.6071428571428571,0.7727272727272727,0.7105263157894737,17,11,27,5,10
xgboost_pca10_t1_only,t1_only,xgboost,pca,tuned_f1,,10,0.25,0.6065573770491803,0.6824009324009324,0.7564102564102564,0.5988795012856957,0.6363636363636364,0.4772727272727273,0.9545454545454546,0.41025641025641024,21,23,16,1,11
xgboost_pca10_t1_only,t1_only,xgboost,pca,tuned_f1,,10,0.35,0.65,0.6662679425837321,0.7212918660287082,0.6570412236617585,0.6037735849056604,0.5161290322580645,0.7272727272727273,0.6052631578947368,16,15,23,6,12
xgboost_pca10_t1_only,t1_only,xgboost,pca,tuned_f1,,10,0.4,0.6333333333333333,0.7009569377990431,0.7727272727272727,0.6482720677867078,0.65625,0.5,0.9545454545454546,0.4473684210526316,21,21,17,1,13
xgboost_pca10_t1_only,t1_only,xgboost,pca,tuned_f1,,10,0.275,0.4666666666666667,0.5598086124401913,0.6770334928229665,0.5978687357148998,0.5555555555555556,0.4,0.9090909090909091,0.21052631578947367,20,30,8,2,14
xgboost_pca10_t1_only,t1_only,xgboost,pca,tuned_f1,,10,0.4,0.6666666666666666,0.7081339712918661,0.7392344497607656,0.6283284716019223,0.6551724137931034,0.5277777777777778,0.8636363636363636,0.5526315789473685,19,17,21,3,15
xgboost_pca20_t1_only,t1_only,xgboost,pca,default_0.5,,20,0.5,0.7540983606557377,0.7086247086247086,0.7447552447552447,0.7428638903870626,0.6153846153846154,0.7058823529411765,0.5454545454545454,0.8717948717948718,12,5,34,10,1
xgboost_pca20_t1_only,t1_only,xgboost,pca,default_0.5,,20,0.5,0.6666666666666666,0.6411483253588517,0.7440191387559809,0.7059451732339477,0.5454545454545454,0.5454545454545454,0.5454545454545454,0.7368421052631579,12,10,28,10,2
xgboost_pca20_t1_only,t1_only,xgboost,pca,default_0.5,,20,0.5,0.75,0.7165071770334928,0.8289473684210527,0.7833108799166049,0.6341463414634146,0.6842105263157895,0.5909090909090909,0.8421052631578947,13,6,32,9,3
xgboost_pca20_t1_only,t1_only,xgboost,pca,default_0.5,,20,0.5,0.8,0.8038277511961722,0.8923444976076556,0.8656734716888448,0.75,0.6923076923076923,0.8181818181818182,0.7894736842105263,18,8,30,4,4
xgboost_pca20_t1_only,t1_only,xgboost,pca,default_0.5,,20,0.5,0.6666666666666666,0.6411483253588517,0.7655502392344498,0.6592491542489719,0.5454545454545454,0.5454545454545454,0.5454545454545454,0.7368421052631579,12,10,28,10,5
xgboost_pca20_t1_only,t1_only,xgboost,pca,default_0.5,,20,0.5,0.7540983606557377,0.7284382284382285,0.7983682983682984,0.753865470466841,0.6511627906976745,0.6666666666666666,0.6363636363636364,0.8205128205128205,14,7,32,8,6
xgboost_pca20_t1_only,t1_only,xgboost,pca,default_0.5,,20,0.5,0.7666666666666667,0.7392344497607655,0.7822966507177034,0.734165858990966,0.6666666666666666,0.7,0.6363636363636364,0.8421052631578947,14,6,32,8,7
xgboost_pca20_t1_only,t1_only,xgboost,pca,default_0.5,,20,0.5,0.75,0.7165071770334928,0.812200956937799,0.7620095852931354,0.6341463414634146,0.6842105263157895,0.5909090909090909,0.8421052631578947,13,6,32,9,8
xgboost_pca20_t1_only,t1_only,xgboost,pca,default_0.5,,20,0.5,0.7166666666666667,0.6614832535885168,0.7787081339712919,0.7085416926309449,0.5405405405405406,0.6666666666666666,0.45454545454545453,0.868421052631579,10,5,33,12,9
xgboost_pca20_t1_only,t1_only,xgboost,pca,default_0.5,,20,0.5,0.7333333333333333,0.7129186602870814,0.820574162679426,0.7349316282763259,0.6363636363636364,0.6363636363636364,0.6363636363636364,0.7894736842105263,14,8,30,8,10
xgboost_pca20_t1_only,t1_only,xgboost,pca,default_0.5,,20,0.5,0.7213114754098361,0.682983682983683,0.8053613053613053,0.7036896473534143,0.5853658536585366,0.631578947368421,0.5454545454545454,0.8205128205128205,12,7,32,10,11
xgboost_pca20_t1_only,t1_only,xgboost,pca,default_0.5,,20,0.5,0.7833333333333333,0.7523923444976077,0.7643540669856458,0.7674995832465468,0.6829268292682927,0.7368421052631579,0.6363636363636364,0.868421052631579,14,5,33,8,12
xgboost_pca20_t1_only,t1_only,xgboost,pca,default_0.5,,20,0.5,0.8333333333333334,0.8014354066985645,0.9258373205741627,0.9059942021451532,0.75,0.8333333333333334,0.6818181818181818,0.9210526315789473,15,3,35,7,13
xgboost_pca20_t1_only,t1_only,xgboost,pca,default_0.5,,20,0.5,0.7333333333333333,0.6746411483253588,0.7631578947368421,0.7210645751056608,0.5555555555555556,0.7142857142857143,0.45454545454545453,0.8947368421052632,10,4,34,12,14
xgboost_pca20_t1_only,t1_only,xgboost,pca,default_0.5,,20,0.5,0.7333333333333333,0.7320574162679425,0.7571770334928231,0.6206818793344882,0.6666666666666666,0.6153846153846154,0.7272727272727273,0.7368421052631579,16,10,28,6,15
xgboost_pca20_t1_only,t1_only,xgboost,pca,tuned_f1,,20,0.45,0.7377049180327869,0.7255244755244755,0.7447552447552447,0.7428638903870626,0.6521739130434783,0.625,0.6818181818181818,0.7692307692307693,15,9,30,7,1
xgboost_pca20_t1_only,t1_only,xgboost,pca,tuned_f1,,20,0.4,0.6833333333333333,0.7021531100478469,0.7440191387559809,0.7059451732339477,0.6415094339622641,0.5483870967741935,0.7727272727272727,0.631578947368421,17,14,24,5,2
xgboost_pca20_t1_only,t1_only,xgboost,pca,tuned_f1,,20,0.4,0.7666666666666667,0.777511961722488,0.8289473684210527,0.7833108799166049,0.72,0.6428571428571429,0.8181818181818182,0.7368421052631579,18,10,28,4,3
xgboost_pca20_t1_only,t1_only,xgboost,pca,tuned_f1,,20,0.5,0.8,0.8038277511961722,0.8923444976076556,0.8656734716888448,0.75,0.6923076923076923,0.8181818181818182,0.7894736842105263,18,8,30,4,4
xgboost_pca20_t1_only,t1_only,xgboost,pca,tuned_f1,,20,0.35,0.6833333333333333,0.7021531100478469,0.7655502392344498,0.6592491542489719,0.6415094339622641,0.5483870967741935,0.7727272727272727,0.631578947368421,17,14,24,5,5
xgboost_pca20_t1_only,t1_only,xgboost,pca,tuned_f1,,20,0.35,0.6885245901639344,0.7266899766899767,0.7983682983682984,0.753865470466841,0.6666666666666666,0.5428571428571428,0.8636363636363636,0.5897435897435898,19,16,23,3,6
xgboost_pca20_t1_only,t1_only,xgboost,pca,tuned_f1,,20,0.5,0.7666666666666667,0.7392344497607655,0.7822966507177034,0.734165858990966,0.6666666666666666,0.7,0.6363636363636364,0.8421052631578947,14,6,32,8,7
xgboost_pca20_t1_only,t1_only,xgboost,pca,tuned_f1,,20,0.45,0.8,0.784688995215311,0.812200956937799,0.7620095852931354,0.7272727272727273,0.7272727272727273,0.7272727272727273,0.8421052631578947,16,6,32,6,8
xgboost_pca20_t1_only,t1_only,xgboost,pca,tuned_f1,,20,0.4,0.7,0.7057416267942584,0.7787081339712919,0.7085416926309449,0.64,0.5714285714285714,0.7272727272727273,0.6842105263157895,16,12,26,6,9
xgboost_pca20_t1_only,t1_only,xgboost,pca,tuned_f1,,20,0.45,0.7833333333333333,0.8098086124401913,0.820574162679426,0.7349316282763259,0.7547169811320755,0.6451612903225806,0.9090909090909091,0.7105263157894737,20,11,27,2,10
xgboost_pca20_t1_only,t1_only,xgboost,pca,tuned_f1,,20,0.4,0.7540983606557377,0.7581585081585082,0.8053613053613053,0.7036896473534143,0.6938775510204082,0.6296296296296297,0.7727272727272727,0.7435897435897436,17,10,29,5,11
xgboost_pca20_t1_only,t1_only,xgboost,pca,tuned_f1,,20,0.5,0.7833333333333333,0.7523923444976077,0.7643540669856458,0.7674995832465468,0.6829268292682927,0.7368421052631579,0.6363636363636364,0.868421052631579,14,5,33,8,12
xgboost_pca20_t1_only,t1_only,xgboost,pca,tuned_f1,,20,0.45,0.8333333333333334,0.8301435406698565,0.9258373205741627,0.9059942021451532,0.782608695652174,0.75,0.8181818181818182,0.8421052631578947,18,6,32,4,13
xgboost_pca20_t1_only,t1_only,xgboost,pca,tuned_f1,,20,0.4,0.75,0.7452153110047848,0.7631578947368421,0.7210645751056608,0.6808510638297872,0.64,0.7272727272727273,0.7631578947368421,16,9,29,6,14
xgboost_pca20_t1_only,t1_only,xgboost,pca,tuned_f1,,20,0.5,0.7333333333333333,0.7320574162679425,0.7571770334928231,0.6206818793344882,0.6666666666666666,0.6153846153846154,0.7272727272727273,0.7368421052631579,16,10,28,6,15
xgboost_pca50_t1_only,t1_only,xgboost,pca,default_0.5,,50,0.5,0.7540983606557377,0.6987179487179487,0.7867132867132868,0.6552132006482615,0.5945945945945946,0.7333333333333333,0.5,0.8974358974358975,11,4,35,11,1
xgboost_pca50_t1_only,t1_only,xgboost,pca,default_0.5,,50,0.5,0.6833333333333333,0.6255980861244019,0.7392344497607656,0.678241348494152,0.4864864864864865,0.6,0.4090909090909091,0.8421052631578947,9,6,32,13,2
xgboost_pca50_t1_only,t1_only,xgboost,pca,default_0.5,,50,0.5,0.8166666666666667,0.8074162679425837,0.8600478468899521,0.8300576528767545,0.7555555555555555,0.7391304347826086,0.7727272727272727,0.8421052631578947,17,6,32,5,3
xgboost_pca50_t1_only,t1_only,xgboost,pca,default_0.5,,50,0.5,0.7833333333333333,0.7619617224880382,0.868421052631579,0.7866343508948594,0.6976744186046512,0.7142857142857143,0.6818181818181818,0.8421052631578947,15,6,32,7,4
xgboost_pca50_t1_only,t1_only,xgboost,pca,default_0.5,,50,0.5,0.7,0.6770334928229665,0.7607655502392345,0.6739669867191848,0.5909090909090909,0.5909090909090909,0.5909090909090909,0.7631578947368421,13,9,29,9,5
xgboost_pca50_t1_only,t1_only,xgboost,pca,default_0.5,,50,0.5,0.7377049180327869,0.7057109557109558,0.7960372960372961,0.7790921923129783,0.6190476190476191,0.65,0.5909090909090909,0.8205128205128205,13,7,32,9,6
xgboost_pca50_t1_only,t1_only,xgboost,pca,default_0.5,,50,0.5,0.7333333333333333,0.7033492822966507,0.784688995215311,0.7125736520473323,0.6190476190476191,0.65,0.5909090909090909,0.8157894736842105,13,7,31,9,7
xgboost_pca50_t1_only,t1_only,xgboost,pca,default_0.5,,50,0.5,0.8,0.7655502392344498,0.8349282296650717,0.7905180480843559,0.7,0.7777777777777778,0.6363636363636364,0.8947368421052632,14,4,34,8,8
xgboost_pca50_t1_only,t1_only,xgboost,pca,default_0.5,,50,0.5,0.75,0.6973684210526316,0.7667464114832536,0.678652115557095,0.5945945945945946,0.7333333333333333,0.5,0.8947368421052632,11,4,34,11,9
xgboost_pca50_t1_only,t1_only,xgboost,pca,default_0.5,,50,0.5,0.7166666666666667,0.6710526315789473,0.7906698564593302,0.6767147299646482,0.5641025641025641,0.6470588235294118,0.5,0.8421052631578947,11,6,32,11,10
xgboost_pca50_t1_only,t1_only,xgboost,pca,default_0.5,,50,0.5,0.7704918032786885,0.7313519813519813,0.8193473193473193,0.7314993209412254,0.65,0.7222222222222222,0.5909090909090909,0.8717948717948718,13,5,34,9,11
xgboost_pca50_t1_only,t1_only,xgboost,pca,default_0.5,,50,0.5,0.8,0.7464114832535884,0.7452153110047847,0.7452454315637944,0.6666666666666666,0.8571428571428571,0.5454545454545454,0.9473684210526315,12,2,36,10,12
xgboost_pca50_t1_only,t1_only,xgboost,pca,default_0.5,,50,0.5,0.8,0.7655502392344498,0.8289473684210527,0.7983615757032947,0.7,0.7777777777777778,0.6363636363636364,0.8947368421052632,14,4,34,8,13
xgboost_pca50_t1_only,t1_only,xgboost,pca,default_0.5,,50,0.5,0.7,0.6483253588516746,0.7260765550239234,0.7013223479801018,0.5263157894736842,0.625,0.45454545454545453,0.8421052631578947,10,6,32,12,14
xgboost_pca50_t1_only,t1_only,xgboost,pca,default_0.5,,50,0.5,0.7,0.6674641148325359,0.7906698564593302,0.6825722795566338,0.5714285714285714,0.6,0.5454545454545454,0.7894736842105263,12,8,30,10,15
xgboost_pca50_t1_only,t1_only,xgboost,pca,tuned_f1,,50,0.4,0.7704918032786885,0.770979020979021,0.7867132867132868,0.6552132006482615,0.7083333333333334,0.6538461538461539,0.7727272727272727,0.7692307692307693,17,9,30,5,1
xgboost_pca50_t1_only,t1_only,xgboost,pca,tuned_f1,,50,0.3,0.6166666666666667,0.6782296650717703,0.7392344497607656,0.678241348494152,0.6349206349206349,0.4878048780487805,0.9090909090909091,0.4473684210526316,20,21,17,2,2
xgboost_pca50_t1_only,t1_only,xgboost,pca,tuned_f1,,50,0.5,0.8166666666666667,0.8074162679425837,0.8600478468899521,0.8300576528767545,0.7555555555555555,0.7391304347826086,0.7727272727272727,0.8421052631578947,17,6,32,5,3
xgboost_pca50_t1_only,t1_only,xgboost,pca,tuned_f1,,50,0.45,0.7833333333333333,0.7811004784688995,0.868421052631579,0.7866343508948594,0.723404255319149,0.68,0.7727272727272727,0.7894736842105263,17,8,30,5,4
xgboost_pca50_t1_only,t1_only,xgboost,pca,tuned_f1,,50,0.2,0.55,0.6447368421052632,0.7607655502392345,0.6739669867191848,0.6197183098591549,0.4489795918367347,1.0,0.2894736842105263,22,27,11,0,5
xgboost_pca50_t1_only,t1_only,xgboost,pca,tuned_f1,,50,0.45,0.7377049180327869,0.7255244755244755,0.7960372960372961,0.7790921923129783,0.6521739130434783,0.625,0.6818181818181818,0.7692307692307693,15,9,30,7,6
xgboost_pca50_t1_only,t1_only,xgboost,pca,tuned_f1,,50,0.45,0.7833333333333333,0.7811004784688995,0.784688995215311,0.7125736520473323,0.723404255319149,0.68,0.7727272727272727,0.7894736842105263,17,8,30,5,7
xgboost_pca50_t1_only,t1_only,xgboost,pca,tuned_f1,,50,0.4,0.8,0.8133971291866029,0.8349282296650717,0.7905180480843559,0.76,0.6785714285714286,0.8636363636363636,0.7631578947368421,19,9,29,3,8
xgboost_pca50_t1_only,t1_only,xgboost,pca,tuned_f1,,50,0.35,0.6833333333333333,0.7117224880382775,0.7667464114832536,0.678652115557095,0.6545454545454545,0.5454545454545454,0.8181818181818182,0.6052631578947368,18,15,23,4,9
xgboost_pca50_t1_only,t1_only,xgboost,pca,tuned_f1,,50,0.45,0.7666666666666667,0.7679425837320575,0.7906698564593302,0.6767147299646482,0.7083333333333334,0.6538461538461539,0.7727272727272727,0.7631578947368421,17,9,29,5,10
xgboost_pca50_t1_only,t1_only,xgboost,pca,tuned_f1,,50,0.45,0.819672131147541,0.8094405594405594,0.8193473193473193,0.7314993209412254,0.7555555555555555,0.7391304347826086,0.7727272727272727,0.8461538461538461,17,6,33,5,11
xgboost_pca50_t1_only,t1_only,xgboost,pca,tuned_f1,,50,0.45,0.7833333333333333,0.7523923444976077,0.7452153110047847,0.7452454315637944,0.6829268292682927,0.7368421052631579,0.6363636363636364,0.868421052631579,14,5,33,8,12
xgboost_pca50_t1_only,t1_only,xgboost,pca,tuned_f1,,50,0.5,0.8,0.7655502392344498,0.8289473684210527,0.7983615757032947,0.7,0.7777777777777778,0.6363636363636364,0.8947368421052632,14,4,34,8,13
xgboost_pca50_t1_only,t1_only,xgboost,pca,tuned_f1,,50,0.3,0.5666666666666667,0.6291866028708134,0.7260765550239234,0.7013223479801018,0.59375,0.4523809523809524,0.8636363636363636,0.39473684210526316,19,23,15,3,14
xgboost_pca50_t1_only,t1_only,xgboost,pca,tuned_f1,,50,0.45,0.7666666666666667,0.7870813397129186,0.7906698564593302,0.6825722795566338,0.7307692307692307,0.6333333333333333,0.8636363636363636,0.7105263157894737,19,11,27,3,15
