experiment,feature_set,model,model_type,threshold_mode,k_best,pca_components,threshold,accuracy,balanced_accuracy,roc_auc,pr_auc,f1,precision,recall_sensitivity,specificity,tp,fp,tn,fn,fold
xgboost_raw_t0_only,t0_only,xgboost,raw,default_0.5,,,0.5,0.7894736842105263,0.5458333333333334,0.7416666666666667,0.527171484429549,0.2,0.5,0.125,0.9666666666666667,1,1,29,7,1
xgboost_raw_t0_only,t0_only,xgboost,raw,default_0.5,,,0.5,0.8157894736842105,0.5625,0.7291666666666667,0.4550401757657326,0.2222222222222222,1.0,0.125,1.0,1,0,30,7,2
xgboost_raw_t0_only,t0_only,xgboost,raw,default_0.5,,,0.5,0.8157894736842105,0.6111111111111112,0.8812260536398467,0.7455162121828789,0.36363636363636365,1.0,0.2222222222222222,1.0,2,0,29,7,3
xgboost_raw_t0_only,t0_only,xgboost,raw,default_0.5,,,0.5,0.7894736842105263,0.5555555555555556,0.7011494252873562,0.48975537133431873,0.2,1.0,0.1111111111111111,1.0,1,0,29,8,4
xgboost_raw_t0_only,t0_only,xgboost,raw,default_0.5,,,0.5,0.8421052631578947,0.6666666666666666,0.846743295019157,0.714045214045214,0.5,1.0,0.3333333333333333,1.0,3,0,29,6,5
xgboost_raw_t0_only,t0_only,xgboost,raw,default_0.5,,,0.5,0.7894736842105263,0.5458333333333334,0.6875,0.45115523182957395,0.2,0.5,0.125,0.9666666666666667,1,1,29,7,6
xgboost_raw_t0_only,t0_only,xgboost,raw,default_0.5,,,0.5,0.7631578947368421,0.48333333333333334,0.7708333333333333,0.4289889021796916,0.0,0.0,0.0,0.9666666666666667,0,1,29,8,7
xgboost_raw_t0_only,t0_only,xgboost,raw,default_0.5,,,0.5,0.7368421052631579,0.4827586206896552,0.6743295019157087,0.36216402260630143,0.0,0.0,0.0,0.9655172413793104,0,1,28,9,8
xgboost_raw_t0_only,t0_only,xgboost,raw,default_0.5,,,0.5,0.7368421052631579,0.5210727969348659,0.7164750957854407,0.40866293655509345,0.16666666666666666,0.3333333333333333,0.1111111111111111,0.9310344827586207,1,2,27,8,9
xgboost_raw_t0_only,t0_only,xgboost,raw,default_0.5,,,0.5,0.7894736842105263,0.5555555555555556,0.5057471264367817,0.37935633961777754,0.2,1.0,0.1111111111111111,1.0,1,0,29,8,10
xgboost_raw_t0_only,t0_only,xgboost,raw,default_0.5,,,0.5,0.7368421052631579,0.4666666666666667,0.7708333333333333,0.4679563492063492,0.0,0.0,0.0,0.9333333333333333,0,2,28,8,11
xgboost_raw_t0_only,t0_only,xgboost,raw,default_0.5,,,0.5,0.8157894736842105,0.5625,0.7458333333333333,0.49734799514211275,0.2222222222222222,1.0,0.125,1.0,1,0,30,7,12
xgboost_raw_t0_only,t0_only,xgboost,raw,default_0.5,,,0.5,0.7894736842105263,0.5555555555555556,0.8007662835249041,0.6289915130494841,0.2,1.0,0.1111111111111111,1.0,1,0,29,8,13
xgboost_raw_t0_only,t0_only,xgboost,raw,default_0.5,,,0.5,0.7631578947368421,0.5,0.7969348659003831,0.5135109262560243,0.0,0.0,0.0,1.0,0,0,29,9,14
xgboost_raw_t0_only,t0_only,xgboost,raw,default_0.5,,,0.5,0.7368421052631579,0.5210727969348659,0.6168582375478927,0.33850408850408853,0.16666666666666666,0.3333333333333333,0.1111111111111111,0.9310344827586207,1,2,27,8,15
xgboost_raw_t0_only,t0_only,xgboost,raw,tuned_f1,,,0.3,0.7368421052631579,0.6958333333333333,0.7416666666666667,0.527171484429549,0.5,0.4166666666666667,0.625,0.7666666666666667,5,7,23,3,1
xgboost_raw_t0_only,t0_only,xgboost,raw,tuned_f1,,,0.3,0.6578947368421053,0.7375,0.7291666666666667,0.4550401757657326,0.5185185185185185,0.3684210526315789,0.875,0.6,7,12,18,1,2
xgboost_raw_t0_only,t0_only,xgboost,raw,tuned_f1,,,0.3,0.868421052631579,0.8371647509578544,0.8812260536398467,0.7455162121828789,0.7368421052631579,0.7,0.7777777777777778,0.896551724137931,7,3,26,2,3
xgboost_raw_t0_only,t0_only,xgboost,raw,tuned_f1,,,0.225,0.6578947368421053,0.7375478927203065,0.7011494252873562,0.48975537133431873,0.5517241379310345,0.4,0.8888888888888888,0.5862068965517241,8,12,17,1,4
xgboost_raw_t0_only,t0_only,xgboost,raw,tuned_f1,,,0.275,0.7894736842105263,0.8237547892720306,0.846743295019157,0.714045214045214,0.6666666666666666,0.5333333333333333,0.8888888888888888,0.7586206896551724,8,7,22,1,5
xgboost_raw_t0_only,t0_only,xgboost,raw,tuned_f1,,,0.225,0.5789473684210527,0.6875,0.6875,0.45115523182957395,0.4666666666666667,0.3181818181818182,0.875,0.5,7,15,15,1,6
xgboost_raw_t0_only,t0_only,xgboost,raw,tuned_f1,,,0.275,0.6578947368421053,0.7833333333333333,0.7708333333333333,0.4289889021796916,0.5517241379310345,0.38095238095238093,1.0,0.5666666666666667,8,13,17,0,7
xgboost_raw_t0_only,t0_only,xgboost,raw,tuned_f1,,,0.275,0.7368421052631579,0.6743295019157088,0.6743295019157087,0.36216402260630143,0.5,0.45454545454545453,0.5555555555555556,0.7931034482758621,5,6,23,4,8
xgboost_raw_t0_only,t0_only,xgboost,raw,tuned_f1,,,0.225,0.6578947368421053,0.7375478927203065,0.7164750957854407,0.40866293655509345,0.5517241379310345,0.4,0.8888888888888888,0.5862068965517241,8,12,17,1,9
xgboost_raw_t0_only,t0_only,xgboost,raw,tuned_f1,,,0.05,0.2631578947368421,0.5172413793103449,0.5057471264367817,0.37935633961777754,0.391304347826087,0.24324324324324326,1.0,0.034482758620689655,9,28,1,0,10
xgboost_raw_t0_only,t0_only,xgboost,raw,tuned_f1,,,0.3,0.8157894736842105,0.7916666666666667,0.7708333333333333,0.4679563492063492,0.631578947368421,0.5454545454545454,0.75,0.8333333333333334,6,5,25,2,11
xgboost_raw_t0_only,t0_only,xgboost,raw,tuned_f1,,,0.3,0.6842105263157895,0.7541666666666667,0.7458333333333333,0.49734799514211275,0.5384615384615384,0.3888888888888889,0.875,0.6333333333333333,7,11,19,1,12
xgboost_raw_t0_only,t0_only,xgboost,raw,tuned_f1,,,0.175,0.631578947368421,0.7586206896551724,0.8007662835249041,0.6289915130494841,0.5625,0.391304347826087,1.0,0.5172413793103449,9,14,15,0,13
xgboost_raw_t0_only,t0_only,xgboost,raw,tuned_f1,,,0.3,0.8157894736842105,0.8026819923371648,0.7969348659003831,0.5135109262560243,0.6666666666666666,0.5833333333333334,0.7777777777777778,0.8275862068965517,7,5,24,2,14
xgboost_raw_t0_only,t0_only,xgboost,raw,tuned_f1,,,0.275,0.5789473684210527,0.6475095785440613,0.6168582375478927,0.33850408850408853,0.4666666666666667,0.3333333333333333,0.7777777777777778,0.5172413793103449,7,14,15,2,15
xgboost_raw_t1_only,t1_only,xgboost,raw,default_0.5,,,0.5,0.7894736842105263,0.5916666666666667,0.6958333333333333,0.45606060606060606,0.3333333333333333,0.5,0.25,0.9333333333333333,2,2,28,6,1
xgboost_raw_t1_only,t1_only,xgboost,raw,default_0.5,,,0.5,0.8157894736842105,0.6083333333333334,0.7916666666666666,0.578392094017094,0.36363636363636365,0.6666666666666666,0.25,0.9666666666666667,2,1,29,6,2
xgboost_raw_t1_only,t1_only,xgboost,raw,default_0.5,,,0.5,0.8947368421052632,0.7777777777777778,0.8735632183908045,0.810144927536232,0.7142857142857143,1.0,0.5555555555555556,1.0,5,0,29,4,3
xgboost_raw_t1_only,t1_only,xgboost,raw,default_0.5,,,0.5,0.7894736842105263,0.5938697318007663,0.7701149425287356,0.6040564373897708,0.3333333333333333,0.6666666666666666,0.2222222222222222,0.9655172413793104,2,1,28,7,4
xgboost_raw_t1_only,t1_only,xgboost,raw,default_0.5,,,0.5,0.6842105263157895,0.4482758620689655,0.6436781609195402,0.37380256196045675,0.0,0.0,0.0,0.896551724137931,0,3,26,9,5
xgboost_raw_t1_only,t1_only,xgboost,raw,default_0.5,,,0.5,0.868421052631579,0.6875,0.9083333333333332,0.7754734848484848,0.5454545454545454,1.0,0.375,1.0,3,0,30,5,6
xgboost_raw_t1_only,t1_only,xgboost,raw,default_0.5,,,0.5,0.8157894736842105,0.6083333333333334,0.7625000000000001,0.5106089086352243,0.36363636363636365,0.6666666666666666,0.25,0.9666666666666667,2,1,29,6,7
xgboost_raw_t1_only,t1_only,xgboost,raw,default_0.5,,,0.5,0.7368421052631579,0.5210727969348659,0.632183908045977,0.39670296013986717,0.16666666666666666,0.3333333333333333,0.1111111111111111,0.9310344827586207,1,2,27,8,8
xgboost_raw_t1_only,t1_only,xgboost,raw,default_0.5,,,0.5,0.7368421052631579,0.5593869731800767,0.6743295019157087,0.4129304862041435,0.2857142857142857,0.4,0.2222222222222222,0.896551724137931,2,3,26,7,9
xgboost_raw_t1_only,t1_only,xgboost,raw,default_0.5,,,0.5,0.7631578947368421,0.5766283524904214,0.6091954022988505,0.3963516178428459,0.3076923076923077,0.5,0.2222222222222222,0.9310344827586207,2,2,27,7,10
xgboost_raw_t1_only,t1_only,xgboost,raw,default_0.5,,,0.5,0.7894736842105263,0.5,0.5499999999999999,0.2565064409822474,0.0,0.0,0.0,1.0,0,0,30,8,11
xgboost_raw_t1_only,t1_only,xgboost,raw,default_0.5,,,0.5,0.8157894736842105,0.6083333333333334,0.7916666666666667,0.5596180555555555,0.36363636363636365,0.6666666666666666,0.25,0.9666666666666667,2,1,29,6,12
xgboost_raw_t1_only,t1_only,xgboost,raw,default_0.5,,,0.5,0.868421052631579,0.7605363984674329,0.8199233716475096,0.734897999603882,0.6666666666666666,0.8333333333333334,0.5555555555555556,0.9655172413793104,5,1,28,4,13
xgboost_raw_t1_only,t1_only,xgboost,raw,default_0.5,,,0.5,0.7368421052631579,0.5593869731800767,0.689655172413793,0.4733595443740371,0.2857142857142857,0.4,0.2222222222222222,0.896551724137931,2,3,26,7,14
xgboost_raw_t1_only,t1_only,xgboost,raw,default_0.5,,,0.5,0.7894736842105263,0.632183908045977,0.8582375478927203,0.646256038647343,0.42857142857142855,0.6,0.3333333333333333,0.9310344827586207,3,2,27,6,15
xgboost_raw_t1_only,t1_only,xgboost,raw,tuned_f1,,,0.275,0.7105263157894737,0.6791666666666667,0.6958333333333333,0.45606060606060606,0.47619047619047616,0.38461538461538464,0.625,0.7333333333333333,5,8,22,3,1
xgboost_raw_t1_only,t1_only,xgboost,raw,tuned_f1,,,0.4,0.7894736842105263,0.7291666666666667,0.7916666666666666,0.578392094017094,0.5555555555555556,0.5,0.625,0.8333333333333334,5,5,25,3,2
xgboost_raw_t1_only,t1_only,xgboost,raw,tuned_f1,,,0.45,0.8947368421052632,0.8160919540229885,0.8735632183908045,0.810144927536232,0.75,0.8571428571428571,0.6666666666666666,0.9655172413793104,6,1,28,3,3
xgboost_raw_t1_only,t1_only,xgboost,raw,tuned_f1,,,0.175,0.631578947368421,0.7203065134099617,0.7701149425287356,0.6040564373897708,0.5333333333333333,0.38095238095238093,0.8888888888888888,0.5517241379310345,8,13,16,1,4
xgboost_raw_t1_only,t1_only,xgboost,raw,tuned_f1,,,0.4,0.7631578947368421,0.6915708812260537,0.6436781609195402,0.37380256196045675,0.5263157894736842,0.5,0.5555555555555556,0.8275862068965517,5,5,24,4,5
xgboost_raw_t1_only,t1_only,xgboost,raw,tuned_f1,,,0.275,0.8157894736842105,0.8833333333333333,0.9083333333333332,0.7754734848484848,0.6956521739130435,0.5333333333333333,1.0,0.7666666666666667,8,7,23,0,6
xgboost_raw_t1_only,t1_only,xgboost,raw,tuned_f1,,,0.35,0.7894736842105263,0.775,0.7625000000000001,0.5106089086352243,0.6,0.5,0.75,0.8,6,6,24,2,7
xgboost_raw_t1_only,t1_only,xgboost,raw,tuned_f1,,,0.25,0.6842105263157895,0.7164750957854407,0.632183908045977,0.39670296013986717,0.5384615384615384,0.4117647058823529,0.7777777777777778,0.6551724137931034,7,10,19,2,8
xgboost_raw_t1_only,t1_only,xgboost,raw,tuned_f1,,,0.15,0.631578947368421,0.7203065134099617,0.6743295019157087,0.4129304862041435,0.5333333333333333,0.38095238095238093,0.8888888888888888,0.5517241379310345,8,13,16,1,9
xgboost_raw_t1_only,t1_only,xgboost,raw,tuned_f1,,,0.275,0.6842105263157895,0.6398467432950192,0.6091954022988505,0.3963516178428459,0.45454545454545453,0.38461538461538464,0.5555555555555556,0.7241379310344828,5,8,21,4,10
xgboost_raw_t1_only,t1_only,xgboost,raw,tuned_f1,,,0.275,0.6842105263157895,0.6166666666666667,0.5499999999999999,0.2565064409822474,0.4,0.3333333333333333,0.5,0.7333333333333333,4,8,22,4,11
xgboost_raw_t1_only,t1_only,xgboost,raw,tuned_f1,,,0.2,0.7105263157894737,0.7708333333333333,0.7916666666666667,0.5596180555555555,0.56,0.4117647058823529,0.875,0.6666666666666666,7,10,20,1,12
xgboost_raw_t1_only,t1_only,xgboost,raw,tuned_f1,,,0.5,0.868421052631579,0.7605363984674329,0.8199233716475096,0.734897999603882,0.6666666666666666,0.8333333333333334,0.5555555555555556,0.9655172413793104,5,1,28,4,13
xgboost_raw_t1_only,t1_only,xgboost,raw,tuned_f1,,,0.225,0.5526315789473685,0.6685823754789272,0.689655172413793,0.4733595443740371,0.48484848484848486,0.3333333333333333,0.8888888888888888,0.4482758620689655,8,16,13,1,14
xgboost_raw_t1_only,t1_only,xgboost,raw,tuned_f1,,,0.3,0.7894736842105263,0.8237547892720306,0.8582375478927203,0.646256038647343,0.6666666666666666,0.5333333333333333,0.8888888888888888,0.7586206896551724,8,7,22,1,15
xgboost_raw_delta_only,delta_only,xgboost,raw,default_0.5,,,0.5,0.8157894736842105,0.6083333333333334,0.7374999999999999,0.4590999278499278,0.36363636363636365,0.6666666666666666,0.25,0.9666666666666667,2,1,29,6,1
xgboost_raw_delta_only,delta_only,xgboost,raw,default_0.5,,,0.5,0.7894736842105263,0.5458333333333334,0.6708333333333333,0.37922159716277365,0.2,0.5,0.125,0.9666666666666667,1,1,29,7,2
xgboost_raw_delta_only,delta_only,xgboost,raw,default_0.5,,,0.5,0.8421052631578947,0.7432950191570882,0.6934865900383143,0.6686676104133409,0.625,0.7142857142857143,0.5555555555555556,0.9310344827586207,5,2,27,4,3
xgboost_raw_delta_only,delta_only,xgboost,raw,default_0.5,,,0.5,0.7894736842105263,0.5555555555555556,0.5287356321839081,0.33930575597242263,0.2,1.0,0.1111111111111111,1.0,1,0,29,8,4
xgboost_raw_delta_only,delta_only,xgboost,raw,default_0.5,,,0.5,0.6842105263157895,0.4482758620689655,0.6130268199233717,0.3066868809635971,0.0,0.0,0.0,0.896551724137931,0,3,26,9,5
xgboost_raw_delta_only,delta_only,xgboost,raw,default_0.5,,,0.5,0.7894736842105263,0.6833333333333333,0.775,0.6614241673023138,0.5,0.5,0.5,0.8666666666666667,4,4,26,4,6
xgboost_raw_delta_only,delta_only,xgboost,raw,default_0.5,,,0.5,0.8157894736842105,0.5625,0.9083333333333334,0.8214285714285714,0.2222222222222222,1.0,0.125,1.0,1,0,30,7,7
xgboost_raw_delta_only,delta_only,xgboost,raw,default_0.5,,,0.5,0.8421052631578947,0.6666666666666666,0.7394636015325671,0.7115021179537309,0.5,1.0,0.3333333333333333,1.0,3,0,29,6,8
xgboost_raw_delta_only,delta_only,xgboost,raw,default_0.5,,,0.5,0.7368421052631579,0.5210727969348659,0.6091954022988506,0.35118135665257744,0.16666666666666666,0.3333333333333333,0.1111111111111111,0.9310344827586207,1,2,27,8,9
xgboost_raw_delta_only,delta_only,xgboost,raw,default_0.5,,,0.5,0.6842105263157895,0.4482758620689655,0.27969348659003834,0.17850497693815004,0.0,0.0,0.0,0.896551724137931,0,3,26,9,10
xgboost_raw_delta_only,delta_only,xgboost,raw,default_0.5,,,0.5,0.7894736842105263,0.5,0.42083333333333334,0.20628293731767028,0.0,0.0,0.0,1.0,0,0,30,8,11
xgboost_raw_delta_only,delta_only,xgboost,raw,default_0.5,,,0.5,0.8157894736842105,0.6083333333333334,0.6875,0.4812400318979266,0.36363636363636365,0.6666666666666666,0.25,0.9666666666666667,2,1,29,6,12
xgboost_raw_delta_only,delta_only,xgboost,raw,default_0.5,,,0.5,0.7631578947368421,0.5383141762452107,0.6283524904214559,0.36908539877888535,0.18181818181818182,0.5,0.1111111111111111,0.9655172413793104,1,1,28,8,13
xgboost_raw_delta_only,delta_only,xgboost,raw,default_0.5,,,0.5,0.7894736842105263,0.5938697318007663,0.6896551724137931,0.5335884178579766,0.3333333333333333,0.6666666666666666,0.2222222222222222,0.9655172413793104,2,1,28,7,14
xgboost_raw_delta_only,delta_only,xgboost,raw,default_0.5,,,0.5,0.7631578947368421,0.5766283524904214,0.6628352490421455,0.4793766146707323,0.3076923076923077,0.5,0.2222222222222222,0.9310344827586207,2,2,27,7,15
xgboost_raw_delta_only,delta_only,xgboost,raw,tuned_f1,,,0.225,0.631578947368421,0.7208333333333333,0.7374999999999999,0.4590999278499278,0.5,0.35,0.875,0.5666666666666667,7,13,17,1,1
xgboost_raw_delta_only,delta_only,xgboost,raw,tuned_f1,,,0.35,0.6578947368421053,0.6916666666666667,0.6708333333333333,0.37922159716277365,0.48,0.35294117647058826,0.75,0.6333333333333333,6,11,19,2,2
xgboost_raw_delta_only,delta_only,xgboost,raw,tuned_f1,,,0.5,0.8421052631578947,0.7432950191570882,0.6934865900383143,0.6686676104133409,0.625,0.7142857142857143,0.5555555555555556,0.9310344827586207,5,2,27,4,3
xgboost_raw_delta_only,delta_only,xgboost,raw,tuned_f1,,,0.1,0.3684210526315789,0.5862068965517242,0.5287356321839081,0.33930575597242263,0.42857142857142855,0.2727272727272727,1.0,0.1724137931034483,9,24,5,0,4
xgboost_raw_delta_only,delta_only,xgboost,raw,tuned_f1,,,0.2,0.5789473684210527,0.6475095785440613,0.6130268199233717,0.3066868809635971,0.4666666666666667,0.3333333333333333,0.7777777777777778,0.5172413793103449,7,14,15,2,5
xgboost_raw_delta_only,delta_only,xgboost,raw,tuned_f1,,,0.175,0.5789473684210527,0.7333333333333334,0.775,0.6614241673023138,0.5,0.3333333333333333,1.0,0.4666666666666667,8,16,14,0,6
xgboost_raw_delta_only,delta_only,xgboost,raw,tuned_f1,,,0.35,0.8947368421052632,0.8416666666666667,0.9083333333333334,0.8214285714285714,0.75,0.75,0.75,0.9333333333333333,6,2,28,2,7
xgboost_raw_delta_only,delta_only,xgboost,raw,tuned_f1,,,0.35,0.868421052631579,0.7605363984674329,0.7394636015325671,0.7115021179537309,0.6666666666666666,0.8333333333333334,0.5555555555555556,0.9655172413793104,5,1,28,4,8
xgboost_raw_delta_only,delta_only,xgboost,raw,tuned_f1,,,0.3,0.6578947368421053,0.6226053639846744,0.6091954022988506,0.35118135665257744,0.43478260869565216,0.35714285714285715,0.5555555555555556,0.6896551724137931,5,9,20,4,9
xgboost_raw_delta_only,delta_only,xgboost,raw,tuned_f1,,,0.1,0.3157894736842105,0.5517241379310345,0.27969348659003834,0.17850497693815004,0.4090909090909091,0.2571428571428571,1.0,0.10344827586206896,9,26,3,0,10
xgboost_raw_delta_only,delta_only,xgboost,raw,tuned_f1,,,0.05,0.21052631578947367,0.5,0.42083333333333334,0.20628293731767028,0.34782608695652173,0.21052631578947367,1.0,0.0,8,30,0,0,11
xgboost_raw_delta_only,delta_only,xgboost,raw,tuned_f1,,,0.35,0.7368421052631579,0.6958333333333333,0.6875,0.4812400318979266,0.5,0.4166666666666667,0.625,0.7666666666666667,5,7,23,3,12
xgboost_raw_delta_only,delta_only,xgboost,raw,tuned_f1,,,0.35,0.7105263157894737,0.657088122605364,0.6283524904214559,0.36908539877888535,0.47619047619047616,0.4166666666666667,0.5555555555555556,0.7586206896551724,5,7,22,4,13
xgboost_raw_delta_only,delta_only,xgboost,raw,tuned_f1,,,0.35,0.7631578947368421,0.6915708812260537,0.6896551724137931,0.5335884178579766,0.5263157894736842,0.5,0.5555555555555556,0.8275862068965517,5,5,24,4,14
xgboost_raw_delta_only,delta_only,xgboost,raw,tuned_f1,,,0.2,0.5,0.6340996168582376,0.6628352490421455,0.4793766146707323,0.45714285714285713,0.3076923076923077,0.8888888888888888,0.3793103448275862,8,18,11,1,15
xgboost_raw_t0_t1,t0_t1,xgboost,raw,default_0.5,,,0.5,0.7631578947368421,0.575,0.7958333333333334,0.5145230500493658,0.3076923076923077,0.4,0.25,0.9,2,3,27,6,1
xgboost_raw_t0_t1,t0_t1,xgboost,raw,default_0.5,,,0.5,0.868421052631579,0.7333333333333334,0.7958333333333334,0.5291302733214498,0.6153846153846154,0.8,0.5,0.9666666666666667,4,1,29,4,2
xgboost_raw_t0_t1,t0_t1,xgboost,raw,default_0.5,,,0.5,0.8421052631578947,0.6666666666666666,0.9310344827586207,0.8487003192885547,0.5,1.0,0.3333333333333333,1.0,3,0,29,6,3
xgboost_raw_t0_t1,t0_t1,xgboost,raw,default_0.5,,,0.5,0.7894736842105263,0.5555555555555556,0.8237547892720306,0.5845566778900112,0.2,1.0,0.1111111111111111,1.0,1,0,29,8,4
xgboost_raw_t0_t1,t0_t1,xgboost,raw,default_0.5,,,0.5,0.7368421052631579,0.5210727969348659,0.7203065134099617,0.5600018564930846,0.16666666666666666,0.3333333333333333,0.1111111111111111,0.9310344827586207,1,2,27,8,5
xgboost_raw_t0_t1,t0_t1,xgboost,raw,default_0.5,,,0.5,0.8947368421052632,0.75,0.8791666666666667,0.7489583333333334,0.6666666666666666,1.0,0.5,1.0,4,0,30,4,6
xgboost_raw_t0_t1,t0_t1,xgboost,raw,default_0.5,,,0.5,0.8421052631578947,0.6708333333333334,0.7875,0.5763573232323232,0.5,0.75,0.375,0.9666666666666667,3,1,29,5,7
xgboost_raw_t0_t1,t0_t1,xgboost,raw,default_0.5,,,0.5,0.7368421052631579,0.4827586206896552,0.6934865900383141,0.39378004711338044,0.0,0.0,0.0,0.9655172413793104,0,1,28,9,8
xgboost_raw_t0_t1,t0_t1,xgboost,raw,default_0.5,,,0.5,0.7894736842105263,0.5938697318007663,0.7547892720306513,0.4973694995521621,0.3333333333333333,0.6666666666666666,0.2222222222222222,0.9655172413793104,2,1,28,7,9
xgboost_raw_t0_t1,t0_t1,xgboost,raw,default_0.5,,,0.5,0.7105263157894737,0.5038314176245211,0.5670498084291188,0.37806774122563597,0.15384615384615385,0.25,0.1111111111111111,0.896551724137931,1,3,26,8,10
xgboost_raw_t0_t1,t0_t1,xgboost,raw,default_0.5,,,0.5,0.7631578947368421,0.48333333333333334,0.5041666666666667,0.2390822938633882,0.0,0.0,0.0,0.9666666666666667,0,1,29,8,11
xgboost_raw_t0_t1,t0_t1,xgboost,raw,default_0.5,,,0.5,0.8421052631578947,0.625,0.8083333333333333,0.6385524891774892,0.4,1.0,0.25,1.0,2,0,30,6,12
xgboost_raw_t0_t1,t0_t1,xgboost,raw,default_0.5,,,0.5,0.7894736842105263,0.5938697318007663,0.8352490421455938,0.6909991324465008,0.3333333333333333,0.6666666666666666,0.2222222222222222,0.9655172413793104,2,1,28,7,13
xgboost_raw_t0_t1,t0_t1,xgboost,raw,default_0.5,,,0.5,0.7894736842105263,0.5938697318007663,0.7432950191570881,0.5290864798111176,0.3333333333333333,0.6666666666666666,0.2222222222222222,0.9655172413793104,2,1,28,7,14
xgboost_raw_t0_t1,t0_t1,xgboost,raw,default_0.5,,,0.5,0.7631578947368421,0.5383141762452107,0.8467432950191571,0.6282162339437882,0.18181818181818182,0.5,0.1111111111111111,0.9655172413793104,1,1,28,8,15
xgboost_raw_t0_t1,t0_t1,xgboost,raw,tuned_f1,,,0.35,0.8157894736842105,0.7458333333333333,0.7958333333333334,0.5145230500493658,0.5882352941176471,0.5555555555555556,0.625,0.8666666666666667,5,4,26,3,1
xgboost_raw_t0_t1,t0_t1,xgboost,raw,tuned_f1,,,0.5,0.868421052631579,0.7333333333333334,0.7958333333333334,0.5291302733214498,0.6153846153846154,0.8,0.5,0.9666666666666667,4,1,29,4,2
xgboost_raw_t0_t1,t0_t1,xgboost,raw,tuned_f1,,,0.3,0.8421052631578947,0.8582375478927202,0.9310344827586207,0.8487003192885547,0.7272727272727273,0.6153846153846154,0.8888888888888888,0.8275862068965517,8,5,24,1,3
xgboost_raw_t0_t1,t0_t1,xgboost,raw,tuned_f1,,,0.275,0.7894736842105263,0.8237547892720306,0.8237547892720306,0.5845566778900112,0.6666666666666666,0.5333333333333333,0.8888888888888888,0.7586206896551724,8,7,22,1,4
xgboost_raw_t0_t1,t0_t1,xgboost,raw,tuned_f1,,,0.4,0.8421052631578947,0.7816091954022988,0.7203065134099617,0.5600018564930846,0.6666666666666666,0.6666666666666666,0.6666666666666666,0.896551724137931,6,3,26,3,5
xgboost_raw_t0_t1,t0_t1,xgboost,raw,tuned_f1,,,0.5,0.8947368421052632,0.75,0.8791666666666667,0.7489583333333334,0.6666666666666666,1.0,0.5,1.0,4,0,30,4,6
xgboost_raw_t0_t1,t0_t1,xgboost,raw,tuned_f1,,,0.225,0.6578947368421053,0.7833333333333333,0.7875,0.5763573232323232,0.5517241379310345,0.38095238095238093,1.0,0.5666666666666667,8,13,17,0,7
xgboost_raw_t0_t1,t0_t1,xgboost,raw,tuned_f1,,,0.275,0.7368421052631579,0.7126436781609196,0.6934865900383141,0.39378004711338044,0.5454545454545454,0.46153846153846156,0.6666666666666666,0.7586206896551724,6,7,22,3,8
xgboost_raw_t0_t1,t0_t1,xgboost,raw,tuned_f1,,,0.2,0.6842105263157895,0.7547892720306513,0.7547892720306513,0.4973694995521621,0.5714285714285714,0.42105263157894735,0.8888888888888888,0.6206896551724138,8,11,18,1,9
xgboost_raw_t0_t1,t0_t1,xgboost,raw,tuned_f1,,,0.25,0.6578947368421053,0.6226053639846744,0.5670498084291188,0.37806774122563597,0.43478260869565216,0.35714285714285715,0.5555555555555556,0.6896551724137931,5,9,20,4,10
xgboost_raw_t0_t1,t0_t1,xgboost,raw,tuned_f1,,,0.15,0.5,0.5916666666666667,0.5041666666666667,0.2390822938633882,0.3870967741935484,0.2608695652173913,0.75,0.43333333333333335,6,17,13,2,11
xgboost_raw_t0_t1,t0_t1,xgboost,raw,tuned_f1,,,0.35,0.8421052631578947,0.7625,0.8083333333333333,0.6385524891774892,0.625,0.625,0.625,0.9,5,3,27,3,12
xgboost_raw_t0_t1,t0_t1,xgboost,raw,tuned_f1,,,0.35,0.8421052631578947,0.7816091954022988,0.8352490421455938,0.6909991324465008,0.6666666666666666,0.6666666666666666,0.6666666666666666,0.896551724137931,6,3,26,3,13
xgboost_raw_t0_t1,t0_t1,xgboost,raw,tuned_f1,,,0.2,0.6052631578947368,0.7413793103448276,0.7432950191570881,0.5290864798111176,0.5454545454545454,0.375,1.0,0.4827586206896552,9,15,14,0,14
xgboost_raw_t0_t1,t0_t1,xgboost,raw,tuned_f1,,,0.3,0.7631578947368421,0.7681992337164751,0.8467432950191571,0.6282162339437882,0.6086956521739131,0.5,0.7777777777777778,0.7586206896551724,7,7,22,2,15
xgboost_raw_t0_delta,t0_delta,xgboost,raw,default_0.5,,,0.5,0.7631578947368421,0.48333333333333334,0.825,0.5836821266968326,0.0,0.0,0.0,0.9666666666666667,0,1,29,8,1
xgboost_raw_t0_delta,t0_delta,xgboost,raw,default_0.5,,,0.5,0.7631578947368421,0.5291666666666667,0.8250000000000001,0.5228190314587373,0.18181818181818182,0.3333333333333333,0.125,0.9333333333333333,1,2,28,7,2
xgboost_raw_t0_delta,t0_delta,xgboost,raw,default_0.5,,,0.5,0.8157894736842105,0.6111111111111112,0.8352490421455938,0.7158966481547127,0.36363636363636365,1.0,0.2222222222222222,1.0,2,0,29,7,3
xgboost_raw_t0_delta,t0_delta,xgboost,raw,default_0.5,,,0.5,0.7368421052631579,0.4827586206896552,0.5938697318007663,0.31671780068639155,0.0,0.0,0.0,0.9655172413793104,0,1,28,9,4
xgboost_raw_t0_delta,t0_delta,xgboost,raw,default_0.5,,,0.5,0.7631578947368421,0.5,0.7011494252873562,0.37550505050505045,0.0,0.0,0.0,1.0,0,0,29,9,5
xgboost_raw_t0_delta,t0_delta,xgboost,raw,default_0.5,,,0.5,0.8421052631578947,0.625,0.7875,0.6737685560053981,0.4,1.0,0.25,1.0,2,0,30,6,6
xgboost_raw_t0_delta,t0_delta,xgboost,raw,default_0.5,,,0.5,0.7894736842105263,0.5458333333333334,0.8291666666666667,0.5826213818860877,0.2,0.5,0.125,0.9666666666666667,1,1,29,7,7
xgboost_raw_t0_delta,t0_delta,xgboost,raw,default_0.5,,,0.5,0.7368421052631579,0.4827586206896552,0.6704980842911877,0.36620924153818896,0.0,0.0,0.0,0.9655172413793104,0,1,28,9,8
xgboost_raw_t0_delta,t0_delta,xgboost,raw,default_0.5,,,0.5,0.7631578947368421,0.5383141762452107,0.6973180076628352,0.41284884324100013,0.18181818181818182,0.5,0.1111111111111111,0.9655172413793104,1,1,28,8,9
xgboost_raw_t0_delta,t0_delta,xgboost,raw,default_0.5,,,0.5,0.7631578947368421,0.5383141762452107,0.42911877394636017,0.32459939832572804,0.18181818181818182,0.5,0.1111111111111111,0.9655172413793104,1,1,28,8,10
xgboost_raw_t0_delta,t0_delta,xgboost,raw,default_0.5,,,0.5,0.7894736842105263,0.5,0.6583333333333332,0.41626676986584105,0.0,0.0,0.0,1.0,0,0,30,8,11
xgboost_raw_t0_delta,t0_delta,xgboost,raw,default_0.5,,,0.5,0.868421052631579,0.6875,0.8416666666666667,0.7157986111111111,0.5454545454545454,1.0,0.375,1.0,3,0,30,5,12
xgboost_raw_t0_delta,t0_delta,xgboost,raw,default_0.5,,,0.5,0.7894736842105263,0.5555555555555556,0.7931034482758621,0.6027336860670194,0.2,1.0,0.1111111111111111,1.0,1,0,29,8,13
xgboost_raw_t0_delta,t0_delta,xgboost,raw,default_0.5,,,0.5,0.7631578947368421,0.5,0.8812260536398467,0.5853581603581604,0.0,0.0,0.0,1.0,0,0,29,9,14
xgboost_raw_t0_delta,t0_delta,xgboost,raw,default_0.5,,,0.5,0.7894736842105263,0.5938697318007663,0.6743295019157087,0.5053874466917945,0.3333333333333333,0.6666666666666666,0.2222222222222222,0.9655172413793104,2,1,28,7,15
xgboost_raw_t0_delta,t0_delta,xgboost,raw,tuned_f1,,,0.35,0.8421052631578947,0.7625,0.825,0.5836821266968326,0.625,0.625,0.625,0.9,5,3,27,3,1
xgboost_raw_t0_delta,t0_delta,xgboost,raw,tuned_f1,,,0.4,0.868421052631579,0.825,0.8250000000000001,0.5228190314587373,0.7058823529411765,0.6666666666666666,0.75,0.9,6,3,27,2,2
xgboost_raw_t0_delta,t0_delta,xgboost,raw,tuned_f1,,,0.25,0.7631578947368421,0.8065134099616857,0.8352490421455938,0.7158966481547127,0.64,0.5,0.8888888888888888,0.7241379310344828,8,8,21,1,3
xgboost_raw_t0_delta,t0_delta,xgboost,raw,tuned_f1,,,0.175,0.5,0.6340996168582376,0.5938697318007663,0.31671780068639155,0.45714285714285713,0.3076923076923077,0.8888888888888888,0.3793103448275862,8,18,11,1,4
xgboost_raw_t0_delta,t0_delta,xgboost,raw,tuned_f1,,,0.275,0.7368421052631579,0.7509578544061303,0.7011494252873562,0.37550505050505045,0.5833333333333334,0.4666666666666667,0.7777777777777778,0.7241379310344828,7,8,21,2,5
xgboost_raw_t0_delta,t0_delta,xgboost,raw,tuned_f1,,,0.4,0.868421052631579,0.7333333333333334,0.7875,0.6737685560053981,0.6153846153846154,0.8,0.5,0.9666666666666667,4,1,29,4,6
xgboost_raw_t0_delta,t0_delta,xgboost,raw,tuned_f1,,,0.25,0.7105263157894737,0.7708333333333333,0.8291666666666667,0.5826213818860877,0.56,0.4117647058823529,0.875,0.6666666666666666,7,10,20,1,7
xgboost_raw_t0_delta,t0_delta,xgboost,raw,tuned_f1,,,0.3,0.7368421052631579,0.7126436781609196,0.6704980842911877,0.36620924153818896,0.5454545454545454,0.46153846153846156,0.6666666666666666,0.7586206896551724,6,7,22,3,8
xgboost_raw_t0_delta,t0_delta,xgboost,raw,tuned_f1,,,0.25,0.6578947368421053,0.7375478927203065,0.6973180076628352,0.41284884324100013,0.5517241379310345,0.4,0.8888888888888888,0.5862068965517241,8,12,17,1,9
xgboost_raw_t0_delta,t0_delta,xgboost,raw,tuned_f1,,,0.075,0.2894736842105263,0.4961685823754789,0.42911877394636017,0.32459939832572804,0.37209302325581395,0.23529411764705882,0.8888888888888888,0.10344827586206896,8,26,3,1,10
xgboost_raw_t0_delta,t0_delta,xgboost,raw,tuned_f1,,,0.275,0.7631578947368421,0.7125,0.6583333333333332,0.41626676986584105,0.5263157894736842,0.45454545454545453,0.625,0.8,5,6,24,3,11
xgboost_raw_t0_delta,t0_delta,xgboost,raw,tuned_f1,,,0.3,0.7368421052631579,0.7875,0.8416666666666667,0.7157986111111111,0.5833333333333334,0.4375,0.875,0.7,7,9,21,1,12
xgboost_raw_t0_delta,t0_delta,xgboost,raw,tuned_f1,,,0.275,0.8157894736842105,0.764367816091954,0.7931034482758621,0.6027336860670194,0.631578947368421,0.6,0.6666666666666666,0.8620689655172413,6,4,25,3,13
xgboost_raw_t0_delta,t0_delta,xgboost,raw,tuned_f1,,,0.25,0.8157894736842105,0.8409961685823755,0.8812260536398467,0.5853581603581604,0.6956521739130435,0.5714285714285714,0.8888888888888888,0.7931034482758621,8,6,23,1,14
xgboost_raw_t0_delta,t0_delta,xgboost,raw,tuned_f1,,,0.175,0.4473684210526316,0.6379310344827587,0.6743295019157087,0.5053874466917945,0.46153846153846156,0.3,1.0,0.27586206896551724,9,21,8,0,15
xgboost_raw_t0_t1_delta,t0_t1_delta,xgboost,raw,default_0.5,,,0.5,0.7368421052631579,0.5125,0.775,0.42342252654752655,0.16666666666666666,0.25,0.125,0.9,1,3,27,7,1
xgboost_raw_t0_t1_delta,t0_t1_delta,xgboost,raw,default_0.5,,,0.5,0.7631578947368421,0.5291666666666667,0.8166666666666667,0.5738613816738817,0.18181818181818182,0.3333333333333333,0.125,0.9333333333333333,1,2,28,7,2
xgboost_raw_t0_t1_delta,t0_t1_delta,xgboost,raw,default_0.5,,,0.5,0.8421052631578947,0.7049808429118773,0.9042145593869733,0.7907407407407407,0.5714285714285714,0.8,0.4444444444444444,0.9655172413793104,4,1,28,5,3
xgboost_raw_t0_t1_delta,t0_t1_delta,xgboost,raw,default_0.5,,,0.5,0.7894736842105263,0.5555555555555556,0.8237547892720307,0.6044566544566544,0.2,1.0,0.1111111111111111,1.0,1,0,29,8,4
xgboost_raw_t0_t1_delta,t0_t1_delta,xgboost,raw,default_0.5,,,0.5,0.7368421052631579,0.4827586206896552,0.6475095785440612,0.42842813487974785,0.0,0.0,0.0,0.9655172413793104,0,1,28,9,5
xgboost_raw_t0_t1_delta,t0_t1_delta,xgboost,raw,default_0.5,,,0.5,0.868421052631579,0.6875,0.8916666666666666,0.7838541666666667,0.5454545454545454,1.0,0.375,1.0,3,0,30,5,6
xgboost_raw_t0_t1_delta,t0_t1_delta,xgboost,raw,default_0.5,,,0.5,0.8421052631578947,0.6708333333333334,0.7958333333333334,0.5436513241660301,0.5,0.75,0.375,0.9666666666666667,3,1,29,5,7
xgboost_raw_t0_t1_delta,t0_t1_delta,xgboost,raw,default_0.5,,,0.5,0.7105263157894737,0.46551724137931033,0.6628352490421456,0.3397806823835745,0.0,0.0,0.0,0.9310344827586207,0,2,27,9,8
xgboost_raw_t0_t1_delta,t0_t1_delta,xgboost,raw,default_0.5,,,0.5,0.7631578947368421,0.5383141762452107,0.6513409961685823,0.3740218562799208,0.18181818181818182,0.5,0.1111111111111111,0.9655172413793104,1,1,28,8,9
xgboost_raw_t0_t1_delta,t0_t1_delta,xgboost,raw,default_0.5,,,0.5,0.7105263157894737,0.5038314176245211,0.5172413793103448,0.357127570285465,0.15384615384615385,0.25,0.1111111111111111,0.896551724137931,1,3,26,8,10
xgboost_raw_t0_t1_delta,t0_t1_delta,xgboost,raw,default_0.5,,,0.5,0.7631578947368421,0.48333333333333334,0.5625,0.2648845124174071,0.0,0.0,0.0,0.9666666666666667,0,1,29,8,11
xgboost_raw_t0_t1_delta,t0_t1_delta,xgboost,raw,default_0.5,,,0.5,0.8157894736842105,0.5625,0.8125,0.6125434324447482,0.2222222222222222,1.0,0.125,1.0,1,0,30,7,12
xgboost_raw_t0_t1_delta,t0_t1_delta,xgboost,raw,default_0.5,,,0.5,0.7368421052631579,0.5210727969348659,0.7969348659003832,0.5322438908223222,0.16666666666666666,0.3333333333333333,0.1111111111111111,0.9310344827586207,1,2,27,8,13
xgboost_raw_t0_t1_delta,t0_t1_delta,xgboost,raw,default_0.5,,,0.5,0.8157894736842105,0.6111111111111112,0.7432950191570882,0.5531486668741571,0.36363636363636365,1.0,0.2222222222222222,1.0,2,0,29,7,14
xgboost_raw_t0_t1_delta,t0_t1_delta,xgboost,raw,default_0.5,,,0.5,0.7631578947368421,0.5766283524904214,0.8045977011494253,0.5977495271612918,0.3076923076923077,0.5,0.2222222222222222,0.9310344827586207,2,2,27,7,15
xgboost_raw_t0_t1_delta,t0_t1_delta,xgboost,raw,tuned_f1,,,0.25,0.7631578947368421,0.8041666666666667,0.775,0.42342252654752655,0.6086956521739131,0.4666666666666667,0.875,0.7333333333333333,7,8,22,1,1
xgboost_raw_t0_t1_delta,t0_t1_delta,xgboost,raw,tuned_f1,,,0.35,0.8157894736842105,0.7916666666666667,0.8166666666666667,0.5738613816738817,0.631578947368421,0.5454545454545454,0.75,0.8333333333333334,6,5,25,2,2
xgboost_raw_t0_t1_delta,t0_t1_delta,xgboost,raw,tuned_f1,,,0.4,0.8421052631578947,0.7816091954022988,0.9042145593869733,0.7907407407407407,0.6666666666666666,0.6666666666666666,0.6666666666666666,0.896551724137931,6,3,26,3,3
xgboost_raw_t0_t1_delta,t0_t1_delta,xgboost,raw,tuned_f1,,,0.225,0.7631578947368421,0.8065134099616857,0.8237547892720307,0.6044566544566544,0.64,0.5,0.8888888888888888,0.7241379310344828,8,8,21,1,4
xgboost_raw_t0_t1_delta,t0_t1_delta,xgboost,raw,tuned_f1,,,0.35,0.7894736842105263,0.6704980842911877,0.6475095785440612,0.42842813487974785,0.5,0.5714285714285714,0.4444444444444444,0.896551724137931,4,3,26,5,5
xgboost_raw_t0_t1_delta,t0_t1_delta,xgboost,raw,tuned_f1,,,0.4,0.8947368421052632,0.75,0.8916666666666666,0.7838541666666667,0.6666666666666666,1.0,0.5,1.0,4,0,30,4,6
xgboost_raw_t0_t1_delta,t0_t1_delta,xgboost,raw,tuned_f1,,,0.2,0.7105263157894737,0.7708333333333333,0.7958333333333334,0.5436513241660301,0.56,0.4117647058823529,0.875,0.6666666666666666,7,10,20,1,7
xgboost_raw_t0_t1_delta,t0_t1_delta,xgboost,raw,tuned_f1,,,0.275,0.7368421052631579,0.7126436781609196,0.6628352490421456,0.3397806823835745,0.5454545454545454,0.46153846153846156,0.6666666666666666,0.7586206896551724,6,7,22,3,8
xgboost_raw_t0_t1_delta,t0_t1_delta,xgboost,raw,tuned_f1,,,0.25,0.7105263157894737,0.657088122605364,0.6513409961685823,0.3740218562799208,0.47619047619047616,0.4166666666666667,0.5555555555555556,0.7586206896551724,5,7,22,4,9
xgboost_raw_t0_t1_delta,t0_t1_delta,xgboost,raw,tuned_f1,,,0.275,0.6578947368421053,0.6226053639846744,0.5172413793103448,0.357127570285465,0.43478260869565216,0.35714285714285715,0.5555555555555556,0.6896551724137931,5,9,20,4,10
xgboost_raw_t0_t1_delta,t0_t1_delta,xgboost,raw,tuned_f1,,,0.175,0.6052631578947368,0.6583333333333333,0.5625,0.2648845124174071,0.4444444444444444,0.3157894736842105,0.75,0.5666666666666667,6,13,17,2,11
xgboost_raw_t0_t1_delta,t0_t1_delta,xgboost,raw,tuned_f1,,,0.3,0.7631578947368421,0.7125,0.8125,0.6125434324447482,0.5263157894736842,0.45454545454545453,0.625,0.8,5,6,24,3,12
xgboost_raw_t0_t1_delta,t0_t1_delta,xgboost,raw,tuned_f1,,,0.225,0.7368421052631579,0.789272030651341,0.7969348659003832,0.5322438908223222,0.6153846153846154,0.47058823529411764,0.8888888888888888,0.6896551724137931,8,9,20,1,13
xgboost_raw_t0_t1_delta,t0_t1_delta,xgboost,raw,tuned_f1,,,0.35,0.7631578947368421,0.6915708812260537,0.7432950191570882,0.5531486668741571,0.5263157894736842,0.5,0.5555555555555556,0.8275862068965517,5,5,24,4,14
xgboost_raw_t0_t1_delta,t0_t1_delta,xgboost,raw,tuned_f1,,,0.4,0.8421052631578947,0.7432950191570882,0.8045977011494253,0.5977495271612918,0.625,0.7142857142857143,0.5555555555555556,0.9310344827586207,5,2,27,4,15
xgboost_select50_t0_only,t0_only,xgboost,selectk,default_0.5,50,,0.5,0.7368421052631579,0.5125,0.6833333333333332,0.3766736041736042,0.16666666666666666,0.25,0.125,0.9,1,3,27,7,1
xgboost_select50_t0_only,t0_only,xgboost,selectk,default_0.5,50,,0.5,0.8157894736842105,0.7,0.7875,0.5376488095238096,0.5333333333333333,0.5714285714285714,0.5,0.9,4,3,27,4,2
xgboost_select50_t0_only,t0_only,xgboost,selectk,default_0.5,50,,0.5,0.8157894736842105,0.6877394636015326,0.7586206896551724,0.5782913165266106,0.5333333333333333,0.6666666666666666,0.4444444444444444,0.9310344827586207,4,2,27,5,3
xgboost_select50_t0_only,t0_only,xgboost,selectk,default_0.5,50,,0.5,0.7631578947368421,0.5383141762452107,0.793103448275862,0.4628072544739211,0.18181818181818182,0.5,0.1111111111111111,0.9655172413793104,1,1,28,8,4
xgboost_select50_t0_only,t0_only,xgboost,selectk,default_0.5,50,,0.5,0.8157894736842105,0.6877394636015326,0.8735632183908046,0.7293817293817295,0.5333333333333333,0.6666666666666666,0.4444444444444444,0.9310344827586207,4,2,27,5,5
xgboost_select50_t0_only,t0_only,xgboost,selectk,default_0.5,50,,0.5,0.6842105263157895,0.525,0.7583333333333333,0.525681956931957,0.25,0.25,0.25,0.8,2,6,24,6,6
xgboost_select50_t0_only,t0_only,xgboost,selectk,default_0.5,50,,0.5,0.7631578947368421,0.575,0.7,0.3505024273577497,0.3076923076923077,0.4,0.25,0.9,2,3,27,6,7
xgboost_select50_t0_only,t0_only,xgboost,selectk,default_0.5,50,,0.5,0.6842105263157895,0.4482758620689655,0.5593869731800766,0.2635505987807778,0.0,0.0,0.0,0.896551724137931,0,3,26,9,8
xgboost_select50_t0_only,t0_only,xgboost,selectk,default_0.5,50,,0.5,0.7631578947368421,0.5766283524904214,0.7969348659003831,0.5337040649218152,0.3076923076923077,0.5,0.2222222222222222,0.9310344827586207,2,2,27,7,9
xgboost_select50_t0_only,t0_only,xgboost,selectk,default_0.5,50,,0.5,0.7105263157894737,0.5421455938697317,0.45977011494252873,0.39999563608434574,0.26666666666666666,0.3333333333333333,0.2222222222222222,0.8620689655172413,2,4,25,7,10
xgboost_select50_t0_only,t0_only,xgboost,selectk,default_0.5,50,,0.5,0.7368421052631579,0.6041666666666667,0.6791666666666667,0.36195003284176624,0.375,0.375,0.375,0.8333333333333334,3,5,25,5,11
xgboost_select50_t0_only,t0_only,xgboost,selectk,default_0.5,50,,0.5,0.7368421052631579,0.5583333333333333,0.7250000000000001,0.4642055860805861,0.2857142857142857,0.3333333333333333,0.25,0.8666666666666667,2,4,26,6,12
xgboost_select50_t0_only,t0_only,xgboost,selectk,default_0.5,50,,0.5,0.8157894736842105,0.6494252873563219,0.7624521072796934,0.6807348850827113,0.46153846153846156,0.75,0.3333333333333333,0.9655172413793104,3,1,28,6,13
xgboost_select50_t0_only,t0_only,xgboost,selectk,default_0.5,50,,0.5,0.7631578947368421,0.5766283524904214,0.7279693486590038,0.42810840922520377,0.3076923076923077,0.5,0.2222222222222222,0.9310344827586207,2,2,27,7,14
xgboost_select50_t0_only,t0_only,xgboost,selectk,default_0.5,50,,0.5,0.631578947368421,0.4904214559386973,0.5823754789272031,0.3747435330118277,0.2222222222222222,0.2222222222222222,0.2222222222222222,0.7586206896551724,2,7,22,7,15
xgboost_select50_t0_only,t0_only,xgboost,selectk,tuned_f1,50,,0.3,0.631578947368421,0.675,0.6833333333333332,0.3766736041736042,0.46153846153846156,0.3333333333333333,0.75,0.6,6,12,18,2,1
xgboost_select50_t0_only,t0_only,xgboost,selectk,tuned_f1,50,,0.3,0.6578947368421053,0.7833333333333333,0.7875,0.5376488095238096,0.5517241379310345,0.38095238095238093,1.0,0.5666666666666667,8,13,17,0,2
xgboost_select50_t0_only,t0_only,xgboost,selectk,tuned_f1,50,,0.225,0.6842105263157895,0.7164750957854407,0.7586206896551724,0.5782913165266106,0.5384615384615384,0.4117647058823529,0.7777777777777778,0.6551724137931034,7,10,19,2,3
xgboost_select50_t0_only,t0_only,xgboost,selectk,tuned_f1,50,,0.35,0.7368421052631579,0.7509578544061303,0.793103448275862,0.4628072544739211,0.5833333333333334,0.4666666666666667,0.7777777777777778,0.7241379310344828,7,8,21,2,4
xgboost_select50_t0_only,t0_only,xgboost,selectk,tuned_f1,50,,0.25,0.8157894736842105,0.8409961685823755,0.8735632183908046,0.7293817293817295,0.6956521739130435,0.5714285714285714,0.8888888888888888,0.7931034482758621,8,6,23,1,5
xgboost_select50_t0_only,t0_only,xgboost,selectk,tuned_f1,50,,0.275,0.631578947368421,0.7208333333333333,0.7583333333333333,0.525681956931957,0.5,0.35,0.875,0.5666666666666667,7,13,17,1,6
xgboost_select50_t0_only,t0_only,xgboost,selectk,tuned_f1,50,,0.3,0.6578947368421053,0.6916666666666667,0.7,0.3505024273577497,0.48,0.35294117647058826,0.75,0.6333333333333333,6,11,19,2,7
xgboost_select50_t0_only,t0_only,xgboost,selectk,tuned_f1,50,,0.15,0.5789473684210527,0.685823754789272,0.5593869731800766,0.2635505987807778,0.5,0.34782608695652173,0.8888888888888888,0.4827586206896552,8,15,14,1,8
xgboost_select50_t0_only,t0_only,xgboost,selectk,tuned_f1,50,,0.25,0.7105263157894737,0.8103448275862069,0.7969348659003831,0.5337040649218152,0.6206896551724138,0.45,1.0,0.6206896551724138,9,11,18,0,9
xgboost_select50_t0_only,t0_only,xgboost,selectk,tuned_f1,50,,0.05,0.2894736842105263,0.4961685823754789,0.45977011494252873,0.39999563608434574,0.37209302325581395,0.23529411764705882,0.8888888888888888,0.10344827586206896,8,26,3,1,10
xgboost_select50_t0_only,t0_only,xgboost,selectk,tuned_f1,50,,0.225,0.631578947368421,0.6291666666666667,0.6791666666666667,0.36195003284176624,0.4166666666666667,0.3125,0.625,0.6333333333333333,5,11,19,3,11
xgboost_select50_t0_only,t0_only,xgboost,selectk,tuned_f1,50,,0.4,0.7894736842105263,0.7291666666666667,0.7250000000000001,0.4642055860805861,0.5555555555555556,0.5,0.625,0.8333333333333334,5,5,25,3,12
xgboost_select50_t0_only,t0_only,xgboost,selectk,tuned_f1,50,,0.35,0.7894736842105263,0.7471264367816092,0.7624521072796934,0.6807348850827113,0.6,0.5454545454545454,0.6666666666666666,0.8275862068965517,6,5,24,3,13
xgboost_select50_t0_only,t0_only,xgboost,selectk,tuned_f1,50,,0.175,0.631578947368421,0.7203065134099617,0.7279693486590038,0.42810840922520377,0.5333333333333333,0.38095238095238093,0.8888888888888888,0.5517241379310345,8,13,16,1,14
xgboost_select50_t0_only,t0_only,xgboost,selectk,tuned_f1,50,,0.125,0.39473684210526316,0.603448275862069,0.5823754789272031,0.3747435330118277,0.43902439024390244,0.28125,1.0,0.20689655172413793,9,23,6,0,15
xgboost_select100_t0_only,t0_only,xgboost,selectk,default_0.5,100,,0.5,0.7368421052631579,0.4666666666666667,0.6666666666666667,0.32095462009255116,0.0,0.0,0.0,0.9333333333333333,0,2,28,8,1
xgboost_select100_t0_only,t0_only,xgboost,selectk,default_0.5,100,,0.5,0.8157894736842105,0.6541666666666667,0.8583333333333334,0.6995535714285714,0.46153846153846156,0.6,0.375,0.9333333333333333,3,2,28,5,2
xgboost_select100_t0_only,t0_only,xgboost,selectk,default_0.5,100,,0.5,0.8157894736842105,0.6494252873563219,0.8735632183908045,0.7322631072631074,0.46153846153846156,0.75,0.3333333333333333,0.9655172413793104,3,1,28,6,3
xgboost_select100_t0_only,t0_only,xgboost,selectk,default_0.5,100,,0.5,0.7894736842105263,0.5555555555555556,0.7854406130268199,0.5079194498312145,0.2,1.0,0.1111111111111111,1.0,1,0,29,8,4
xgboost_select100_t0_only,t0_only,xgboost,selectk,default_0.5,100,,0.5,0.8421052631578947,0.7049808429118773,0.8812260536398467,0.7671717171717172,0.5714285714285714,0.8,0.4444444444444444,0.9655172413793104,4,1,28,5,5
xgboost_select100_t0_only,t0_only,xgboost,selectk,default_0.5,100,,0.5,0.7894736842105263,0.6375,0.7583333333333333,0.5560332314744079,0.42857142857142855,0.5,0.375,0.9,3,3,27,5,6
xgboost_select100_t0_only,t0_only,xgboost,selectk,default_0.5,100,,0.5,0.7631578947368421,0.5291666666666667,0.7583333333333333,0.4020213120213121,0.18181818181818182,0.3333333333333333,0.125,0.9333333333333333,1,2,28,7,7
xgboost_select100_t0_only,t0_only,xgboost,selectk,default_0.5,100,,0.5,0.6578947368421053,0.43103448275862066,0.6666666666666666,0.3377115141181637,0.0,0.0,0.0,0.8620689655172413,0,4,25,9,8
xgboost_select100_t0_only,t0_only,xgboost,selectk,default_0.5,100,,0.5,0.7368421052631579,0.5593869731800767,0.7624521072796936,0.501900423469051,0.2857142857142857,0.4,0.2222222222222222,0.896551724137931,2,3,26,7,9
xgboost_select100_t0_only,t0_only,xgboost,selectk,default_0.5,100,,0.5,0.7105263157894737,0.5421455938697317,0.47892720306513403,0.41387075922180283,0.26666666666666666,0.3333333333333333,0.2222222222222222,0.8620689655172413,2,4,25,7,10
xgboost_select100_t0_only,t0_only,xgboost,selectk,default_0.5,100,,0.5,0.7894736842105263,0.5916666666666667,0.7791666666666667,0.43021214896214893,0.3333333333333333,0.5,0.25,0.9333333333333333,2,2,28,6,11
xgboost_select100_t0_only,t0_only,xgboost,selectk,default_0.5,100,,0.5,0.8421052631578947,0.6708333333333334,0.6916666666666667,0.5610774029891676,0.5,0.75,0.375,0.9666666666666667,3,1,29,5,12
xgboost_select100_t0_only,t0_only,xgboost,selectk,default_0.5,100,,0.5,0.8157894736842105,0.6111111111111112,0.735632183908046,0.5576312576312576,0.36363636363636365,1.0,0.2222222222222222,1.0,2,0,29,7,13
xgboost_select100_t0_only,t0_only,xgboost,selectk,default_0.5,100,,0.5,0.7894736842105263,0.5555555555555556,0.7739463601532567,0.6331915647705122,0.2,1.0,0.1111111111111111,1.0,1,0,29,8,14
xgboost_select100_t0_only,t0_only,xgboost,selectk,default_0.5,100,,0.5,0.7105263157894737,0.5421455938697317,0.6168582375478927,0.35844990408884936,0.26666666666666666,0.3333333333333333,0.2222222222222222,0.8620689655172413,2,4,25,7,15
xgboost_select100_t0_only,t0_only,xgboost,selectk,tuned_f1,100,,0.3,0.7105263157894737,0.6791666666666667,0.6666666666666667,0.32095462009255116,0.47619047619047616,0.38461538461538464,0.625,0.7333333333333333,5,8,22,3,1
xgboost_select100_t0_only,t0_only,xgboost,selectk,tuned_f1,100,,0.35,0.7894736842105263,0.775,0.8583333333333334,0.6995535714285714,0.6,0.5,0.75,0.8,6,6,24,2,2
xgboost_select100_t0_only,t0_only,xgboost,selectk,tuned_f1,100,,0.25,0.8947368421052632,0.89272030651341,0.8735632183908045,0.7322631072631074,0.8,0.7272727272727273,0.8888888888888888,0.896551724137931,8,3,26,1,3
xgboost_select100_t0_only,t0_only,xgboost,selectk,tuned_f1,100,,0.275,0.7368421052631579,0.789272030651341,0.7854406130268199,0.5079194498312145,0.6153846153846154,0.47058823529411764,0.8888888888888888,0.6896551724137931,8,9,20,1,4
xgboost_select100_t0_only,t0_only,xgboost,selectk,tuned_f1,100,,0.25,0.7894736842105263,0.8237547892720306,0.8812260536398467,0.7671717171717172,0.6666666666666666,0.5333333333333333,0.8888888888888888,0.7586206896551724,8,7,22,1,5
xgboost_select100_t0_only,t0_only,xgboost,selectk,tuned_f1,100,,0.4,0.7894736842105263,0.6833333333333333,0.7583333333333333,0.5560332314744079,0.5,0.5,0.5,0.8666666666666667,4,4,26,4,6
xgboost_select100_t0_only,t0_only,xgboost,selectk,tuned_f1,100,,0.35,0.7368421052631579,0.6958333333333333,0.7583333333333333,0.4020213120213121,0.5,0.4166666666666667,0.625,0.7666666666666667,5,7,23,3,7
xgboost_select100_t0_only,t0_only,xgboost,selectk,tuned_f1,100,,0.2,0.5789473684210527,0.685823754789272,0.6666666666666666,0.3377115141181637,0.5,0.34782608695652173,0.8888888888888888,0.4827586206896552,8,15,14,1,8
xgboost_select100_t0_only,t0_only,xgboost,selectk,tuned_f1,100,,0.225,0.6578947368421053,0.7375478927203065,0.7624521072796936,0.501900423469051,0.5517241379310345,0.4,0.8888888888888888,0.5862068965517241,8,12,17,1,9
xgboost_select100_t0_only,t0_only,xgboost,selectk,tuned_f1,100,,0.05,0.2894736842105263,0.4961685823754789,0.47892720306513403,0.41387075922180283,0.37209302325581395,0.23529411764705882,0.8888888888888888,0.10344827586206896,8,26,3,1,10
xgboost_select100_t0_only,t0_only,xgboost,selectk,tuned_f1,100,,0.3,0.7894736842105263,0.8208333333333333,0.7791666666666667,0.43021214896214893,0.6363636363636364,0.5,0.875,0.7666666666666667,7,7,23,1,11
xgboost_select100_t0_only,t0_only,xgboost,selectk,tuned_f1,100,,0.5,0.8421052631578947,0.6708333333333334,0.6916666666666667,0.5610774029891676,0.5,0.75,0.375,0.9666666666666667,3,1,29,5,12
xgboost_select100_t0_only,t0_only,xgboost,selectk,tuned_f1,100,,0.225,0.6842105263157895,0.7164750957854407,0.735632183908046,0.5576312576312576,0.5384615384615384,0.4117647058823529,0.7777777777777778,0.6551724137931034,7,10,19,2,13
xgboost_select100_t0_only,t0_only,xgboost,selectk,tuned_f1,100,,0.2,0.6052631578947368,0.7413793103448276,0.7739463601532567,0.6331915647705122,0.5454545454545454,0.375,1.0,0.4827586206896552,9,15,14,0,14
xgboost_select100_t0_only,t0_only,xgboost,selectk,tuned_f1,100,,0.35,0.6842105263157895,0.6398467432950192,0.6168582375478927,0.35844990408884936,0.45454545454545453,0.38461538461538464,0.5555555555555556,0.7241379310344828,5,8,21,4,15
xgboost_select200_t0_only,t0_only,xgboost,selectk,default_0.5,200,,0.5,0.7894736842105263,0.5458333333333334,0.7791666666666667,0.45914786967418547,0.2,0.5,0.125,0.9666666666666667,1,1,29,7,1
xgboost_select200_t0_only,t0_only,xgboost,selectk,default_0.5,200,,0.5,0.7894736842105263,0.6375,0.8208333333333333,0.5511442060355104,0.42857142857142855,0.5,0.375,0.9,3,3,27,5,2
xgboost_select200_t0_only,t0_only,xgboost,selectk,default_0.5,200,,0.5,0.8157894736842105,0.6111111111111112,0.8275862068965517,0.7000721500721501,0.36363636363636365,1.0,0.2222222222222222,1.0,2,0,29,7,3
xgboost_select200_t0_only,t0_only,xgboost,selectk,default_0.5,200,,0.5,0.7631578947368421,0.5383141762452107,0.7662835249042146,0.5169527055904765,0.18181818181818182,0.5,0.1111111111111111,0.9655172413793104,1,1,28,8,4
xgboost_select200_t0_only,t0_only,xgboost,selectk,default_0.5,200,,0.5,0.8421052631578947,0.7049808429118773,0.842911877394636,0.7381353214686548,0.5714285714285714,0.8,0.4444444444444444,0.9655172413793104,4,1,28,5,5
xgboost_select200_t0_only,t0_only,xgboost,selectk,default_0.5,200,,0.5,0.7631578947368421,0.575,0.7041666666666667,0.5138083293518076,0.3076923076923077,0.4,0.25,0.9,2,3,27,6,6
xgboost_select200_t0_only,t0_only,xgboost,selectk,default_0.5,200,,0.5,0.7368421052631579,0.4666666666666667,0.7666666666666666,0.4089715431627196,0.0,0.0,0.0,0.9333333333333333,0,2,28,8,7
xgboost_select200_t0_only,t0_only,xgboost,selectk,default_0.5,200,,0.5,0.7105263157894737,0.46551724137931033,0.7011494252873564,0.33851869473644497,0.0,0.0,0.0,0.9310344827586207,0,2,27,9,8
xgboost_select200_t0_only,t0_only,xgboost,selectk,default_0.5,200,,0.5,0.7894736842105263,0.5938697318007663,0.7509578544061303,0.49589331234068074,0.3333333333333333,0.6666666666666666,0.2222222222222222,0.9655172413793104,2,1,28,7,9
xgboost_select200_t0_only,t0_only,xgboost,selectk,default_0.5,200,,0.5,0.7894736842105263,0.5938697318007663,0.5363984674329502,0.4368377265436089,0.3333333333333333,0.6666666666666666,0.2222222222222222,0.9655172413793104,2,1,28,7,10
xgboost_select200_t0_only,t0_only,xgboost,selectk,default_0.5,200,,0.5,0.8157894736842105,0.5625,0.8,0.5689814814814814,0.2222222222222222,1.0,0.125,1.0,1,0,30,7,11
xgboost_select200_t0_only,t0_only,xgboost,selectk,default_0.5,200,,0.5,0.8157894736842105,0.6541666666666667,0.7166666666666667,0.4820332080200501,0.46153846153846156,0.6,0.375,0.9333333333333333,3,2,28,5,12
xgboost_select200_t0_only,t0_only,xgboost,selectk,default_0.5,200,,0.5,0.7894736842105263,0.5555555555555556,0.7969348659003831,0.5375990295107942,0.2,1.0,0.1111111111111111,1.0,1,0,29,8,13
xgboost_select200_t0_only,t0_only,xgboost,selectk,default_0.5,200,,0.5,0.7894736842105263,0.5555555555555556,0.8390804597701149,0.6241944296768858,0.2,1.0,0.1111111111111111,1.0,1,0,29,8,14
xgboost_select200_t0_only,t0_only,xgboost,selectk,default_0.5,200,,0.5,0.7368421052631579,0.5593869731800767,0.6743295019157088,0.47950300728078504,0.2857142857142857,0.4,0.2222222222222222,0.896551724137931,2,3,26,7,15
xgboost_select200_t0_only,t0_only,xgboost,selectk,tuned_f1,200,,0.225,0.631578947368421,0.7666666666666666,0.7791666666666667,0.45914786967418547,0.5333333333333333,0.36363636363636365,1.0,0.5333333333333333,8,14,16,0,1
xgboost_select200_t0_only,t0_only,xgboost,selectk,tuned_f1,200,,0.4,0.8157894736842105,0.7458333333333333,0.8208333333333333,0.5511442060355104,0.5882352941176471,0.5555555555555556,0.625,0.8666666666666667,5,4,26,3,2
xgboost_select200_t0_only,t0_only,xgboost,selectk,tuned_f1,200,,0.275,0.8421052631578947,0.8199233716475096,0.8275862068965517,0.7000721500721501,0.7,0.6363636363636364,0.7777777777777778,0.8620689655172413,7,4,25,2,3
xgboost_select200_t0_only,t0_only,xgboost,selectk,tuned_f1,200,,0.4,0.8421052631578947,0.7049808429118773,0.7662835249042146,0.5169527055904765,0.5714285714285714,0.8,0.4444444444444444,0.9655172413793104,4,1,28,5,4
xgboost_select200_t0_only,t0_only,xgboost,selectk,tuned_f1,200,,0.35,0.8421052631578947,0.7816091954022988,0.842911877394636,0.7381353214686548,0.6666666666666666,0.6666666666666666,0.6666666666666666,0.896551724137931,6,3,26,3,5
xgboost_select200_t0_only,t0_only,xgboost,selectk,tuned_f1,200,,0.4,0.7631578947368421,0.6666666666666667,0.7041666666666667,0.5138083293518076,0.47058823529411764,0.4444444444444444,0.5,0.8333333333333334,4,5,25,4,6
xgboost_select200_t0_only,t0_only,xgboost,selectk,tuned_f1,200,,0.25,0.6578947368421053,0.7833333333333333,0.7666666666666666,0.4089715431627196,0.5517241379310345,0.38095238095238093,1.0,0.5666666666666667,8,13,17,0,7
xgboost_select200_t0_only,t0_only,xgboost,selectk,tuned_f1,200,,0.225,0.7368421052631579,0.8275862068965517,0.7011494252873564,0.33851869473644497,0.6428571428571429,0.47368421052631576,1.0,0.6551724137931034,9,10,19,0,8
xgboost_select200_t0_only,t0_only,xgboost,selectk,tuned_f1,200,,0.225,0.6842105263157895,0.7547892720306513,0.7509578544061303,0.49589331234068074,0.5714285714285714,0.42105263157894735,0.8888888888888888,0.6206896551724138,8,11,18,1,9
xgboost_select200_t0_only,t0_only,xgboost,selectk,tuned_f1,200,,0.05,0.2894736842105263,0.5344827586206896,0.5363984674329502,0.4368377265436089,0.4,0.25,1.0,0.06896551724137931,9,27,2,0,10
xgboost_select200_t0_only,t0_only,xgboost,selectk,tuned_f1,200,,0.35,0.8157894736842105,0.7916666666666667,0.8,0.5689814814814814,0.631578947368421,0.5454545454545454,0.75,0.8333333333333334,6,5,25,2,11
xgboost_select200_t0_only,t0_only,xgboost,selectk,tuned_f1,200,,0.4,0.7631578947368421,0.6666666666666667,0.7166666666666667,0.4820332080200501,0.47058823529411764,0.4444444444444444,0.5,0.8333333333333334,4,5,25,4,12
xgboost_select200_t0_only,t0_only,xgboost,selectk,tuned_f1,200,,0.225,0.7105263157894737,0.7720306513409961,0.7969348659003831,0.5375990295107942,0.5925925925925926,0.4444444444444444,0.8888888888888888,0.6551724137931034,8,10,19,1,13
xgboost_select200_t0_only,t0_only,xgboost,selectk,tuned_f1,200,,0.225,0.7105263157894737,0.7720306513409961,0.8390804597701149,0.6241944296768858,0.5925925925925926,0.4444444444444444,0.8888888888888888,0.6551724137931034,8,10,19,1,14
xgboost_select200_t0_only,t0_only,xgboost,selectk,tuned_f1,200,,0.45,0.7894736842105263,0.6704980842911877,0.6743295019157088,0.47950300728078504,0.5,0.5714285714285714,0.4444444444444444,0.896551724137931,4,3,26,5,15
xgboost_select500_t0_only,t0_only,xgboost,selectk,default_0.5,500,,0.5,0.7631578947368421,0.5291666666666667,0.8083333333333333,0.4252544421952317,0.18181818181818182,0.3333333333333333,0.125,0.9333333333333333,1,2,28,7,1
xgboost_select500_t0_only,t0_only,xgboost,selectk,default_0.5,500,,0.5,0.7368421052631579,0.4666666666666667,0.7583333333333333,0.4000959079283888,0.0,0.0,0.0,0.9333333333333333,0,2,28,8,2
xgboost_select500_t0_only,t0_only,xgboost,selectk,default_0.5,500,,0.5,0.8421052631578947,0.6666666666666666,0.8773946360153256,0.7925964266543977,0.5,1.0,0.3333333333333333,1.0,3,0,29,6,3
xgboost_select500_t0_only,t0_only,xgboost,selectk,default_0.5,500,,0.5,0.7631578947368421,0.5383141762452107,0.8160919540229885,0.6147730437204122,0.18181818181818182,0.5,0.1111111111111111,0.9655172413793104,1,1,28,8,4
xgboost_select500_t0_only,t0_only,xgboost,selectk,default_0.5,500,,0.5,0.8421052631578947,0.7049808429118773,0.9233716475095786,0.8120250120250121,0.5714285714285714,0.8,0.4444444444444444,0.9655172413793104,4,1,28,5,5
xgboost_select500_t0_only,t0_only,xgboost,selectk,default_0.5,500,,0.5,0.8157894736842105,0.5625,0.7458333333333333,0.5257113056026099,0.2222222222222222,1.0,0.125,1.0,1,0,30,7,6
xgboost_select500_t0_only,t0_only,xgboost,selectk,default_0.5,500,,0.5,0.7368421052631579,0.4666666666666667,0.8333333333333334,0.4806818181818182,0.0,0.0,0.0,0.9333333333333333,0,2,28,8,7
xgboost_select500_t0_only,t0_only,xgboost,selectk,default_0.5,500,,0.5,0.7368421052631579,0.4827586206896552,0.6053639846743295,0.30265363721246075,0.0,0.0,0.0,0.9655172413793104,0,1,28,9,8
xgboost_select500_t0_only,t0_only,xgboost,selectk,default_0.5,500,,0.5,0.7894736842105263,0.5938697318007663,0.7547892720306513,0.44429259919456,0.3333333333333333,0.6666666666666666,0.2222222222222222,0.9655172413793104,2,1,28,7,9
xgboost_select500_t0_only,t0_only,xgboost,selectk,default_0.5,500,,0.5,0.8157894736842105,0.6111111111111112,0.5517241379310345,0.49993191118951763,0.36363636363636365,1.0,0.2222222222222222,1.0,2,0,29,7,10
xgboost_select500_t0_only,t0_only,xgboost,selectk,default_0.5,500,,0.5,0.7368421052631579,0.4666666666666667,0.825,0.4707688338493292,0.0,0.0,0.0,0.9333333333333333,0,2,28,8,11
xgboost_select500_t0_only,t0_only,xgboost,selectk,default_0.5,500,,0.5,0.8157894736842105,0.6083333333333334,0.7708333333333333,0.5236204013377925,0.36363636363636365,0.6666666666666666,0.25,0.9666666666666667,2,1,29,6,12
xgboost_select500_t0_only,t0_only,xgboost,selectk,default_0.5,500,,0.5,0.7894736842105263,0.5555555555555556,0.8352490421455938,0.6689113355780023,0.2,1.0,0.1111111111111111,1.0,1,0,29,8,13
xgboost_select500_t0_only,t0_only,xgboost,selectk,default_0.5,500,,0.5,0.7631578947368421,0.5,0.7241379310344828,0.4716269841269841,0.0,0.0,0.0,1.0,0,0,29,9,14
xgboost_select500_t0_only,t0_only,xgboost,selectk,default_0.5,500,,0.5,0.7631578947368421,0.5766283524904214,0.7126436781609196,0.4899922693091574,0.3076923076923077,0.5,0.2222222222222222,0.9310344827586207,2,2,27,7,15
xgboost_select500_t0_only,t0_only,xgboost,selectk,tuned_f1,500,,0.275,0.7631578947368421,0.8041666666666667,0.8083333333333333,0.4252544421952317,0.6086956521739131,0.4666666666666667,0.875,0.7333333333333333,7,8,22,1,1
xgboost_select500_t0_only,t0_only,xgboost,selectk,tuned_f1,500,,0.25,0.6052631578947368,0.75,0.7583333333333333,0.4000959079283888,0.5161290322580645,0.34782608695652173,1.0,0.5,8,15,15,0,2
xgboost_select500_t0_only,t0_only,xgboost,selectk,tuned_f1,500,,0.3,0.868421052631579,0.8371647509578544,0.8773946360153256,0.7925964266543977,0.7368421052631579,0.7,0.7777777777777778,0.896551724137931,7,3,26,2,3
xgboost_select500_t0_only,t0_only,xgboost,selectk,tuned_f1,500,,0.25,0.6578947368421053,0.7375478927203065,0.8160919540229885,0.6147730437204122,0.5517241379310345,0.4,0.8888888888888888,0.5862068965517241,8,12,17,1,4
xgboost_select500_t0_only,t0_only,xgboost,selectk,tuned_f1,500,,0.3,0.868421052631579,0.8754789272030651,0.9233716475095786,0.8120250120250121,0.7619047619047619,0.6666666666666666,0.8888888888888888,0.8620689655172413,8,4,25,1,5
xgboost_select500_t0_only,t0_only,xgboost,selectk,tuned_f1,500,,0.225,0.5789473684210527,0.7333333333333334,0.7458333333333333,0.5257113056026099,0.5,0.3333333333333333,1.0,0.4666666666666667,8,16,14,0,6
xgboost_select500_t0_only,t0_only,xgboost,selectk,tuned_f1,500,,0.3,0.7368421052631579,0.7416666666666667,0.8333333333333334,0.4806818181818182,0.5454545454545454,0.42857142857142855,0.75,0.7333333333333333,6,8,22,2,7
xgboost_select500_t0_only,t0_only,xgboost,selectk,tuned_f1,500,,0.225,0.631578947368421,0.6436781609195402,0.6053639846743295,0.30265363721246075,0.46153846153846156,0.35294117647058826,0.6666666666666666,0.6206896551724138,6,11,18,3,8
xgboost_select500_t0_only,t0_only,xgboost,selectk,tuned_f1,500,,0.2,0.6578947368421053,0.7375478927203065,0.7547892720306513,0.44429259919456,0.5517241379310345,0.4,0.8888888888888888,0.5862068965517241,8,12,17,1,9
xgboost_select500_t0_only,t0_only,xgboost,selectk,tuned_f1,500,,0.35,0.7894736842105263,0.6704980842911877,0.5517241379310345,0.49993191118951763,0.5,0.5714285714285714,0.4444444444444444,0.896551724137931,4,3,26,5,10
xgboost_select500_t0_only,t0_only,xgboost,selectk,tuned_f1,500,,0.2,0.7105263157894737,0.8166666666666667,0.825,0.4707688338493292,0.5925925925925926,0.42105263157894735,1.0,0.6333333333333333,8,11,19,0,11
xgboost_select500_t0_only,t0_only,xgboost,selectk,tuned_f1,500,,0.225,0.5526315789473685,0.7166666666666667,0.7708333333333333,0.5236204013377925,0.48484848484848486,0.32,1.0,0.43333333333333335,8,17,13,0,12
xgboost_select500_t0_only,t0_only,xgboost,selectk,tuned_f1,500,,0.275,0.7631578947368421,0.7681992337164751,0.8352490421455938,0.6689113355780023,0.6086956521739131,0.5,0.7777777777777778,0.7586206896551724,7,7,22,2,13
xgboost_select500_t0_only,t0_only,xgboost,selectk,tuned_f1,500,,0.275,0.7105263157894737,0.7337164750957854,0.7241379310344828,0.4716269841269841,0.56,0.4375,0.7777777777777778,0.6896551724137931,7,9,20,2,14
xgboost_select500_t0_only,t0_only,xgboost,selectk,tuned_f1,500,,0.45,0.8421052631578947,0.7432950191570882,0.7126436781609196,0.4899922693091574,0.625,0.7142857142857143,0.5555555555555556,0.9310344827586207,5,2,27,4,15
xgboost_select50_t1_only,t1_only,xgboost,selectk,default_0.5,50,,0.5,0.7368421052631579,0.5583333333333333,0.6833333333333333,0.42094462466650495,0.2857142857142857,0.3333333333333333,0.25,0.8666666666666667,2,4,26,6,1
xgboost_select50_t1_only,t1_only,xgboost,selectk,default_0.5,50,,0.5,0.7631578947368421,0.7583333333333333,0.8583333333333333,0.690257841573631,0.5714285714285714,0.46153846153846156,0.75,0.7666666666666667,6,7,23,2,2
xgboost_select50_t1_only,t1_only,xgboost,selectk,default_0.5,50,,0.5,0.8421052631578947,0.7432950191570882,0.8659003831417624,0.7723830272849881,0.625,0.7142857142857143,0.5555555555555556,0.9310344827586207,5,2,27,4,3
xgboost_select50_t1_only,t1_only,xgboost,selectk,default_0.5,50,,0.5,0.7631578947368421,0.6532567049808429,0.6934865900383141,0.5571272953625894,0.47058823529411764,0.5,0.4444444444444444,0.8620689655172413,4,4,25,5,4
xgboost_select50_t1_only,t1_only,xgboost,selectk,default_0.5,50,,0.5,0.7105263157894737,0.5421455938697317,0.6283524904214559,0.36809764309764303,0.26666666666666666,0.3333333333333333,0.2222222222222222,0.8620689655172413,2,4,25,7,5
xgboost_select50_t1_only,t1_only,xgboost,selectk,default_0.5,50,,0.5,0.8947368421052632,0.7958333333333334,0.9625,0.8477678571428572,0.7142857142857143,0.8333333333333334,0.625,0.9666666666666667,5,1,29,3,6
xgboost_select50_t1_only,t1_only,xgboost,selectk,default_0.5,50,,0.5,0.7105263157894737,0.5875,0.675,0.3648409923409923,0.35294117647058826,0.3333333333333333,0.375,0.8,3,6,24,5,7
xgboost_select50_t1_only,t1_only,xgboost,selectk,default_0.5,50,,0.5,0.6052631578947368,0.4731800766283525,0.5402298850574713,0.2597120472120472,0.21052631578947367,0.2,0.2222222222222222,0.7241379310344828,2,8,21,7,8
xgboost_select50_t1_only,t1_only,xgboost,selectk,default_0.5,50,,0.5,0.7105263157894737,0.5421455938697317,0.6628352490421455,0.4213662826706305,0.26666666666666666,0.3333333333333333,0.2222222222222222,0.8620689655172413,2,4,25,7,9
xgboost_select50_t1_only,t1_only,xgboost,selectk,default_0.5,50,,0.5,0.7631578947368421,0.6149425287356322,0.4942528735632184,0.43245987705081684,0.4,0.5,0.3333333333333333,0.896551724137931,3,3,26,6,10
xgboost_select50_t1_only,t1_only,xgboost,selectk,default_0.5,50,,0.5,0.7368421052631579,0.4666666666666667,0.5833333333333334,0.2929823669705573,0.0,0.0,0.0,0.9333333333333333,0,2,28,8,11
xgboost_select50_t1_only,t1_only,xgboost,selectk,default_0.5,50,,0.5,0.6842105263157895,0.5708333333333333,0.6958333333333333,0.3990665584415584,0.3333333333333333,0.3,0.375,0.7666666666666667,3,7,23,5,12
xgboost_select50_t1_only,t1_only,xgboost,selectk,default_0.5,50,,0.5,0.8157894736842105,0.7260536398467433,0.7011494252873562,0.6082371332371332,0.5882352941176471,0.625,0.5555555555555556,0.896551724137931,5,3,26,4,13
xgboost_select50_t1_only,t1_only,xgboost,selectk,default_0.5,50,,0.5,0.7105263157894737,0.6187739463601533,0.6475095785440612,0.389688706355373,0.42105263157894735,0.4,0.4444444444444444,0.7931034482758621,4,6,23,5,14
xgboost_select50_t1_only,t1_only,xgboost,selectk,default_0.5,50,,0.5,0.7894736842105263,0.6704980842911877,0.8620689655172413,0.6522061329336872,0.5,0.5714285714285714,0.4444444444444444,0.896551724137931,4,3,26,5,15
xgboost_select50_t1_only,t1_only,xgboost,selectk,tuned_f1,50,,0.2,0.631578947368421,0.7208333333333333,0.6833333333333333,0.42094462466650495,0.5,0.35,0.875,0.5666666666666667,7,13,17,1,1
xgboost_select50_t1_only,t1_only,xgboost,selectk,tuned_f1,50,,0.35,0.7105263157894737,0.8166666666666667,0.8583333333333333,0.690257841573631,0.5925925925925926,0.42105263157894735,1.0,0.6333333333333333,8,11,19,0,2
xgboost_select50_t1_only,t1_only,xgboost,selectk,tuned_f1,50,,0.4,0.8157894736842105,0.764367816091954,0.8659003831417624,0.7723830272849881,0.631578947368421,0.6,0.6666666666666666,0.8620689655172413,6,4,25,3,3
xgboost_select50_t1_only,t1_only,xgboost,selectk,tuned_f1,50,,0.2,0.6578947368421053,0.6992337164750958,0.6934865900383141,0.5571272953625894,0.5185185185185185,0.3888888888888889,0.7777777777777778,0.6206896551724138,7,11,18,2,4
xgboost_select50_t1_only,t1_only,xgboost,selectk,tuned_f1,50,,0.3,0.7105263157894737,0.6954022988505747,0.6283524904214559,0.36809764309764303,0.5217391304347826,0.42857142857142855,0.6666666666666666,0.7241379310344828,6,8,21,3,5
xgboost_select50_t1_only,t1_only,xgboost,selectk,tuned_f1,50,,0.4,0.9210526315789473,0.9041666666666667,0.9625,0.8477678571428572,0.8235294117647058,0.7777777777777778,0.875,0.9333333333333333,7,2,28,1,6
xgboost_select50_t1_only,t1_only,xgboost,selectk,tuned_f1,50,,0.3,0.6842105263157895,0.7083333333333333,0.675,0.3648409923409923,0.5,0.375,0.75,0.6666666666666666,6,10,20,2,7
xgboost_select50_t1_only,t1_only,xgboost,selectk,tuned_f1,50,,0.15,0.5,0.6340996168582376,0.5402298850574713,0.2597120472120472,0.45714285714285713,0.3076923076923077,0.8888888888888888,0.3793103448275862,8,18,11,1,8
xgboost_select50_t1_only,t1_only,xgboost,selectk,tuned_f1,50,,0.2,0.6578947368421053,0.6609195402298851,0.6628352490421455,0.4213662826706305,0.48,0.375,0.6666666666666666,0.6551724137931034,6,10,19,3,9
xgboost_select50_t1_only,t1_only,xgboost,selectk,tuned_f1,50,,0.5,0.7631578947368421,0.6149425287356322,0.4942528735632184,0.43245987705081684,0.4,0.5,0.3333333333333333,0.896551724137931,3,3,26,6,10
xgboost_select50_t1_only,t1_only,xgboost,selectk,tuned_f1,50,,0.2,0.6052631578947368,0.6583333333333333,0.5833333333333334,0.2929823669705573,0.4444444444444444,0.3157894736842105,0.75,0.5666666666666667,6,13,17,2,11
xgboost_select50_t1_only,t1_only,xgboost,selectk,tuned_f1,50,,0.35,0.7368421052631579,0.6958333333333333,0.6958333333333333,0.3990665584415584,0.5,0.4166666666666667,0.625,0.7666666666666667,5,7,23,3,12
xgboost_select50_t1_only,t1_only,xgboost,selectk,tuned_f1,50,,0.45,0.8157894736842105,0.7260536398467433,0.7011494252873562,0.6082371332371332,0.5882352941176471,0.625,0.5555555555555556,0.896551724137931,5,3,26,4,13
xgboost_select50_t1_only,t1_only,xgboost,selectk,tuned_f1,50,,0.35,0.6842105263157895,0.6781609195402298,0.6475095785440612,0.389688706355373,0.5,0.4,0.6666666666666666,0.6896551724137931,6,9,20,3,14
xgboost_select50_t1_only,t1_only,xgboost,selectk,tuned_f1,50,,0.275,0.7368421052631579,0.8275862068965517,0.8620689655172413,0.6522061329336872,0.6428571428571429,0.47368421052631576,1.0,0.6551724137931034,9,10,19,0,15
xgboost_select100_t1_only,t1_only,xgboost,selectk,default_0.5,100,,0.5,0.7631578947368421,0.6208333333333333,0.7,0.4269410044719642,0.4,0.42857142857142855,0.375,0.8666666666666667,3,4,26,5,1
xgboost_select100_t1_only,t1_only,xgboost,selectk,default_0.5,100,,0.5,0.7894736842105263,0.7291666666666667,0.875,0.6729604341736695,0.5555555555555556,0.5,0.625,0.8333333333333334,5,5,25,3,2
xgboost_select100_t1_only,t1_only,xgboost,selectk,default_0.5,100,,0.5,0.8157894736842105,0.7260536398467433,0.8275862068965517,0.6579500746167413,0.5882352941176471,0.625,0.5555555555555556,0.896551724137931,5,3,26,4,3
xgboost_select100_t1_only,t1_only,xgboost,selectk,default_0.5,100,,0.5,0.7894736842105263,0.5938697318007663,0.7318007662835249,0.5308147190500132,0.3333333333333333,0.6666666666666666,0.2222222222222222,0.9655172413793104,2,1,28,7,4
xgboost_select100_t1_only,t1_only,xgboost,selectk,default_0.5,100,,0.5,0.7631578947368421,0.6532567049808429,0.6513409961685823,0.4401887070617721,0.47058823529411764,0.5,0.4444444444444444,0.8620689655172413,4,4,25,5,5
xgboost_select100_t1_only,t1_only,xgboost,selectk,default_0.5,100,,0.5,0.8157894736842105,0.7,0.9,0.7232954545454545,0.5333333333333333,0.5714285714285714,0.5,0.9,4,3,27,4,6
xgboost_select100_t1_only,t1_only,xgboost,selectk,default_0.5,100,,0.5,0.7631578947368421,0.575,0.7291666666666666,0.4892255416152475,0.3076923076923077,0.4,0.25,0.9,2,3,27,6,7
xgboost_select100_t1_only,t1_only,xgboost,selectk,default_0.5,100,,0.5,0.6578947368421053,0.43103448275862066,0.5325670498084292,0.2540678396887547,0.0,0.0,0.0,0.8620689655172413,0,4,25,9,8
xgboost_select100_t1_only,t1_only,xgboost,selectk,default_0.5,100,,0.5,0.7105263157894737,0.5421455938697317,0.6819923371647509,0.4385521885521885,0.26666666666666666,0.3333333333333333,0.2222222222222222,0.8620689655172413,2,4,25,7,9
xgboost_select100_t1_only,t1_only,xgboost,selectk,default_0.5,100,,0.5,0.7631578947368421,0.5766283524904214,0.5632183908045978,0.45327563064921167,0.3076923076923077,0.5,0.2222222222222222,0.9310344827586207,2,2,27,7,10
xgboost_select100_t1_only,t1_only,xgboost,selectk,default_0.5,100,,0.5,0.7631578947368421,0.5291666666666667,0.5208333333333333,0.2852712257998102,0.18181818181818182,0.3333333333333333,0.125,0.9333333333333333,1,2,28,7,11
xgboost_select100_t1_only,t1_only,xgboost,selectk,default_0.5,100,,0.5,0.6842105263157895,0.525,0.6958333333333333,0.48320419708287354,0.25,0.25,0.25,0.8,2,6,24,6,12
xgboost_select100_t1_only,t1_only,xgboost,selectk,default_0.5,100,,0.5,0.868421052631579,0.7605363984674329,0.7432950191570882,0.6147868133669352,0.6666666666666666,0.8333333333333334,0.5555555555555556,0.9655172413793104,5,1,28,4,13
xgboost_select100_t1_only,t1_only,xgboost,selectk,default_0.5,100,,0.5,0.7368421052631579,0.6360153256704981,0.6436781609195402,0.46082621082621084,0.4444444444444444,0.4444444444444444,0.4444444444444444,0.8275862068965517,4,5,24,5,14
xgboost_select100_t1_only,t1_only,xgboost,selectk,default_0.5,100,,0.5,0.7105263157894737,0.5421455938697317,0.8659003831417624,0.6092211800545133,0.26666666666666666,0.3333333333333333,0.2222222222222222,0.8620689655172413,2,4,25,7,15
xgboost_select100_t1_only,t1_only,xgboost,selectk,tuned_f1,100,,0.175,0.6052631578947368,0.7041666666666666,0.7,0.4269410044719642,0.4827586206896552,0.3333333333333333,0.875,0.5333333333333333,7,14,16,1,1
xgboost_select100_t1_only,t1_only,xgboost,selectk,tuned_f1,100,,0.35,0.7368421052631579,0.8333333333333333,0.875,0.6729604341736695,0.6153846153846154,0.4444444444444444,1.0,0.6666666666666666,8,10,20,0,2
xgboost_select100_t1_only,t1_only,xgboost,selectk,tuned_f1,100,,0.45,0.8157894736842105,0.7260536398467433,0.8275862068965517,0.6579500746167413,0.5882352941176471,0.625,0.5555555555555556,0.896551724137931,5,3,26,4,3
xgboost_select100_t1_only,t1_only,xgboost,selectk,tuned_f1,100,,0.15,0.6578947368421053,0.6992337164750958,0.7318007662835249,0.5308147190500132,0.5185185185185185,0.3888888888888889,0.7777777777777778,0.6206896551724138,7,11,18,2,4
xgboost_select100_t1_only,t1_only,xgboost,selectk,tuned_f1,100,,0.25,0.631578947368421,0.6819923371647509,0.6513409961685823,0.4401887070617721,0.5,0.3684210526315789,0.7777777777777778,0.5862068965517241,7,12,17,2,5
xgboost_select100_t1_only,t1_only,xgboost,selectk,tuned_f1,100,,0.35,0.8421052631578947,0.8083333333333333,0.9,0.7232954545454545,0.6666666666666666,0.6,0.75,0.8666666666666667,6,4,26,2,6
xgboost_select100_t1_only,t1_only,xgboost,selectk,tuned_f1,100,,0.275,0.7105263157894737,0.7708333333333333,0.7291666666666666,0.4892255416152475,0.56,0.4117647058823529,0.875,0.6666666666666666,7,10,20,1,7
xgboost_select100_t1_only,t1_only,xgboost,selectk,tuned_f1,100,,0.2,0.5526315789473685,0.6302681992337165,0.5325670498084292,0.2540678396887547,0.45161290322580644,0.3181818181818182,0.7777777777777778,0.4827586206896552,7,15,14,2,8
xgboost_select100_t1_only,t1_only,xgboost,selectk,tuned_f1,100,,0.125,0.5789473684210527,0.685823754789272,0.6819923371647509,0.4385521885521885,0.5,0.34782608695652173,0.8888888888888888,0.4827586206896552,8,15,14,1,9
xgboost_select100_t1_only,t1_only,xgboost,selectk,tuned_f1,100,,0.15,0.47368421052631576,0.578544061302682,0.5632183908045978,0.45327563064921167,0.4117647058823529,0.28,0.7777777777777778,0.3793103448275862,7,18,11,2,10
xgboost_select100_t1_only,t1_only,xgboost,selectk,tuned_f1,100,,0.125,0.42105263157894735,0.5416666666666666,0.5208333333333333,0.2852712257998102,0.35294117647058826,0.23076923076923078,0.75,0.3333333333333333,6,20,10,2,11
xgboost_select100_t1_only,t1_only,xgboost,selectk,tuned_f1,100,,0.225,0.6578947368421053,0.6916666666666667,0.6958333333333333,0.48320419708287354,0.48,0.35294117647058826,0.75,0.6333333333333333,6,11,19,2,12
xgboost_select100_t1_only,t1_only,xgboost,selectk,tuned_f1,100,,0.45,0.868421052631579,0.7605363984674329,0.7432950191570882,0.6147868133669352,0.6666666666666666,0.8333333333333334,0.5555555555555556,0.9655172413793104,5,1,28,4,13
xgboost_select100_t1_only,t1_only,xgboost,selectk,tuned_f1,100,,0.35,0.7105263157894737,0.6954022988505747,0.6436781609195402,0.46082621082621084,0.5217391304347826,0.42857142857142855,0.6666666666666666,0.7241379310344828,6,8,21,3,14
xgboost_select100_t1_only,t1_only,xgboost,selectk,tuned_f1,100,,0.275,0.8157894736842105,0.8793103448275862,0.8659003831417624,0.6092211800545133,0.72,0.5625,1.0,0.7586206896551724,9,7,22,0,15
xgboost_select200_t1_only,t1_only,xgboost,selectk,default_0.5,200,,0.5,0.7368421052631579,0.5583333333333333,0.6625000000000001,0.3247767857142857,0.2857142857142857,0.3333333333333333,0.25,0.8666666666666667,2,4,26,6,1
xgboost_select200_t1_only,t1_only,xgboost,selectk,default_0.5,200,,0.5,0.8157894736842105,0.7,0.8041666666666667,0.575989225781846,0.5333333333333333,0.5714285714285714,0.5,0.9,4,3,27,4,2
xgboost_select200_t1_only,t1_only,xgboost,selectk,default_0.5,200,,0.5,0.8421052631578947,0.7432950191570882,0.8812260536398467,0.7201298701298702,0.625,0.7142857142857143,0.5555555555555556,0.9310344827586207,5,2,27,4,3
xgboost_select200_t1_only,t1_only,xgboost,selectk,default_0.5,200,,0.5,0.8157894736842105,0.6494252873563219,0.7701149425287357,0.6291068946982925,0.46153846153846156,0.75,0.3333333333333333,0.9655172413793104,3,1,28,6,4
xgboost_select200_t1_only,t1_only,xgboost,selectk,default_0.5,200,,0.5,0.7368421052631579,0.6360153256704981,0.6819923371647509,0.6050376485877003,0.4444444444444444,0.4444444444444444,0.4444444444444444,0.8275862068965517,4,5,24,5,5
xgboost_select200_t1_only,t1_only,xgboost,selectk,default_0.5,200,,0.5,0.8421052631578947,0.6708333333333334,0.9416666666666667,0.8017857142857143,0.5,0.75,0.375,0.9666666666666667,3,1,29,5,6
xgboost_select200_t1_only,t1_only,xgboost,selectk,default_0.5,200,,0.5,0.7894736842105263,0.6375,0.7708333333333334,0.5755098761103319,0.42857142857142855,0.5,0.375,0.9,3,3,27,5,7
xgboost_select200_t1_only,t1_only,xgboost,selectk,default_0.5,200,,0.5,0.7105263157894737,0.5421455938697317,0.5747126436781609,0.29384974103667383,0.26666666666666666,0.3333333333333333,0.2222222222222222,0.8620689655172413,2,4,25,7,8
xgboost_select200_t1_only,t1_only,xgboost,selectk,default_0.5,200,,0.5,0.7368421052631579,0.5593869731800767,0.6666666666666666,0.43090032948045115,0.2857142857142857,0.4,0.2222222222222222,0.896551724137931,2,3,26,7,9
xgboost_select200_t1_only,t1_only,xgboost,selectk,default_0.5,200,,0.5,0.7368421052631579,0.5593869731800767,0.5632183908045977,0.4387818675228376,0.2857142857142857,0.4,0.2222222222222222,0.896551724137931,2,3,26,7,10
xgboost_select200_t1_only,t1_only,xgboost,selectk,default_0.5,200,,0.5,0.8421052631578947,0.625,0.6291666666666668,0.5032347957125434,0.4,1.0,0.25,1.0,2,0,30,6,11
xgboost_select200_t1_only,t1_only,xgboost,selectk,default_0.5,200,,0.5,0.8157894736842105,0.6541666666666667,0.7666666666666667,0.5247004543444171,0.46153846153846156,0.6,0.375,0.9333333333333333,3,2,28,5,12
xgboost_select200_t1_only,t1_only,xgboost,selectk,default_0.5,200,,0.5,0.7894736842105263,0.632183908045977,0.7969348659003832,0.615177183927184,0.42857142857142855,0.6,0.3333333333333333,0.9310344827586207,3,2,27,6,13
xgboost_select200_t1_only,t1_only,xgboost,selectk,default_0.5,200,,0.5,0.7368421052631579,0.5977011494252873,0.6513409961685823,0.4587769844159297,0.375,0.42857142857142855,0.3333333333333333,0.8620689655172413,3,4,25,6,14
xgboost_select200_t1_only,t1_only,xgboost,selectk,default_0.5,200,,0.5,0.8421052631578947,0.7049808429118773,0.8697318007662836,0.7059912854030501,0.5714285714285714,0.8,0.4444444444444444,0.9655172413793104,4,1,28,5,15
xgboost_select200_t1_only,t1_only,xgboost,selectk,tuned_f1,200,,0.2,0.631578947368421,0.675,0.6625000000000001,0.3247767857142857,0.46153846153846156,0.3333333333333333,0.75,0.6,6,12,18,2,1
xgboost_select200_t1_only,t1_only,xgboost,selectk,tuned_f1,200,,0.45,0.8157894736842105,0.7458333333333333,0.8041666666666667,0.575989225781846,0.5882352941176471,0.5555555555555556,0.625,0.8666666666666667,5,4,26,3,2
xgboost_select200_t1_only,t1_only,xgboost,selectk,tuned_f1,200,,0.4,0.8421052631578947,0.8199233716475096,0.8812260536398467,0.7201298701298702,0.7,0.6363636363636364,0.7777777777777778,0.8620689655172413,7,4,25,2,3
xgboost_select200_t1_only,t1_only,xgboost,selectk,tuned_f1,200,,0.15,0.631578947368421,0.7203065134099617,0.7701149425287357,0.6291068946982925,0.5333333333333333,0.38095238095238093,0.8888888888888888,0.5517241379310345,8,13,16,1,4
xgboost_select200_t1_only,t1_only,xgboost,selectk,tuned_f1,200,,0.2,0.6578947368421053,0.6992337164750958,0.6819923371647509,0.6050376485877003,0.5185185185185185,0.3888888888888889,0.7777777777777778,0.6206896551724138,7,11,18,2,5
xgboost_select200_t1_only,t1_only,xgboost,selectk,tuned_f1,200,,0.3,0.868421052631579,0.8708333333333333,0.9416666666666667,0.8017857142857143,0.7368421052631579,0.6363636363636364,0.875,0.8666666666666667,7,4,26,1,6
xgboost_select200_t1_only,t1_only,xgboost,selectk,tuned_f1,200,,0.45,0.8421052631578947,0.7625,0.7708333333333334,0.5755098761103319,0.625,0.625,0.625,0.9,5,3,27,3,7
xgboost_select200_t1_only,t1_only,xgboost,selectk,tuned_f1,200,,0.175,0.5263157894736842,0.6130268199233717,0.5747126436781609,0.29384974103667383,0.4375,0.30434782608695654,0.7777777777777778,0.4482758620689655,7,16,13,2,8
xgboost_select200_t1_only,t1_only,xgboost,selectk,tuned_f1,200,,0.175,0.6842105263157895,0.7164750957854407,0.6666666666666666,0.43090032948045115,0.5384615384615384,0.4117647058823529,0.7777777777777778,0.6551724137931034,7,10,19,2,9
xgboost_select200_t1_only,t1_only,xgboost,selectk,tuned_f1,200,,0.175,0.5526315789473685,0.6302681992337165,0.5632183908045977,0.4387818675228376,0.45161290322580644,0.3181818181818182,0.7777777777777778,0.4827586206896552,7,15,14,2,10
xgboost_select200_t1_only,t1_only,xgboost,selectk,tuned_f1,200,,0.225,0.631578947368421,0.675,0.6291666666666668,0.5032347957125434,0.46153846153846156,0.3333333333333333,0.75,0.6,6,12,18,2,11
xgboost_select200_t1_only,t1_only,xgboost,selectk,tuned_f1,200,,0.2,0.6578947368421053,0.7375,0.7666666666666667,0.5247004543444171,0.5185185185185185,0.3684210526315789,0.875,0.6,7,12,18,1,12
xgboost_select200_t1_only,t1_only,xgboost,selectk,tuned_f1,200,,0.3,0.7894736842105263,0.7854406130268199,0.7969348659003832,0.615177183927184,0.6363636363636364,0.5384615384615384,0.7777777777777778,0.7931034482758621,7,6,23,2,13
xgboost_select200_t1_only,t1_only,xgboost,selectk,tuned_f1,200,,0.35,0.6842105263157895,0.6781609195402298,0.6513409961685823,0.4587769844159297,0.5,0.4,0.6666666666666666,0.6896551724137931,6,9,20,3,14
xgboost_select200_t1_only,t1_only,xgboost,selectk,tuned_f1,200,,0.25,0.7631578947368421,0.8448275862068966,0.8697318007662836,0.7059912854030501,0.6666666666666666,0.5,1.0,0.6896551724137931,9,9,20,0,15
xgboost_select500_t1_only,t1_only,xgboost,selectk,default_0.5,500,,0.5,0.7894736842105263,0.5916666666666667,0.6875,0.37933380277130274,0.3333333333333333,0.5,0.25,0.9333333333333333,2,2,28,6,1
xgboost_select500_t1_only,t1_only,xgboost,selectk,default_0.5,500,,0.5,0.7368421052631579,0.5583333333333333,0.7458333333333333,0.5198322510822511,0.2857142857142857,0.3333333333333333,0.25,0.8666666666666667,2,4,26,6,2
xgboost_select500_t1_only,t1_only,xgboost,selectk,default_0.5,500,,0.5,0.868421052631579,0.7605363984674329,0.8620689655172413,0.734567901234568,0.6666666666666666,0.8333333333333334,0.5555555555555556,0.9655172413793104,5,1,28,4,3
xgboost_select500_t1_only,t1_only,xgboost,selectk,default_0.5,500,,0.5,0.8157894736842105,0.6111111111111112,0.7739463601532567,0.6495589377942319,0.36363636363636365,1.0,0.2222222222222222,1.0,2,0,29,7,4
xgboost_select500_t1_only,t1_only,xgboost,selectk,default_0.5,500,,0.5,0.7631578947368421,0.6149425287356322,0.6628352490421455,0.430062968220863,0.4,0.5,0.3333333333333333,0.896551724137931,3,3,26,6,5
xgboost_select500_t1_only,t1_only,xgboost,selectk,default_0.5,500,,0.5,0.8421052631578947,0.6708333333333334,0.9249999999999999,0.7771645021645022,0.5,0.75,0.375,0.9666666666666667,3,1,29,5,6
xgboost_select500_t1_only,t1_only,xgboost,selectk,default_0.5,500,,0.5,0.7631578947368421,0.575,0.7374999999999999,0.4802197802197802,0.3076923076923077,0.4,0.25,0.9,2,3,27,6,7
xgboost_select500_t1_only,t1_only,xgboost,selectk,default_0.5,500,,0.5,0.7368421052631579,0.5593869731800767,0.5517241379310345,0.29456720101881395,0.2857142857142857,0.4,0.2222222222222222,0.896551724137931,2,3,26,7,8
xgboost_select500_t1_only,t1_only,xgboost,selectk,default_0.5,500,,0.5,0.7368421052631579,0.5593869731800767,0.6743295019157087,0.43508469080156925,0.2857142857142857,0.4,0.2222222222222222,0.896551724137931,2,3,26,7,9
xgboost_select500_t1_only,t1_only,xgboost,selectk,default_0.5,500,,0.5,0.7894736842105263,0.5938697318007663,0.6398467432950191,0.46706229500347146,0.3333333333333333,0.6666666666666666,0.2222222222222222,0.9655172413793104,2,1,28,7,10
xgboost_select500_t1_only,t1_only,xgboost,selectk,default_0.5,500,,0.5,0.7631578947368421,0.5291666666666667,0.5541666666666667,0.2926950530955949,0.18181818181818182,0.3333333333333333,0.125,0.9333333333333333,1,2,28,7,11
xgboost_select500_t1_only,t1_only,xgboost,selectk,default_0.5,500,,0.5,0.7894736842105263,0.5916666666666667,0.7625,0.5341158433070198,0.3333333333333333,0.5,0.25,0.9333333333333333,2,2,28,6,12
xgboost_select500_t1_only,t1_only,xgboost,selectk,default_0.5,500,,0.5,0.8157894736842105,0.6494252873563219,0.789272030651341,0.617251020584354,0.46153846153846156,0.75,0.3333333333333333,0.9655172413793104,3,1,28,6,13
xgboost_select500_t1_only,t1_only,xgboost,selectk,default_0.5,500,,0.5,0.7368421052631579,0.5593869731800767,0.7241379310344828,0.4898363536733656,0.2857142857142857,0.4,0.2222222222222222,0.896551724137931,2,3,26,7,14
xgboost_select500_t1_only,t1_only,xgboost,selectk,default_0.5,500,,0.5,0.8421052631578947,0.7432950191570882,0.8927203065134101,0.7019240019240018,0.625,0.7142857142857143,0.5555555555555556,0.9310344827586207,5,2,27,4,15
xgboost_select500_t1_only,t1_only,xgboost,selectk,tuned_f1,500,,0.15,0.5789473684210527,0.6875,0.6875,0.37933380277130274,0.4666666666666667,0.3181818181818182,0.875,0.5,7,15,15,1,1
xgboost_select500_t1_only,t1_only,xgboost,selectk,tuned_f1,500,,0.3,0.6842105263157895,0.7083333333333333,0.7458333333333333,0.5198322510822511,0.5,0.375,0.75,0.6666666666666666,6,10,20,2,2
xgboost_select500_t1_only,t1_only,xgboost,selectk,tuned_f1,500,,0.4,0.868421052631579,0.7988505747126436,0.8620689655172413,0.734567901234568,0.7058823529411765,0.75,0.6666666666666666,0.9310344827586207,6,2,27,3,3
xgboost_select500_t1_only,t1_only,xgboost,selectk,tuned_f1,500,,0.275,0.7368421052631579,0.7126436781609196,0.7739463601532567,0.6495589377942319,0.5454545454545454,0.46153846153846156,0.6666666666666666,0.7586206896551724,6,7,22,3,4
xgboost_select500_t1_only,t1_only,xgboost,selectk,tuned_f1,500,,0.4,0.8157894736842105,0.7260536398467433,0.6628352490421455,0.430062968220863,0.5882352941176471,0.625,0.5555555555555556,0.896551724137931,5,3,26,4,5
xgboost_select500_t1_only,t1_only,xgboost,selectk,tuned_f1,500,,0.3,0.8421052631578947,0.8541666666666667,0.9249999999999999,0.7771645021645022,0.7,0.5833333333333334,0.875,0.8333333333333334,7,5,25,1,6
xgboost_select500_t1_only,t1_only,xgboost,selectk,tuned_f1,500,,0.25,0.631578947368421,0.7208333333333333,0.7374999999999999,0.4802197802197802,0.5,0.35,0.875,0.5666666666666667,7,13,17,1,7
xgboost_select500_t1_only,t1_only,xgboost,selectk,tuned_f1,500,,0.15,0.4473684210526316,0.5613026819923372,0.5517241379310345,0.29456720101881395,0.4,0.2692307692307692,0.7777777777777778,0.3448275862068966,7,19,10,2,8
xgboost_select500_t1_only,t1_only,xgboost,selectk,tuned_f1,500,,0.2,0.631578947368421,0.6819923371647509,0.6743295019157087,0.43508469080156925,0.5,0.3684210526315789,0.7777777777777778,0.5862068965517241,7,12,17,2,9
xgboost_select500_t1_only,t1_only,xgboost,selectk,tuned_f1,500,,0.2,0.6578947368421053,0.6992337164750958,0.6398467432950191,0.46706229500347146,0.5185185185185185,0.3888888888888889,0.7777777777777778,0.6206896551724138,7,11,18,2,10
xgboost_select500_t1_only,t1_only,xgboost,selectk,tuned_f1,500,,0.175,0.5263157894736842,0.6083333333333334,0.5541666666666667,0.2926950530955949,0.4,0.2727272727272727,0.75,0.4666666666666667,6,16,14,2,11
xgboost_select500_t1_only,t1_only,xgboost,selectk,tuned_f1,500,,0.175,0.631578947368421,0.7666666666666666,0.7625,0.5341158433070198,0.5333333333333333,0.36363636363636365,1.0,0.5333333333333333,8,14,16,0,12
xgboost_select500_t1_only,t1_only,xgboost,selectk,tuned_f1,500,,0.275,0.7368421052631579,0.7509578544061303,0.789272030651341,0.617251020584354,0.5833333333333334,0.4666666666666667,0.7777777777777778,0.7241379310344828,7,8,21,2,13
xgboost_select500_t1_only,t1_only,xgboost,selectk,tuned_f1,500,,0.25,0.6578947368421053,0.7375478927203065,0.7241379310344828,0.4898363536733656,0.5517241379310345,0.4,0.8888888888888888,0.5862068965517241,8,12,17,1,14
xgboost_select500_t1_only,t1_only,xgboost,selectk,tuned_f1,500,,0.25,0.7631578947368421,0.8448275862068966,0.8927203065134101,0.7019240019240018,0.6666666666666666,0.5,1.0,0.6896551724137931,9,9,20,0,15
xgboost_pca10_t0_only,t0_only,xgboost,pca,default_0.5,,10,0.5,0.8947368421052632,0.75,0.8291666666666667,0.8044642857142856,0.6666666666666666,1.0,0.5,1.0,4,0,30,4,1
xgboost_pca10_t0_only,t0_only,xgboost,pca,default_0.5,,10,0.5,0.9473684210526315,0.875,0.9750000000000001,0.9464285714285714,0.8571428571428571,1.0,0.75,1.0,6,0,30,2,2
xgboost_pca10_t0_only,t0_only,xgboost,pca,default_0.5,,10,0.5,0.868421052631579,0.7605363984674329,0.8850574712643678,0.8137883032000679,0.6666666666666666,0.8333333333333334,0.5555555555555556,0.9655172413793104,5,1,28,4,3
xgboost_pca10_t0_only,t0_only,xgboost,pca,default_0.5,,10,0.5,0.7894736842105263,0.5555555555555556,0.7586206896551724,0.6311997825041304,0.2,1.0,0.1111111111111111,1.0,1,0,29,8,4
xgboost_pca10_t0_only,t0_only,xgboost,pca,default_0.5,,10,0.5,0.8947368421052632,0.8160919540229885,0.9195402298850575,0.8599647266313935,0.75,0.8571428571428571,0.6666666666666666,0.9655172413793104,6,1,28,3,5
xgboost_pca10_t0_only,t0_only,xgboost,pca,default_0.5,,10,0.5,0.868421052631579,0.825,0.9000000000000001,0.7723473084886128,0.7058823529411765,0.6666666666666666,0.75,0.9,6,3,27,2,6
xgboost_pca10_t0_only,t0_only,xgboost,pca,default_0.5,,10,0.5,0.7894736842105263,0.5458333333333334,0.8041666666666667,0.6484848484848486,0.2,0.5,0.125,0.9666666666666667,1,1,29,7,7
xgboost_pca10_t0_only,t0_only,xgboost,pca,default_0.5,,10,0.5,0.8421052631578947,0.7432950191570882,0.7586206896551724,0.6159427055846494,0.625,0.7142857142857143,0.5555555555555556,0.9310344827586207,5,2,27,4,8
xgboost_pca10_t0_only,t0_only,xgboost,pca,default_0.5,,10,0.5,0.8421052631578947,0.7049808429118773,0.7854406130268199,0.7372149010519129,0.5714285714285714,0.8,0.4444444444444444,0.9655172413793104,4,1,28,5,9
xgboost_pca10_t0_only,t0_only,xgboost,pca,default_0.5,,10,0.5,0.8421052631578947,0.7049808429118773,0.7547892720306513,0.6196918767507003,0.5714285714285714,0.8,0.4444444444444444,0.9655172413793104,4,1,28,5,10
xgboost_pca10_t0_only,t0_only,xgboost,pca,default_0.5,,10,0.5,0.868421052631579,0.7333333333333334,0.9083333333333333,0.7955357142857142,0.6153846153846154,0.8,0.5,0.9666666666666667,4,1,29,4,11
xgboost_pca10_t0_only,t0_only,xgboost,pca,default_0.5,,10,0.5,0.9210526315789473,0.9041666666666667,0.9541666666666666,0.8751984126984127,0.8235294117647058,0.7777777777777778,0.875,0.9333333333333333,7,2,28,1,12
xgboost_pca10_t0_only,t0_only,xgboost,pca,default_0.5,,10,0.5,0.8157894736842105,0.6494252873563219,0.8390804597701149,0.7002645502645504,0.46153846153846156,0.75,0.3333333333333333,0.9655172413793104,3,1,28,6,13
xgboost_pca10_t0_only,t0_only,xgboost,pca,default_0.5,,10,0.5,0.7631578947368421,0.5,0.6360153256704981,0.47051647787217504,0.0,0.0,0.0,1.0,0,0,29,9,14
xgboost_pca10_t0_only,t0_only,xgboost,pca,default_0.5,,10,0.5,0.8421052631578947,0.7049808429118773,0.8390804597701149,0.7201058201058201,0.5714285714285714,0.8,0.4444444444444444,0.9655172413793104,4,1,28,5,15
xgboost_pca10_t0_only,t0_only,xgboost,pca,tuned_f1,,10,0.35,0.9210526315789473,0.8583333333333334,0.8291666666666667,0.8044642857142856,0.8,0.8571428571428571,0.75,0.9666666666666667,6,1,29,2,1
xgboost_pca10_t0_only,t0_only,xgboost,pca,tuned_f1,,10,0.45,0.9736842105263158,0.9375,0.9750000000000001,0.9464285714285714,0.9333333333333333,1.0,0.875,1.0,7,0,30,1,2
xgboost_pca10_t0_only,t0_only,xgboost,pca,tuned_f1,,10,0.4,0.868421052631579,0.7988505747126436,0.8850574712643678,0.8137883032000679,0.7058823529411765,0.75,0.6666666666666666,0.9310344827586207,6,2,27,3,3
xgboost_pca10_t0_only,t0_only,xgboost,pca,tuned_f1,,10,0.25,0.6842105263157895,0.6781609195402298,0.7586206896551724,0.6311997825041304,0.5,0.4,0.6666666666666666,0.6896551724137931,6,9,20,3,4
xgboost_pca10_t0_only,t0_only,xgboost,pca,tuned_f1,,10,0.4,0.8947368421052632,0.8544061302681992,0.9195402298850575,0.8599647266313935,0.7777777777777778,0.7777777777777778,0.7777777777777778,0.9310344827586207,7,2,27,2,5
xgboost_pca10_t0_only,t0_only,xgboost,pca,tuned_f1,,10,0.45,0.8947368421052632,0.8875,0.9000000000000001,0.7723473084886128,0.7777777777777778,0.7,0.875,0.9,7,3,27,1,6
xgboost_pca10_t0_only,t0_only,xgboost,pca,tuned_f1,,10,0.275,0.8157894736842105,0.7916666666666667,0.8041666666666667,0.6484848484848486,0.631578947368421,0.5454545454545454,0.75,0.8333333333333334,6,5,25,2,7
xgboost_pca10_t0_only,t0_only,xgboost,pca,tuned_f1,,10,0.35,0.8157894736842105,0.764367816091954,0.7586206896551724,0.6159427055846494,0.631578947368421,0.6,0.6666666666666666,0.8620689655172413,6,4,25,3,8
xgboost_pca10_t0_only,t0_only,xgboost,pca,tuned_f1,,10,0.3,0.8421052631578947,0.7816091954022988,0.7854406130268199,0.7372149010519129,0.6666666666666666,0.6666666666666666,0.6666666666666666,0.896551724137931,6,3,26,3,9
xgboost_pca10_t0_only,t0_only,xgboost,pca,tuned_f1,,10,0.5,0.8421052631578947,0.7049808429118773,0.7547892720306513,0.6196918767507003,0.5714285714285714,0.8,0.4444444444444444,0.9655172413793104,4,1,28,5,10
xgboost_pca10_t0_only,t0_only,xgboost,pca,tuned_f1,,10,0.3,0.868421052631579,0.825,0.9083333333333333,0.7955357142857142,0.7058823529411765,0.6666666666666666,0.75,0.9,6,3,27,2,11
xgboost_pca10_t0_only,t0_only,xgboost,pca,tuned_f1,,10,0.5,0.9210526315789473,0.9041666666666667,0.9541666666666666,0.8751984126984127,0.8235294117647058,0.7777777777777778,0.875,0.9333333333333333,7,2,28,1,12
xgboost_pca10_t0_only,t0_only,xgboost,pca,tuned_f1,,10,0.275,0.7631578947368421,0.8065134099616857,0.8390804597701149,0.7002645502645504,0.64,0.5,0.8888888888888888,0.7241379310344828,8,8,21,1,13
xgboost_pca10_t0_only,t0_only,xgboost,pca,tuned_f1,,10,0.275,0.7631578947368421,0.6915708812260537,0.6360153256704981,0.47051647787217504,0.5263157894736842,0.5,0.5555555555555556,0.8275862068965517,5,5,24,4,14
xgboost_pca10_t0_only,t0_only,xgboost,pca,tuned_f1,,10,0.4,0.8157894736842105,0.7260536398467433,0.8390804597701149,0.7201058201058201,0.5882352941176471,0.625,0.5555555555555556,0.896551724137931,5,3,26,4,15
xgboost_pca20_t0_only,t0_only,xgboost,pca,default_0.5,,20,0.5,0.8421052631578947,0.625,0.8666666666666667,0.7298076923076923,0.4,1.0,0.25,1.0,2,0,30,6,1
xgboost_pca20_t0_only,t0_only,xgboost,pca,default_0.5,,20,0.5,0.868421052631579,0.6875,0.9458333333333333,0.8717261904761905,0.5454545454545454,1.0,0.375,1.0,3,0,30,5,2
xgboost_pca20_t0_only,t0_only,xgboost,pca,default_0.5,,20,0.5,0.868421052631579,0.7222222222222222,0.8467432950191571,0.7831830116687688,0.6153846153846154,1.0,0.4444444444444444,1.0,4,0,29,5,3
xgboost_pca20_t0_only,t0_only,xgboost,pca,default_0.5,,20,0.5,0.8157894736842105,0.6111111111111112,0.7969348659003832,0.5785401871186184,0.36363636363636365,1.0,0.2222222222222222,1.0,2,0,29,7,4
xgboost_pca20_t0_only,t0_only,xgboost,pca,default_0.5,,20,0.5,0.8421052631578947,0.7049808429118773,0.9195402298850575,0.8129950296616963,0.5714285714285714,0.8,0.4444444444444444,0.9655172413793104,4,1,28,5,5
xgboost_pca20_t0_only,t0_only,xgboost,pca,default_0.5,,20,0.5,0.9210526315789473,0.9041666666666667,0.9125000000000001,0.8842592592592593,0.8235294117647058,0.7777777777777778,0.875,0.9333333333333333,7,2,28,1,6
xgboost_pca20_t0_only,t0_only,xgboost,pca,default_0.5,,20,0.5,0.8157894736842105,0.5625,0.8291666666666667,0.800279461917393,0.2222222222222222,1.0,0.125,1.0,1,0,30,7,7
xgboost_pca20_t0_only,t0_only,xgboost,pca,default_0.5,,20,0.5,0.8157894736842105,0.6111111111111112,0.7701149425287357,0.6193202508991982,0.36363636363636365,1.0,0.2222222222222222,1.0,2,0,29,7,8
xgboost_pca20_t0_only,t0_only,xgboost,pca,default_0.5,,20,0.5,0.868421052631579,0.7605363984674329,0.896551724137931,0.78411306042885,0.6666666666666666,0.8333333333333334,0.5555555555555556,0.9655172413793104,5,1,28,4,9
xgboost_pca20_t0_only,t0_only,xgboost,pca,default_0.5,,20,0.5,0.868421052631579,0.7222222222222222,0.8084291187739463,0.6844587085966396,0.6153846153846154,1.0,0.4444444444444444,1.0,4,0,29,5,10
xgboost_pca20_t0_only,t0_only,xgboost,pca,default_0.5,,20,0.5,0.868421052631579,0.6875,0.8708333333333333,0.8115660919540231,0.5454545454545454,1.0,0.375,1.0,3,0,30,5,11
xgboost_pca20_t0_only,t0_only,xgboost,pca,default_0.5,,20,0.5,0.868421052631579,0.7791666666666667,0.9583333333333334,0.8874007936507936,0.6666666666666666,0.7142857142857143,0.625,0.9333333333333333,5,2,28,3,12
xgboost_pca20_t0_only,t0_only,xgboost,pca,default_0.5,,20,0.5,0.8947368421052632,0.7777777777777778,0.8352490421455938,0.7817288948867898,0.7142857142857143,1.0,0.5555555555555556,1.0,5,0,29,4,13
xgboost_pca20_t0_only,t0_only,xgboost,pca,default_0.5,,20,0.5,0.7894736842105263,0.5555555555555556,0.7586206896551724,0.6250860894339156,0.2,1.0,0.1111111111111111,1.0,1,0,29,8,14
xgboost_pca20_t0_only,t0_only,xgboost,pca,default_0.5,,20,0.5,0.8157894736842105,0.6494252873563219,0.846743295019157,0.7080285254198297,0.46153846153846156,0.75,0.3333333333333333,0.9655172413793104,3,1,28,6,15
xgboost_pca20_t0_only,t0_only,xgboost,pca,tuned_f1,,20,0.25,0.868421052631579,0.825,0.8666666666666667,0.7298076923076923,0.7058823529411765,0.6666666666666666,0.75,0.9,6,3,27,2,1
xgboost_pca20_t0_only,t0_only,xgboost,pca,tuned_f1,,20,0.35,0.9210526315789473,0.8583333333333334,0.9458333333333333,0.8717261904761905,0.8,0.8571428571428571,0.75,0.9666666666666667,6,1,29,2,2
xgboost_pca20_t0_only,t0_only,xgboost,pca,tuned_f1,,20,0.35,0.8947368421052632,0.8160919540229885,0.8467432950191571,0.7831830116687688,0.75,0.8571428571428571,0.6666666666666666,0.9655172413793104,6,1,28,3,3
xgboost_pca20_t0_only,t0_only,xgboost,pca,tuned_f1,,20,0.2,0.7105263157894737,0.7720306513409961,0.7969348659003832,0.5785401871186184,0.5925925925925926,0.4444444444444444,0.8888888888888888,0.6551724137931034,8,10,19,1,4
xgboost_pca20_t0_only,t0_only,xgboost,pca,tuned_f1,,20,0.2,0.8947368421052632,0.89272030651341,0.9195402298850575,0.8129950296616963,0.8,0.7272727272727273,0.8888888888888888,0.896551724137931,8,3,26,1,5
xgboost_pca20_t0_only,t0_only,xgboost,pca,tuned_f1,,20,0.5,0.9210526315789473,0.9041666666666667,0.9125000000000001,0.8842592592592593,0.8235294117647058,0.7777777777777778,0.875,0.9333333333333333,7,2,28,1,6
xgboost_pca20_t0_only,t0_only,xgboost,pca,tuned_f1,,20,0.25,0.8947368421052632,0.8416666666666667,0.8291666666666667,0.800279461917393,0.75,0.75,0.75,0.9333333333333333,6,2,28,2,7
xgboost_pca20_t0_only,t0_only,xgboost,pca,tuned_f1,,20,0.175,0.7105263157894737,0.6954022988505747,0.7701149425287357,0.6193202508991982,0.5217391304347826,0.42857142857142855,0.6666666666666666,0.7241379310344828,6,8,21,3,8
xgboost_pca20_t0_only,t0_only,xgboost,pca,tuned_f1,,20,0.35,0.8421052631578947,0.7816091954022988,0.896551724137931,0.78411306042885,0.6666666666666666,0.6666666666666666,0.6666666666666666,0.896551724137931,6,3,26,3,9
xgboost_pca20_t0_only,t0_only,xgboost,pca,tuned_f1,,20,0.2,0.7631578947368421,0.8065134099616857,0.8084291187739463,0.6844587085966396,0.64,0.5,0.8888888888888888,0.7241379310344828,8,8,21,1,10
xgboost_pca20_t0_only,t0_only,xgboost,pca,tuned_f1,,20,0.3,0.9210526315789473,0.8125,0.8708333333333333,0.8115660919540231,0.7692307692307693,1.0,0.625,1.0,5,0,30,3,11
xgboost_pca20_t0_only,t0_only,xgboost,pca,tuned_f1,,20,0.4,0.8947368421052632,0.8416666666666667,0.9583333333333334,0.8874007936507936,0.75,0.75,0.75,0.9333333333333333,6,2,28,2,12
xgboost_pca20_t0_only,t0_only,xgboost,pca,tuned_f1,,20,0.3,0.8421052631578947,0.8582375478927202,0.8352490421455938,0.7817288948867898,0.7272727272727273,0.6153846153846154,0.8888888888888888,0.8275862068965517,8,5,24,1,13
xgboost_pca20_t0_only,t0_only,xgboost,pca,tuned_f1,,20,0.35,0.8157894736842105,0.6877394636015326,0.7586206896551724,0.6250860894339156,0.5333333333333333,0.6666666666666666,0.4444444444444444,0.9310344827586207,4,2,27,5,14
xgboost_pca20_t0_only,t0_only,xgboost,pca,tuned_f1,,20,0.275,0.8421052631578947,0.8199233716475096,0.846743295019157,0.7080285254198297,0.7,0.6363636363636364,0.7777777777777778,0.8620689655172413,7,4,25,2,15
xgboost_pca50_t0_only,t0_only,xgboost,pca,default_0.5,,50,0.5,0.868421052631579,0.6875,0.9208333333333334,0.7976010101010101,0.5454545454545454,1.0,0.375,1.0,3,0,30,5,1
xgboost_pca50_t0_only,t0_only,xgboost,pca,default_0.5,,50,0.5,0.868421052631579,0.6875,0.9791666666666667,0.9519230769230769,0.5454545454545454,1.0,0.375,1.0,3,0,30,5,2
xgboost_pca50_t0_only,t0_only,xgboost,pca,default_0.5,,50,0.5,0.8157894736842105,0.6111111111111112,0.793103448275862,0.7211920024420024,0.36363636363636365,1.0,0.2222222222222222,1.0,2,0,29,7,3
xgboost_pca50_t0_only,t0_only,xgboost,pca,default_0.5,,50,0.5,0.7894736842105263,0.5555555555555556,0.7241379310344828,0.6265772669220946,0.2,1.0,0.1111111111111111,1.0,1,0,29,8,4
xgboost_pca50_t0_only,t0_only,xgboost,pca,default_0.5,,50,0.5,0.8421052631578947,0.7049808429118773,0.9386973180076629,0.8515924888473909,0.5714285714285714,0.8,0.4444444444444444,0.9655172413793104,4,1,28,5,5
xgboost_pca50_t0_only,t0_only,xgboost,pca,default_0.5,,50,0.5,0.8947368421052632,0.7958333333333334,0.9166666666666667,0.8308712121212121,0.7142857142857143,0.8333333333333334,0.625,0.9666666666666667,5,1,29,3,6
xgboost_pca50_t0_only,t0_only,xgboost,pca,default_0.5,,50,0.5,0.8421052631578947,0.625,0.7374999999999999,0.6216466131907309,0.4,1.0,0.25,1.0,2,0,30,6,7
xgboost_pca50_t0_only,t0_only,xgboost,pca,default_0.5,,50,0.5,0.7894736842105263,0.5555555555555556,0.8314176245210727,0.6916666666666667,0.2,1.0,0.1111111111111111,1.0,1,0,29,8,8
xgboost_pca50_t0_only,t0_only,xgboost,pca,default_0.5,,50,0.5,0.8421052631578947,0.6666666666666666,0.7586206896551725,0.6556480231918829,0.5,1.0,0.3333333333333333,1.0,3,0,29,6,9
xgboost_pca50_t0_only,t0_only,xgboost,pca,default_0.5,,50,0.5,0.8157894736842105,0.6111111111111112,0.7777777777777777,0.662136054719175,0.36363636363636365,1.0,0.2222222222222222,1.0,2,0,29,7,10
xgboost_pca50_t0_only,t0_only,xgboost,pca,default_0.5,,50,0.5,0.8421052631578947,0.625,0.9583333333333334,0.8671130952380953,0.4,1.0,0.25,1.0,2,0,30,6,11
xgboost_pca50_t0_only,t0_only,xgboost,pca,default_0.5,,50,0.5,0.9210526315789473,0.8583333333333334,0.9583333333333334,0.900974025974026,0.8,0.8571428571428571,0.75,0.9666666666666667,6,1,29,2,12
xgboost_pca50_t0_only,t0_only,xgboost,pca,default_0.5,,50,0.5,0.8421052631578947,0.6666666666666666,0.846743295019157,0.7224987974987975,0.5,1.0,0.3333333333333333,1.0,3,0,29,6,13
xgboost_pca50_t0_only,t0_only,xgboost,pca,default_0.5,,50,0.5,0.7631578947368421,0.5,0.8045977011494253,0.6735610068943403,0.0,0.0,0.0,1.0,0,0,29,9,14
xgboost_pca50_t0_only,t0_only,xgboost,pca,default_0.5,,50,0.5,0.8157894736842105,0.6111111111111112,0.946360153256705,0.8480158730158731,0.36363636363636365,1.0,0.2222222222222222,1.0,2,0,29,7,15
xgboost_pca50_t0_only,t0_only,xgboost,pca,tuned_f1,,50,0.4,0.8947368421052632,0.7958333333333334,0.9208333333333334,0.7976010101010101,0.7142857142857143,0.8333333333333334,0.625,0.9666666666666667,5,1,29,3,1
xgboost_pca50_t0_only,t0_only,xgboost,pca,tuned_f1,,50,0.3,0.9736842105263158,0.9375,0.9791666666666667,0.9519230769230769,0.9333333333333333,1.0,0.875,1.0,7,0,30,1,2
xgboost_pca50_t0_only,t0_only,xgboost,pca,tuned_f1,,50,0.25,0.8421052631578947,0.7432950191570882,0.793103448275862,0.7211920024420024,0.625,0.7142857142857143,0.5555555555555556,0.9310344827586207,5,2,27,4,3
xgboost_pca50_t0_only,t0_only,xgboost,pca,tuned_f1,,50,0.3,0.8421052631578947,0.7432950191570882,0.7241379310344828,0.6265772669220946,0.625,0.7142857142857143,0.5555555555555556,0.9310344827586207,5,2,27,4,4
xgboost_pca50_t0_only,t0_only,xgboost,pca,tuned_f1,,50,0.3,0.8947368421052632,0.8544061302681992,0.9386973180076629,0.8515924888473909,0.7777777777777778,0.7777777777777778,0.7777777777777778,0.9310344827586207,7,2,27,2,5
xgboost_pca50_t0_only,t0_only,xgboost,pca,tuned_f1,,50,0.4,0.8947368421052632,0.8875,0.9166666666666667,0.8308712121212121,0.7777777777777778,0.7,0.875,0.9,7,3,27,1,6
xgboost_pca50_t0_only,t0_only,xgboost,pca,tuned_f1,,50,0.35,0.868421052631579,0.7333333333333334,0.7374999999999999,0.6216466131907309,0.6153846153846154,0.8,0.5,0.9666666666666667,4,1,29,4,7
xgboost_pca50_t0_only,t0_only,xgboost,pca,tuned_f1,,50,0.225,0.8157894736842105,0.7260536398467433,0.8314176245210727,0.6916666666666667,0.5882352941176471,0.625,0.5555555555555556,0.896551724137931,5,3,26,4,8
xgboost_pca50_t0_only,t0_only,xgboost,pca,tuned_f1,,50,0.4,0.8421052631578947,0.7049808429118773,0.7586206896551725,0.6556480231918829,0.5714285714285714,0.8,0.4444444444444444,0.9655172413793104,4,1,28,5,9
xgboost_pca50_t0_only,t0_only,xgboost,pca,tuned_f1,,50,0.35,0.868421052631579,0.7222222222222222,0.7777777777777777,0.662136054719175,0.6153846153846154,1.0,0.4444444444444444,1.0,4,0,29,5,10
xgboost_pca50_t0_only,t0_only,xgboost,pca,tuned_f1,,50,0.275,0.9210526315789473,0.8583333333333334,0.9583333333333334,0.8671130952380953,0.8,0.8571428571428571,0.75,0.9666666666666667,6,1,29,2,11
xgboost_pca50_t0_only,t0_only,xgboost,pca,tuned_f1,,50,0.45,0.9210526315789473,0.8583333333333334,0.9583333333333334,0.900974025974026,0.8,0.8571428571428571,0.75,0.9666666666666667,6,1,29,2,12
xgboost_pca50_t0_only,t0_only,xgboost,pca,tuned_f1,,50,0.275,0.868421052631579,0.8371647509578544,0.846743295019157,0.7224987974987975,0.7368421052631579,0.7,0.7777777777777778,0.896551724137931,7,3,26,2,13
xgboost_pca50_t0_only,t0_only,xgboost,pca,tuned_f1,,50,0.3,0.868421052631579,0.7222222222222222,0.8045977011494253,0.6735610068943403,0.6153846153846154,1.0,0.4444444444444444,1.0,4,0,29,5,14
xgboost_pca50_t0_only,t0_only,xgboost,pca,tuned_f1,,50,0.3,0.8947368421052632,0.8544061302681992,0.946360153256705,0.8480158730158731,0.7777777777777778,0.7777777777777778,0.7777777777777778,0.9310344827586207,7,2,27,2,15
xgboost_pca10_t1_only,t1_only,xgboost,pca,default_0.5,,10,0.5,0.868421052631579,0.825,0.9583333333333334,0.8741883116883117,0.7058823529411765,0.6666666666666666,0.75,0.9,6,3,27,2,1
xgboost_pca10_t1_only,t1_only,xgboost,pca,default_0.5,,10,0.5,0.868421052631579,0.7791666666666667,0.8583333333333334,0.7383753501400561,0.6666666666666666,0.7142857142857143,0.625,0.9333333333333333,5,2,28,3,2
xgboost_pca10_t1_only,t1_only,xgboost,pca,default_0.5,,10,0.5,0.868421052631579,0.7222222222222222,0.8084291187739463,0.7350552673133319,0.6153846153846154,1.0,0.4444444444444444,1.0,4,0,29,5,3
xgboost_pca10_t1_only,t1_only,xgboost,pca,default_0.5,,10,0.5,0.8157894736842105,0.6494252873563219,0.7854406130268199,0.6303751803751805,0.46153846153846156,0.75,0.3333333333333333,0.9655172413793104,3,1,28,6,4
xgboost_pca10_t1_only,t1_only,xgboost,pca,default_0.5,,10,0.5,0.8947368421052632,0.7777777777777778,0.8544061302681991,0.8355429292929295,0.7142857142857143,1.0,0.5555555555555556,1.0,5,0,29,4,5
xgboost_pca10_t1_only,t1_only,xgboost,pca,default_0.5,,10,0.5,0.8947368421052632,0.7958333333333334,0.9750000000000001,0.9115936147186148,0.7142857142857143,0.8333333333333334,0.625,0.9666666666666667,5,1,29,3,6
xgboost_pca10_t1_only,t1_only,xgboost,pca,default_0.5,,10,0.5,0.8157894736842105,0.6083333333333334,0.8625,0.6649323593073593,0.36363636363636365,0.6666666666666666,0.25,0.9666666666666667,2,1,29,6,7
xgboost_pca10_t1_only,t1_only,xgboost,pca,default_0.5,,10,0.5,0.868421052631579,0.7222222222222222,0.7701149425287356,0.7031976075454336,0.6153846153846154,1.0,0.4444444444444444,1.0,4,0,29,5,8
xgboost_pca10_t1_only,t1_only,xgboost,pca,default_0.5,,10,0.5,0.8421052631578947,0.7049808429118773,0.8659003831417624,0.7119677163794811,0.5714285714285714,0.8,0.4444444444444444,0.9655172413793104,4,1,28,5,9
xgboost_pca10_t1_only,t1_only,xgboost,pca,default_0.5,,10,0.5,0.7631578947368421,0.5766283524904214,0.5938697318007662,0.37507985841319175,0.3076923076923077,0.5,0.2222222222222222,0.9310344827586207,2,2,27,7,10
xgboost_pca10_t1_only,t1_only,xgboost,pca,default_0.5,,10,0.5,0.8421052631578947,0.6708333333333334,0.8833333333333333,0.7253434065934066,0.5,0.75,0.375,0.9666666666666667,3,1,29,5,11
xgboost_pca10_t1_only,t1_only,xgboost,pca,default_0.5,,10,0.5,0.8157894736842105,0.7458333333333333,0.9124999999999999,0.7464046982429335,0.5882352941176471,0.5555555555555556,0.625,0.8666666666666667,5,4,26,3,12
xgboost_pca10_t1_only,t1_only,xgboost,pca,default_0.5,,10,0.5,0.868421052631579,0.7222222222222222,0.7624521072796935,0.7018219832735961,0.6153846153846154,1.0,0.4444444444444444,1.0,4,0,29,5,13
xgboost_pca10_t1_only,t1_only,xgboost,pca,default_0.5,,10,0.5,0.8421052631578947,0.7432950191570882,0.9042145593869733,0.8252152712937026,0.625,0.7142857142857143,0.5555555555555556,0.9310344827586207,5,2,27,4,14
xgboost_pca10_t1_only,t1_only,xgboost,pca,default_0.5,,10,0.5,0.868421052631579,0.7605363984674329,0.9808429118773947,0.9282627865961202,0.6666666666666666,0.8333333333333334,0.5555555555555556,0.9655172413793104,5,1,28,4,15
xgboost_pca10_t1_only,t1_only,xgboost,pca,tuned_f1,,10,0.35,0.868421052631579,0.9166666666666667,0.9583333333333334,0.8741883116883117,0.7619047619047619,0.6153846153846154,1.0,0.8333333333333334,8,5,25,0,1
xgboost_pca10_t1_only,t1_only,xgboost,pca,tuned_f1,,10,0.5,0.868421052631579,0.7791666666666667,0.8583333333333334,0.7383753501400561,0.6666666666666666,0.7142857142857143,0.625,0.9333333333333333,5,2,28,3,2
xgboost_pca10_t1_only,t1_only,xgboost,pca,tuned_f1,,10,0.4,0.8947368421052632,0.7777777777777778,0.8084291187739463,0.7350552673133319,0.7142857142857143,1.0,0.5555555555555556,1.0,5,0,29,4,3
xgboost_pca10_t1_only,t1_only,xgboost,pca,tuned_f1,,10,0.25,0.8157894736842105,0.8026819923371648,0.7854406130268199,0.6303751803751805,0.6666666666666666,0.5833333333333334,0.7777777777777778,0.8275862068965517,7,5,24,2,4
xgboost_pca10_t1_only,t1_only,xgboost,pca,tuned_f1,,10,0.4,0.9210526315789473,0.8716475095785441,0.8544061302681991,0.8355429292929295,0.8235294117647058,0.875,0.7777777777777778,0.9655172413793104,7,1,28,2,5
xgboost_pca10_t1_only,t1_only,xgboost,pca,tuned_f1,,10,0.4,0.9473684210526315,0.9208333333333334,0.9750000000000001,0.9115936147186148,0.875,0.875,0.875,0.9666666666666667,7,1,29,1,6
xgboost_pca10_t1_only,t1_only,xgboost,pca,tuned_f1,,10,0.3,0.868421052631579,0.8708333333333333,0.8625,0.6649323593073593,0.7368421052631579,0.6363636363636364,0.875,0.8666666666666667,7,4,26,1,7
xgboost_pca10_t1_only,t1_only,xgboost,pca,tuned_f1,,10,0.35,0.8421052631578947,0.7816091954022988,0.7701149425287356,0.7031976075454336,0.6666666666666666,0.6666666666666666,0.6666666666666666,0.896551724137931,6,3,26,3,8
xgboost_pca10_t1_only,t1_only,xgboost,pca,tuned_f1,,10,0.2,0.7368421052631579,0.8275862068965517,0.8659003831417624,0.7119677163794811,0.6428571428571429,0.47368421052631576,1.0,0.6551724137931034,9,10,19,0,9
xgboost_pca10_t1_only,t1_only,xgboost,pca,tuned_f1,,10,0.35,0.7631578947368421,0.6915708812260537,0.5938697318007662,0.37507985841319175,0.5263157894736842,0.5,0.5555555555555556,0.8275862068965517,5,5,24,4,10
xgboost_pca10_t1_only,t1_only,xgboost,pca,tuned_f1,,10,0.35,0.8157894736842105,0.8375,0.8833333333333333,0.7253434065934066,0.6666666666666666,0.5384615384615384,0.875,0.8,7,6,24,1,11
xgboost_pca10_t1_only,t1_only,xgboost,pca,tuned_f1,,10,0.45,0.8421052631578947,0.8541666666666667,0.9124999999999999,0.7464046982429335,0.7,0.5833333333333334,0.875,0.8333333333333334,7,5,25,1,12
xgboost_pca10_t1_only,t1_only,xgboost,pca,tuned_f1,,10,0.275,0.8157894736842105,0.8026819923371648,0.7624521072796935,0.7018219832735961,0.6666666666666666,0.5833333333333334,0.7777777777777778,0.8275862068965517,7,5,24,2,13
xgboost_pca10_t1_only,t1_only,xgboost,pca,tuned_f1,,10,0.35,0.868421052631579,0.8371647509578544,0.9042145593869733,0.8252152712937026,0.7368421052631579,0.7,0.7777777777777778,0.896551724137931,7,3,26,2,14
xgboost_pca10_t1_only,t1_only,xgboost,pca,tuned_f1,,10,0.35,0.9473684210526315,0.9655172413793103,0.9808429118773947,0.9282627865961202,0.9,0.8181818181818182,1.0,0.9310344827586207,9,2,27,0,15
xgboost_pca20_t1_only,t1_only,xgboost,pca,default_0.5,,20,0.5,0.868421052631579,0.6875,0.9666666666666667,0.8802579365079366,0.5454545454545454,1.0,0.375,1.0,3,0,30,5,1
xgboost_pca20_t1_only,t1_only,xgboost,pca,default_0.5,,20,0.5,0.8947368421052632,0.8416666666666667,0.8999999999999999,0.756500626566416,0.75,0.75,0.75,0.9333333333333333,6,2,28,2,2
xgboost_pca20_t1_only,t1_only,xgboost,pca,default_0.5,,20,0.5,0.8421052631578947,0.6666666666666666,0.7931034482758621,0.6711429338240933,0.5,1.0,0.3333333333333333,1.0,3,0,29,6,3
xgboost_pca20_t1_only,t1_only,xgboost,pca,default_0.5,,20,0.5,0.7894736842105263,0.5555555555555556,0.789272030651341,0.7585377585377586,0.2,1.0,0.1111111111111111,1.0,1,0,29,8,4
xgboost_pca20_t1_only,t1_only,xgboost,pca,default_0.5,,20,0.5,0.868421052631579,0.7222222222222222,0.9080459770114941,0.8489417989417991,0.6153846153846154,1.0,0.4444444444444444,1.0,4,0,29,5,5
xgboost_pca20_t1_only,t1_only,xgboost,pca,default_0.5,,20,0.5,0.9736842105263158,0.9375,1.0,1.0,0.9333333333333333,1.0,0.875,1.0,7,0,30,1,6
xgboost_pca20_t1_only,t1_only,xgboost,pca,default_0.5,,20,0.5,0.868421052631579,0.6875,0.9416666666666668,0.8715277777777778,0.5454545454545454,1.0,0.375,1.0,3,0,30,5,7
xgboost_pca20_t1_only,t1_only,xgboost,pca,default_0.5,,20,0.5,0.8157894736842105,0.6111111111111112,0.8084291187739463,0.6325968013468013,0.36363636363636365,1.0,0.2222222222222222,1.0,2,0,29,7,8
xgboost_pca20_t1_only,t1_only,xgboost,pca,default_0.5,,20,0.5,0.8157894736842105,0.6111111111111112,0.946360153256705,0.8480158730158731,0.36363636363636365,1.0,0.2222222222222222,1.0,2,0,29,7,9
xgboost_pca20_t1_only,t1_only,xgboost,pca,default_0.5,,20,0.5,0.7894736842105263,0.5555555555555556,0.6168582375478927,0.5272104836620966,0.2,1.0,0.1111111111111111,1.0,1,0,29,8,10
xgboost_pca20_t1_only,t1_only,xgboost,pca,default_0.5,,20,0.5,0.8947368421052632,0.75,0.9208333333333333,0.8472744360902256,0.6666666666666666,1.0,0.5,1.0,4,0,30,4,11
xgboost_pca20_t1_only,t1_only,xgboost,pca,default_0.5,,20,0.5,0.8947368421052632,0.8416666666666667,0.8916666666666667,0.7073412698412698,0.75,0.75,0.75,0.9333333333333333,6,2,28,2,12
xgboost_pca20_t1_only,t1_only,xgboost,pca,default_0.5,,20,0.5,0.868421052631579,0.7222222222222222,0.7854406130268199,0.757581964033577,0.6153846153846154,1.0,0.4444444444444444,1.0,4,0,29,5,13
xgboost_pca20_t1_only,t1_only,xgboost,pca,default_0.5,,20,0.5,0.8157894736842105,0.6494252873563219,0.8199233716475096,0.7014865190696393,0.46153846153846156,0.75,0.3333333333333333,0.9655172413793104,3,1,28,6,14
xgboost_pca20_t1_only,t1_only,xgboost,pca,default_0.5,,20,0.5,0.8421052631578947,0.6666666666666666,0.9616858237547892,0.9210858585858588,0.5,1.0,0.3333333333333333,1.0,3,0,29,6,15
xgboost_pca20_t1_only,t1_only,xgboost,pca,tuned_f1,,20,0.3,0.9473684210526315,0.9666666666666667,0.9666666666666667,0.8802579365079366,0.8888888888888888,0.8,1.0,0.9333333333333333,8,2,28,0,1
xgboost_pca20_t1_only,t1_only,xgboost,pca,tuned_f1,,20,0.5,0.8947368421052632,0.8416666666666667,0.8999999999999999,0.756500626566416,0.75,0.75,0.75,0.9333333333333333,6,2,28,2,2
xgboost_pca20_t1_only,t1_only,xgboost,pca,tuned_f1,,20,0.3,0.868421052631579,0.7222222222222222,0.7931034482758621,0.6711429338240933,0.6153846153846154,1.0,0.4444444444444444,1.0,4,0,29,5,3
xgboost_pca20_t1_only,t1_only,xgboost,pca,tuned_f1,,20,0.25,0.8421052631578947,0.8199233716475096,0.789272030651341,0.7585377585377586,0.7,0.6363636363636364,0.7777777777777778,0.8620689655172413,7,4,25,2,4
xgboost_pca20_t1_only,t1_only,xgboost,pca,tuned_f1,,20,0.3,0.8947368421052632,0.8544061302681992,0.9080459770114941,0.8489417989417991,0.7777777777777778,0.7777777777777778,0.7777777777777778,0.9310344827586207,7,2,27,2,5
xgboost_pca20_t1_only,t1_only,xgboost,pca,tuned_f1,,20,0.45,1.0,1.0,1.0,1.0,1.0,1.0,1.0,1.0,8,0,30,0,6
xgboost_pca20_t1_only,t1_only,xgboost,pca,tuned_f1,,20,0.3,0.9210526315789473,0.9041666666666667,0.9416666666666668,0.8715277777777778,0.8235294117647058,0.7777777777777778,0.875,0.9333333333333333,7,2,28,1,7
xgboost_pca20_t1_only,t1_only,xgboost,pca,tuned_f1,,20,0.2,0.7894736842105263,0.8237547892720306,0.8084291187739463,0.6325968013468013,0.6666666666666666,0.5333333333333333,0.8888888888888888,0.7586206896551724,8,7,22,1,8
xgboost_pca20_t1_only,t1_only,xgboost,pca,tuned_f1,,20,0.275,0.9210526315789473,0.8716475095785441,0.946360153256705,0.8480158730158731,0.8235294117647058,0.875,0.7777777777777778,0.9655172413793104,7,1,28,2,9
xgboost_pca20_t1_only,t1_only,xgboost,pca,tuned_f1,,20,0.275,0.7631578947368421,0.6532567049808429,0.6168582375478927,0.5272104836620966,0.47058823529411764,0.5,0.4444444444444444,0.8620689655172413,4,4,25,5,10
xgboost_pca20_t1_only,t1_only,xgboost,pca,tuned_f1,,20,0.3,0.9210526315789473,0.8583333333333334,0.9208333333333333,0.8472744360902256,0.8,0.8571428571428571,0.75,0.9666666666666667,6,1,29,2,11
xgboost_pca20_t1_only,t1_only,xgboost,pca,tuned_f1,,20,0.45,0.9210526315789473,0.9041666666666667,0.8916666666666667,0.7073412698412698,0.8235294117647058,0.7777777777777778,0.875,0.9333333333333333,7,2,28,1,12
xgboost_pca20_t1_only,t1_only,xgboost,pca,tuned_f1,,20,0.4,0.8947368421052632,0.7777777777777778,0.7854406130268199,0.757581964033577,0.7142857142857143,1.0,0.5555555555555556,1.0,5,0,29,4,13
xgboost_pca20_t1_only,t1_only,xgboost,pca,tuned_f1,,20,0.4,0.868421052631579,0.7605363984674329,0.8199233716475096,0.7014865190696393,0.6666666666666666,0.8333333333333334,0.5555555555555556,0.9655172413793104,5,1,28,4,14
xgboost_pca20_t1_only,t1_only,xgboost,pca,tuned_f1,,20,0.4,0.9473684210526315,0.8888888888888888,0.9616858237547892,0.9210858585858588,0.875,1.0,0.7777777777777778,1.0,7,0,29,2,15
xgboost_pca50_t1_only,t1_only,xgboost,pca,default_0.5,,50,0.5,0.868421052631579,0.6875,0.9666666666666667,0.8976076007326008,0.5454545454545454,1.0,0.375,1.0,3,0,30,5,1
xgboost_pca50_t1_only,t1_only,xgboost,pca,default_0.5,,50,0.5,0.8421052631578947,0.6708333333333334,0.9125000000000001,0.7482638888888888,0.5,0.75,0.375,0.9666666666666667,3,1,29,5,2
xgboost_pca50_t1_only,t1_only,xgboost,pca,default_0.5,,50,0.5,0.8421052631578947,0.6666666666666666,0.8467432950191571,0.7666666666666668,0.5,1.0,0.3333333333333333,1.0,3,0,29,6,3
xgboost_pca50_t1_only,t1_only,xgboost,pca,default_0.5,,50,0.5,0.7894736842105263,0.5555555555555556,0.8582375478927203,0.7698955365622033,0.2,1.0,0.1111111111111111,1.0,1,0,29,8,4
xgboost_pca50_t1_only,t1_only,xgboost,pca,default_0.5,,50,0.5,0.8947368421052632,0.7777777777777778,0.8927203065134101,0.8429894179894182,0.7142857142857143,1.0,0.5555555555555556,1.0,5,0,29,4,5
xgboost_pca50_t1_only,t1_only,xgboost,pca,default_0.5,,50,0.5,0.9473684210526315,0.875,0.9791666666666667,0.9427083333333333,0.8571428571428571,1.0,0.75,1.0,6,0,30,2,6
xgboost_pca50_t1_only,t1_only,xgboost,pca,default_0.5,,50,0.5,0.8157894736842105,0.5625,0.8875000000000001,0.7604978354978355,0.2222222222222222,1.0,0.125,1.0,1,0,30,7,7
xgboost_pca50_t1_only,t1_only,xgboost,pca,default_0.5,,50,0.5,0.7894736842105263,0.5555555555555556,0.842911877394636,0.7219931847382828,0.2,1.0,0.1111111111111111,1.0,1,0,29,8,8
xgboost_pca50_t1_only,t1_only,xgboost,pca,default_0.5,,50,0.5,0.7894736842105263,0.5555555555555556,0.9272030651340997,0.8178182384064738,0.2,1.0,0.1111111111111111,1.0,1,0,29,8,9
xgboost_pca50_t1_only,t1_only,xgboost,pca,default_0.5,,50,0.5,0.7631578947368421,0.5,0.8275862068965517,0.6785954785954786,0.0,0.0,0.0,1.0,0,0,29,9,10
xgboost_pca50_t1_only,t1_only,xgboost,pca,default_0.5,,50,0.5,0.8421052631578947,0.625,0.8708333333333333,0.7254227053140097,0.4,1.0,0.25,1.0,2,0,30,6,11
xgboost_pca50_t1_only,t1_only,xgboost,pca,default_0.5,,50,0.5,0.868421052631579,0.6875,0.9666666666666667,0.8976076007326008,0.5454545454545454,1.0,0.375,1.0,3,0,30,5,12
xgboost_pca50_t1_only,t1_only,xgboost,pca,default_0.5,,50,0.5,0.8157894736842105,0.6494252873563219,0.8697318007662835,0.7709876543209877,0.46153846153846156,0.75,0.3333333333333333,0.9655172413793104,3,1,28,6,13
xgboost_pca50_t1_only,t1_only,xgboost,pca,default_0.5,,50,0.5,0.7894736842105263,0.5938697318007663,0.9157088122605364,0.7810605573763469,0.3333333333333333,0.6666666666666666,0.2222222222222222,0.9655172413793104,2,1,28,7,14
xgboost_pca50_t1_only,t1_only,xgboost,pca,default_0.5,,50,0.5,0.8421052631578947,0.6666666666666666,0.996168582375479,0.9888888888888892,0.5,1.0,0.3333333333333333,1.0,3,0,29,6,15
xgboost_pca50_t1_only,t1_only,xgboost,pca,tuned_f1,,50,0.35,0.9473684210526315,0.9208333333333334,0.9666666666666667,0.8976076007326008,0.875,0.875,0.875,0.9666666666666667,7,1,29,1,1
xgboost_pca50_t1_only,t1_only,xgboost,pca,tuned_f1,,50,0.3,0.8947368421052632,0.8875,0.9125000000000001,0.7482638888888888,0.7777777777777778,0.7,0.875,0.9,7,3,27,1,2
xgboost_pca50_t1_only,t1_only,xgboost,pca,tuned_f1,,50,0.175,0.8157894736842105,0.8026819923371648,0.8467432950191571,0.7666666666666668,0.6666666666666666,0.5833333333333334,0.7777777777777778,0.8275862068965517,7,5,24,2,3
xgboost_pca50_t1_only,t1_only,xgboost,pca,tuned_f1,,50,0.275,0.868421052631579,0.7605363984674329,0.8582375478927203,0.7698955365622033,0.6666666666666666,0.8333333333333334,0.5555555555555556,0.9655172413793104,5,1,28,4,4
xgboost_pca50_t1_only,t1_only,xgboost,pca,tuned_f1,,50,0.275,0.9210526315789473,0.8716475095785441,0.8927203065134101,0.8429894179894182,0.8235294117647058,0.875,0.7777777777777778,0.9655172413793104,7,1,28,2,5
xgboost_pca50_t1_only,t1_only,xgboost,pca,tuned_f1,,50,0.5,0.9473684210526315,0.875,0.9791666666666667,0.9427083333333333,0.8571428571428571,1.0,0.75,1.0,6,0,30,2,6
xgboost_pca50_t1_only,t1_only,xgboost,pca,tuned_f1,,50,0.225,0.868421052631579,0.8708333333333333,0.8875000000000001,0.7604978354978355,0.7368421052631579,0.6363636363636364,0.875,0.8666666666666667,7,4,26,1,7
xgboost_pca50_t1_only,t1_only,xgboost,pca,tuned_f1,,50,0.175,0.7894736842105263,0.7854406130268199,0.842911877394636,0.7219931847382828,0.6363636363636364,0.5384615384615384,0.7777777777777778,0.7931034482758621,7,6,23,2,8
xgboost_pca50_t1_only,t1_only,xgboost,pca,tuned_f1,,50,0.25,0.868421052631579,0.7988505747126436,0.9272030651340997,0.8178182384064738,0.7058823529411765,0.75,0.6666666666666666,0.9310344827586207,6,2,27,3,9
xgboost_pca50_t1_only,t1_only,xgboost,pca,tuned_f1,,50,0.225,0.7894736842105263,0.7471264367816092,0.8275862068965517,0.6785954785954786,0.6,0.5454545454545454,0.6666666666666666,0.8275862068965517,6,5,24,3,10
xgboost_pca50_t1_only,t1_only,xgboost,pca,tuned_f1,,50,0.175,0.7894736842105263,0.8208333333333333,0.8708333333333333,0.7254227053140097,0.6363636363636364,0.5,0.875,0.7666666666666667,7,7,23,1,11
xgboost_pca50_t1_only,t1_only,xgboost,pca,tuned_f1,,50,0.35,0.9473684210526315,0.9208333333333334,0.9666666666666667,0.8976076007326008,0.875,0.875,0.875,0.9666666666666667,7,1,29,1,12
xgboost_pca50_t1_only,t1_only,xgboost,pca,tuned_f1,,50,0.275,0.868421052631579,0.8371647509578544,0.8697318007662835,0.7709876543209877,0.7368421052631579,0.7,0.7777777777777778,0.896551724137931,7,3,26,2,13
xgboost_pca50_t1_only,t1_only,xgboost,pca,tuned_f1,,50,0.25,0.8421052631578947,0.8582375478927202,0.9157088122605364,0.7810605573763469,0.7272727272727273,0.6153846153846154,0.8888888888888888,0.8275862068965517,8,5,24,1,14
xgboost_pca50_t1_only,t1_only,xgboost,pca,tuned_f1,,50,0.3,0.9736842105263158,0.9444444444444444,0.996168582375479,0.9888888888888892,0.9411764705882353,1.0,0.8888888888888888,1.0,8,0,29,1,15
